{"molecule": {"atoms_masses": [15.9949146, 15.9949146, 12.0], "nb_atoms": 3, "starting_geometry": [[0.0, 0.0, 1.188555], [0.0, 0.0, -1.188555], [0.0, 0.0, 0.0]], "atoms_Z": [8, 8, 6], "atoms_Zeff": [-5.6, -5.6, -3.6], "multiplicity": 1, "chirality": false, "nuclear_spins": [0.0, 0.0, 0.0], "nuclear_QMom": [0.0, 0.0, 0.0], "connectivity": {"bond_orders": [2, 2, 2, 2], "atom_pairs": [[0, 2], [1, 2], [2, 0], [2, 1]]}, "charge": 0, "can": "O=C=O", "smi": "O=C=O", "starting_nuclear_repulsion": 56.98886, "inchi": "InChI=1S/CO2/c2-1-3", "formula": "CO2", "nuclear_gfactors": [0.0, 0.0, 0.0], "starting_energy": -188.337154661, "nb_heavy_atoms": 3, "atoms_valence": [1, 1, 2], "monoisotopic_mass": 43.98982924}, "results": {"geometry": {"geometric_values": [[0.0, 0.0, 0.0, 0.0]], "nuclear_repulsion_energy_from_xyz": 56.98886, "elements_3D_coords_converged": [0.0, 0.0, 1.188555, 0.0, 0.0, -1.188555, 0.0, 0.0, 0.0], "OPT_DONE": true}, "excited_states": {}, "freq": {"electronic_thermal_energy": -188.323364, "vibrational_freq": [628.9408, 628.9408, 1294.4366, 2332.9917], "zero_point_energy": -188.326025, "enthalpy": -188.322419, "polarizabilities": [[6.761, 0.0, 0.0], [0.0, 6.761, 0.0], [0.0, 0.0, 25.075]], "entropy": 8.1707e-05, "vibrational_sym": ["PIU", "PIU", "SGG", "SGU"], "vibration_disp": [[[0.30109, -0.13841, 0.0], [0.30109, -0.13841, 0.0], [-0.80264, 0.36898, 0.0]], [[0.13841, 0.30109, 0.0], [0.13841, 0.30109, 0.0], [-0.36898, -0.80264, 0.0]], [[0.0, 0.0, 0.70711], [0.0, 0.0, -0.70711], [0.0, 0.0, 0.0]], [[0.0, 0.0, 0.33138], [0.0, 0.0, 0.33138], [0.0, 0.0, -0.88339]]], "vibrational_int": [29.1044, 29.1044, 0.0, 613.913], "free_energy": -188.34678}, "wavefunction": {"Mulliken_partial_charges": [-0.192268, -0.192268, 0.384537], "MO_number": 30, "homo_indexes": [10], "SCF_values": [5.71e-10, 5.42e-09, null], "MO_number_kept": 30, "total_molecular_energy": -188.337154661, "MO_energies": [[-525.8303556815456, -525.8298114538445, -284.5899984315745, -33.1867330931295, -32.106168992794004, -15.930905377522501, -14.894695834818501, -14.894695834818501, -14.551288155487498, -10.6274064312775, -10.6274064312775, -0.007619187814, -0.007619187814, 1.3374395752075, 7.1018993841995, 7.1018993841995, 7.1165935321265, 14.122164613249, 16.277850536909998, 16.455268767436003, 18.097475855203502, 18.097475855203502, 22.633613743038502, 22.633613743038502, 25.190395482336502, 42.788814535723, 43.109908879313004, 614.89022569784, 1139.217152355373, 1139.4851844981156]], "virial_ratio": [2.0039], "MO_sym": [["sigma.u", "sigma.g", "sigma.g", "sigma.g", "sigma.u", "sigma.g", "pi.u", "pi.u", "sigma.u", "pi.g", "pi.g", "pi.u", "pi.u", "sigma.g", "pi.u", "pi.u", "sigma.u", "sigma.g", "sigma.g", "sigma.u", "pi.g", "pi.g", "pi.u", "pi.u", "sigma.u", "sigma.g", "sigma.u", "sigma.g", "sigma.g", "sigma.u"]]}}, "comp_details": {"geometry": {"geometric_targets": [0.00045, 0.0003, 0.0018, 0.0012]}, "excited_states": {}, "freq": {"temperature": 298.15}, "general": {"scf_targets": [[1e-08, 1e-06, 1e-06]], "list_theory": ["DFT"], "solvent": "Gas", "package": "Gaussian", "integration_grid": "Default", "package_version": "09revisionD.01", "basis_set_size": 30, "job_type": ["FREQ", "OPT"], "functional": "PBE1PBE", "is_closed_shell": "True", "core_electrons_per_atoms": [0, 0, 0], "basis_set_md5": "49b421a616cdba0f9f712faf63842a3b", "basis_set": "(lp0\n(lp1\n(VS\np2\n(lp3\n(F7816.54\nF0.002030998165\ntp4\na(F1175.82\nF0.01543598605\ntp5\na(F273.188\nF0.07377093334\ntp6\na(F81.1696\nF0.2476057763\ntp7\na(F27.1836\nF0.6118314472\ntp8\na(F3.4136\nF0.2412047821\ntp9\natp10\na(g2\n(lp11\n(F9.5322\nF1.0\ntp12\natp13\na(g2\n(lp14\n(F0.9398\nF1.0\ntp15\natp16\na(g2\n(lp17\n(F0.2846\nF1.0\ntp18\natp19\na(VP\np20\n(lp21\n(F35.1832\nF0.01957998252\ntp22\na(F7.904\nF0.1241888891\ntp23\na(F2.3051\nF0.3947266476\ntp24\na(F0.7171\nF0.6273744399\ntp25\natp26\na(g20\n(lp27\n(F0.2137\nF1.0\ntp28\natp29\naa(lp30\n(g2\n(lp31\n(F7816.54\nF0.002030998165\ntp32\na(F1175.82\nF0.01543598605\ntp33\na(F273.188\nF0.07377093334\ntp34\na(F81.1696\nF0.2476057763\ntp35\na(F27.1836\nF0.6118314472\ntp36\na(F3.4136\nF0.2412047821\ntp37\natp38\na(g2\n(lp39\n(F9.5322\nF1.0\ntp40\natp41\na(g2\n(lp42\n(F0.9398\nF1.0\ntp43\natp44\na(g2\n(lp45\n(F0.2846\nF1.0\ntp46\natp47\na(g20\n(lp48\n(F35.1832\nF0.01957998252\ntp49\na(F7.904\nF0.1241888891\ntp50\na(F2.3051\nF0.3947266476\ntp51\na(F0.7171\nF0.6273744399\ntp52\natp53\na(g20\n(lp54\n(F0.2137\nF1.0\ntp55\natp56\naa(lp57\n(g2\n(lp58\n(F4232.61\nF0.002029000503\ntp59\na(F634.882\nF0.01553500385\ntp60\na(F146.097\nF0.0754110187\ntp61\na(F42.4974\nF0.2571210638\ntp62\na(F14.1892\nF0.596555148\ntp63\na(F1.9666\nF0.2425170602\ntp64\natp65\na(g2\n(lp66\n(F5.1477\nF1.0\ntp67\natp68\na(g2\n(lp69\n(F0.4962\nF1.0\ntp70\natp71\na(g2\n(lp72\n(F0.1533\nF1.0\ntp73\natp74\na(g20\n(lp75\n(F18.1557\nF0.01853400257\ntp76\na(F3.9864\nF0.115442016\ntp77\na(F1.1429\nF0.3862060535\ntp78\na(F0.3594\nF0.6400890887\ntp79\natp80\na(g20\n(lp81\n(F0.1146\nF1.0\ntp82\natp83\naa.", "last_theory": "DFT", "all_unique_theory": ["DFT"]}}, "metadata": {"archivable_for_new_entry": "False", "archivable": "True", "parser_version": "v7.1", "log_file": "freq.log"}}
