{"molecule": {"atoms_masses": [15.9949146, 15.9949146, 12.0], "nb_atoms": 3, "starting_geometry": [[0.0, 0.0, 1.197], [0.0, 0.0, -1.197], [0.0, 0.0, 0.0]], "atoms_Z": [8, 8, 6], "atoms_Zeff": [0.0, 0.0, 0.0], "multiplicity": 1, "chirality": false, "nuclear_spins": [0.0, 0.0, 0.0], "nuclear_QMom": [0.0, 0.0, 0.0], "connectivity": {"bond_orders": [2, 2, 2, 2], "atom_pairs": [[0, 2], [1, 2], [2, 0], [2, 1]]}, "charge": 0, "can": "O=C=O", "smi": "O=C=O", "starting_nuclear_repulsion": 56.58704, "inchi": "InChI=1S/CO2/c2-1-3", "formula": "CO2", "nuclear_gfactors": [0.0, 0.0, 0.0], "starting_energy": -188.336901371, "nb_heavy_atoms": 3, "atoms_valence": [1, 1, 2], "monoisotopic_mass": 43.98982924}, "results": {"geometry": {"geometric_values": [[0.015718, 0.011114, 0.014774, 0.010447], [0.001198, 0.000847, 0.001184, 0.000837], [0.0, 0.0, 0.0, 0.0]], "nuclear_repulsion_energy_from_xyz": 56.98886, "elements_3D_coords_converged": [0.0, 0.0, 1.188555, 0.0, 0.0, -1.188555, 0.0, 0.0, 0.0], "OPT_DONE": true}, "excited_states": {}, "freq": {}, "wavefunction": {"Mulliken_partial_charges": [-0.192268, -0.192268, 0.384536], "MO_number": 30, "homo_indexes": [10], "SCF_values": [9.32e-09, 1.05e-07, -3e-11], "MO_number_kept": 30, "total_molecular_energy": -188.337154661, "MO_energies": [[-525.8303556815456, -525.8298114538445, -284.5899984315745, -33.1867330931295, -32.106168992794004, -15.930905377522501, -14.894695834818501, -14.894695834818501, -14.551288155487498, -10.6274064312775, -10.6274064312775, -0.007619187814, -0.007619187814, 1.3374395752075, 7.1018993841995, 7.1018993841995, 7.1165935321265, 14.122164613249, 16.277850536909998, 16.455268767436003, 18.097475855203502, 18.097475855203502, 22.633613743038502, 22.633613743038502, 25.190395482336502, 42.788814535723, 43.109908879313004, 614.89022569784, 1139.217152355373, 1139.4851844981156]], "MO_coefs": [[[0.4106, 0.32516, -0.4106, -0.32516, 0.4106, 0.32516, 0.4106, 0.32516, 0.60028, 0.43527, -0.08324, -0.1121, 0.32569, 0.24421, -0.16136, -0.08324, -0.1121, 0.32569, 0.24421, 0.16136, -0.09707, -0.1223, 0.3472, -0.09092, -0.12254, 0.36241, 0.17554, -0.15344, 0.09092, 0.12254, -0.36241, -0.17554, -0.15344, 0.39623, 0.08364, -0.24783, -0.3172, -0.34456, -0.11137, 0.08364, -0.24783, -0.3172, 0.34456, 0.11137, -0.08905, -0.11817, 0.40588, 0.12005, 0.39287, 0.11828, 0.39287, 0.11828, 0.50112, 0.08463, 0.39287, 0.11828, 0.39287, 0.11828, 0.50112, 0.08463, 0.06322, -0.18654, -0.28586, -0.42812, -0.08256, -0.06322, 0.18654, 0.28586, -0.42812, -0.08256, 0.42965, -0.0883, 0.54229, 0.26823, -0.54229, -0.26823, 0.54229, 0.26823, -0.54229, -0.26823, -0.43423, -0.34879, -0.43423, -0.34879, 0.75435, 0.4799, -0.43423, -0.34879, -0.43423, -0.34879, 0.75435, 0.4799, -0.18459, -0.77555, 0.36257, 0.44962, -0.18459, -0.77555, -0.36257, -0.44962, -0.06526, 0.0676, 2.07714, -0.17045, -0.06757, -0.17045, -0.7821, 1.34904, -0.17045, -0.06757, -0.17045, -0.7821, 1.34904, -0.09026, -1.24755, -0.08986, 0.17591, 0.09026, 1.24755, -0.08986, 0.17591, 2.09677, -0.35251, -0.49348, 0.23073, -0.35251, 0.49348, -0.23073, 0.16057, 0.24757, -1.59417, 1.71468, -0.4718, -0.42386, 1.15378, -0.4718, 0.42386, -1.15378, -0.09847, 1.06536, 0.73779, -0.079, -0.37199, -0.08299, 1.17277, 0.37199, -0.08299, 1.17277, 1.12098, -0.52429, -0.62608, 0.83888, 0.62608, -0.83888, -0.62608, 0.83888, 0.62608, -0.83888, -0.61657, 1.29244, -0.61657, 1.29244, -1.20528, -0.61657, 1.29244, -0.61657, 1.29244, -1.20528, -0.34908, -0.25726, 0.75729, -0.38277, 0.34908, 0.25726, 0.75729, -0.38277, 1.09344, 0.14352, -1.52804, 2.64625, -0.94478, -1.52804, 2.64625, 0.94478, -0.55185, -2.61047, -1.49526, 2.87974, -0.18134, -0.29832, 1.49526, -2.87974, -0.18134, -0.29832, -0.63264, -1.81354, -0.06121, 0.06121, -1.76151, 1.92516, -0.40875, 0.09661, -1.22388, 1.33204, -0.31327, 0.34125, -1.22388, 1.33204, -0.31327, 0.34125, -0.31289, -1.22386, 1.33244, -0.31265, 0.34239, 1.22386, -1.33244, 0.31265, -0.34239], [0, 1, 10, 11, 0, 1, 10, 11, 20, 21, 0, 1, 2, 3, 6, 10, 11, 12, 13, 16, 20, 21, 22, 0, 1, 2, 3, 6, 10, 11, 12, 13, 16, 26, 1, 2, 3, 6, 9, 11, 12, 13, 16, 19, 20, 21, 22, 23, 5, 8, 15, 18, 25, 28, 4, 7, 14, 17, 24, 27, 1, 2, 3, 6, 9, 11, 12, 13, 16, 19, 26, 29, 4, 7, 14, 17, 5, 8, 15, 18, 5, 8, 15, 18, 25, 28, 4, 7, 14, 17, 24, 27, 2, 3, 6, 9, 12, 13, 16, 19, 21, 22, 23, 8, 15, 18, 25, 28, 7, 14, 17, 24, 27, 2, 3, 6, 9, 12, 13, 16, 19, 29, 3, 6, 9, 13, 16, 19, 20, 21, 22, 23, 3, 6, 9, 13, 16, 19, 21, 22, 23, 2, 3, 6, 9, 13, 16, 19, 26, 29, 5, 8, 15, 18, 4, 7, 14, 17, 4, 7, 14, 17, 27, 5, 8, 15, 18, 28, 2, 3, 6, 9, 12, 13, 16, 19, 26, 29, 2, 3, 9, 12, 13, 19, 22, 23, 2, 3, 6, 9, 12, 13, 16, 19, 26, 29, 9, 19, 20, 21, 22, 23, 0, 1, 2, 3, 10, 11, 12, 13, 23, 0, 1, 2, 3, 10, 11, 12, 13], [0, 4, 8, 10, 23, 34, 48, 54, 60, 72, 76, 80, 86, 92, 103, 108, 113, 122, 132, 141, 150, 154, 158, 163, 168, 178, 186, 196, 202, 211, 219]]], "virial_ratio": [2.0042, 2.0039, 2.0039], "MO_sym": [["sigma.u", "sigma.g", "sigma.g", "sigma.g", "sigma.u", "sigma.g", "pi.u", "pi.u", "sigma.u", "pi.g", "pi.g", "pi.u", "pi.u", "sigma.g", "sigma.u", "pi.u", "pi.u", "sigma.g", "sigma.g", "sigma.u", "pi.g", "pi.g", "pi.u", "pi.u", "sigma.u", "sigma.g", "sigma.u", "sigma.g", "sigma.g", "sigma.u"]]}}, "comp_details": {"geometry": {"geometric_targets": [0.00045, 0.0003, 0.0018, 0.0012]}, "excited_states": {}, "freq": {}, "general": {"scf_targets": [[1e-08, 1e-06, 1e-06], [1e-08, 1e-06, 1e-06], [1e-08, 1e-06, 1e-06]], "list_theory": ["DFT"], "solvent": "Gas", "package": "Gaussian", "integration_grid": "Default", "package_version": "09revisionD.01", "basis_set_size": 30, "job_type": ["OPT"], "functional": "PBE1PBE", "is_closed_shell": "True", "core_electrons_per_atoms": [0, 0, 0], "basis_set_md5": "49b421a616cdba0f9f712faf63842a3b", "basis_set": "(lp0\n(lp1\n(VS\np2\n(lp3\n(F7816.54\nF0.002030998165\ntp4\na(F1175.82\nF0.01543598605\ntp5\na(F273.188\nF0.07377093334\ntp6\na(F81.1696\nF0.2476057763\ntp7\na(F27.1836\nF0.6118314472\ntp8\na(F3.4136\nF0.2412047821\ntp9\natp10\na(g2\n(lp11\n(F9.5322\nF1.0\ntp12\natp13\na(g2\n(lp14\n(F0.9398\nF1.0\ntp15\natp16\na(g2\n(lp17\n(F0.2846\nF1.0\ntp18\natp19\na(VP\np20\n(lp21\n(F35.1832\nF0.01957998252\ntp22\na(F7.904\nF0.1241888891\ntp23\na(F2.3051\nF0.3947266476\ntp24\na(F0.7171\nF0.6273744399\ntp25\natp26\na(g20\n(lp27\n(F0.2137\nF1.0\ntp28\natp29\naa(lp30\n(g2\n(lp31\n(F7816.54\nF0.002030998165\ntp32\na(F1175.82\nF0.01543598605\ntp33\na(F273.188\nF0.07377093334\ntp34\na(F81.1696\nF0.2476057763\ntp35\na(F27.1836\nF0.6118314472\ntp36\na(F3.4136\nF0.2412047821\ntp37\natp38\na(g2\n(lp39\n(F9.5322\nF1.0\ntp40\natp41\na(g2\n(lp42\n(F0.9398\nF1.0\ntp43\natp44\na(g2\n(lp45\n(F0.2846\nF1.0\ntp46\natp47\na(g20\n(lp48\n(F35.1832\nF0.01957998252\ntp49\na(F7.904\nF0.1241888891\ntp50\na(F2.3051\nF0.3947266476\ntp51\na(F0.7171\nF0.6273744399\ntp52\natp53\na(g20\n(lp54\n(F0.2137\nF1.0\ntp55\natp56\naa(lp57\n(g2\n(lp58\n(F4232.61\nF0.002029000503\ntp59\na(F634.882\nF0.01553500385\ntp60\na(F146.097\nF0.0754110187\ntp61\na(F42.4974\nF0.2571210638\ntp62\na(F14.1892\nF0.596555148\ntp63\na(F1.9666\nF0.2425170602\ntp64\natp65\na(g2\n(lp66\n(F5.1477\nF1.0\ntp67\natp68\na(g2\n(lp69\n(F0.4962\nF1.0\ntp70\natp71\na(g2\n(lp72\n(F0.1533\nF1.0\ntp73\natp74\na(g20\n(lp75\n(F18.1557\nF0.01853400257\ntp76\na(F3.9864\nF0.115442016\ntp77\na(F1.1429\nF0.3862060535\ntp78\na(F0.3594\nF0.6400890887\ntp79\natp80\na(g20\n(lp81\n(F0.1146\nF1.0\ntp82\natp83\naa.", "last_theory": "DFT", "basis_set_name": "SDD", "all_unique_theory": ["DFT"]}}, "metadata": {"archivable_for_new_entry": "True", "archivable": "True", "parser_version": "v7.1", "log_file": "OPT.log"}}
