{"molecule": {"atoms_masses": [15.9949146, 15.9949146, 12.0], "nb_atoms": 3, "starting_geometry": [[0.0, 0.0, 1.188555], [0.0, 0.0, -1.188555], [0.0, 0.0, 0.0]], "atoms_Z": [8, 8, 6], "atoms_Zeff": [-5.6, -5.6, -3.6], "multiplicity": 2, "chirality": false, "nuclear_spins": [0.0, 0.0, 0.0], "nuclear_QMom": [0.0, 0.0, 0.0], "connectivity": {"bond_orders": [2, 2, 2, 2], "atom_pairs": [[0, 2], [1, 2], [2, 0], [2, 1]]}, "charge": -1, "can": "O=C=O", "smi": "O=C=O", "starting_nuclear_repulsion": 56.98886, "inchi": "InChI=1S/CO2/c2-1-3", "formula": "CO2-", "nuclear_gfactors": [0.0, 0.0, 0.0], "starting_energy": -188.22341620400002, "nb_heavy_atoms": 3, "atoms_valence": [1, 1, 2], "monoisotopic_mass": 43.98982924}, "results": {"geometry": {"nuclear_repulsion_energy_from_xyz": 56.98886, "elements_3D_coords_converged": [0.0, 0.0, 1.188555, 0.0, 0.0, -1.188555, 0.0, 0.0, 0.0]}, "excited_states": {}, "freq": {}, "wavefunction": {"SCF_values": [1.58e-09, 2.7e-08, -3.13e-13], "MO_number": 30, "homo_indexes": [11, 10], "virial_ratio": [1.9997], "MO_number_kept": 30, "total_molecular_energy": -188.22341620400002, "MO_energies": [[-515.7947968751056, -515.794524761255, -273.30570916518997, -23.5027453815355, -22.356057615528503, -7.048292955650999, -6.0368457733425, -5.6580632934465, -5.524455392851, -2.2092923522095, -1.6411186323655, 6.156031639861499, 8.976763814144501, 9.2973139300335, 13.714810179050499, 14.067741843149, 14.437272452128001, 23.052396958958003, 23.564787339449502, 24.2178605806495, 25.824148640150998, 25.9278240171915, 29.985313641997, 30.1118465824795, 35.0267669502105, 51.1244781180895, 51.289106997642, 626.089343329018, 1149.205363351826, 1149.4728512668676], [-515.6119363675695, -515.6113921398685, -272.9723696983275, -23.005865490522503, -22.028160425676003, -6.4820240327605, -5.3962897692655, -5.2773760165970005, -4.6283844831545, -1.5194837411920001, -0.917023676185, 9.35527418019, 9.958550586748501, 10.1272611740585, 13.771681973805, 14.711291099581501, 15.3295337679175, 23.424648706442003, 24.068742190575502, 24.315005225278, 25.994219796713498, 26.437221145327502, 30.200283583892, 30.5896785039575, 35.394936989937, 51.379448796008, 51.480947262244506, 626.402274257093, 1149.37080857293, 1149.638568601822]], "MO_coefs": [[[0.41054, 0.32514, -0.41054, -0.32514, 0.41055, 0.32514, 0.41055, 0.32514, 0.59987, 0.43522, -0.08384, -0.11284, 0.32526, 0.24548, -0.15039, -0.08384, -0.11284, 0.32526, 0.24548, 0.15039, -0.09452, -0.11884, 0.32513, -0.09197, -0.12389, 0.36309, 0.18796, -0.14132, 0.09197, 0.12389, -0.36309, -0.18796, -0.14132, 0.37307, 0.07838, -0.22666, -0.31099, -0.33915, -0.14263, 0.07838, -0.22666, -0.31099, 0.33915, 0.14263, -0.0888, -0.11719, 0.37691, 0.11262, 0.38383, 0.11939, 0.38383, 0.11939, 0.47656, 0.12614, 0.3839, 0.13109, 0.3839, 0.13109, 0.45551, 0.12881, -0.0557, 0.1624, 0.2458, 0.42523, 0.11876, 0.0557, -0.1624, -0.2458, 0.42523, 0.11876, -0.41592, 0.12674, 0.53147, 0.28258, -0.53147, -0.28258, 0.51904, 0.29872, -0.51904, -0.29872, -0.42676, -0.39349, -0.42676, -0.39349, 0.68194, 0.6213, -0.41179, -0.4292, -0.41179, -0.4292, 0.6104, 0.75756, 0.06195, -0.16057, -0.86781, 0.30376, 0.52663, -0.16057, -0.86781, -0.30376, -0.52663, 2.28155, -0.05743, -1.33235, -0.10863, 0.20715, 1.33235, -0.10863, 0.20715, 0.1051, 2.12636, -0.18551, -0.18551, -0.85886, 1.33719, -0.13681, -0.13681, -0.92312, 1.26179, -0.45004, -0.64106, 0.57815, -0.45004, 0.64106, -0.57815, 0.13539, 0.20427, -1.12634, 1.69237, -0.0964, -0.32576, -0.24197, 0.99686, -0.0964, -0.32576, 0.24197, -0.99686, -0.109, -0.18217, 1.56194, -0.28922, -0.1686, 1.19386, 0.28922, -0.1686, 1.19386, 1.01218, -0.60383, -0.63529, 0.83415, 0.63529, -0.83415, -0.64549, 0.82851, 0.64549, -0.82851, -0.63059, 1.27734, -0.63059, 1.27734, -1.14895, -0.64084, 1.27082, -0.64084, 1.27082, -1.15216, -0.35525, -0.30611, 0.744, -0.26501, 0.35525, 0.30611, 0.744, -0.26501, 1.19902, 0.11647, -1.53241, 2.62542, -0.93076, -1.53241, 2.62542, 0.93076, -0.56149, -2.55635, -1.49872, 2.8493, -0.18332, -0.30977, 1.49872, -2.8493, -0.18332, -0.30977, -0.64351, -1.75308, -0.06092, 0.06092, -1.7617, 1.92493, -0.40755, 0.09623, -1.22391, 1.332, -0.31299, 0.34075, -1.22391, 1.332, -0.31299, 0.34075, -0.31233, -1.22389, 1.3324, -0.31235, 0.3418, 1.22389, -1.3324, 0.31235, -0.3418], [0, 1, 10, 11, 0, 1, 10, 11, 20, 21, 0, 1, 2, 3, 6, 10, 11, 12, 13, 16, 20, 21, 22, 0, 1, 2, 3, 6, 10, 11, 12, 13, 16, 26, 1, 2, 3, 6, 9, 11, 12, 13, 16, 19, 20, 21, 22, 23, 5, 8, 15, 18, 25, 28, 4, 7, 14, 17, 24, 27, 1, 2, 3, 6, 9, 11, 12, 13, 16, 19, 26, 29, 5, 8, 15, 18, 4, 7, 14, 17, 5, 8, 15, 18, 25, 28, 4, 7, 14, 17, 24, 27, 1, 2, 3, 6, 9, 12, 13, 16, 19, 23, 2, 3, 6, 9, 13, 16, 19, 26, 29, 8, 18, 25, 28, 7, 17, 24, 27, 3, 6, 9, 13, 16, 19, 20, 21, 22, 23, 2, 3, 6, 9, 12, 13, 16, 19, 20, 21, 22, 3, 6, 9, 13, 16, 19, 26, 29, 5, 8, 15, 18, 4, 7, 14, 17, 5, 8, 15, 18, 28, 4, 7, 14, 17, 27, 2, 3, 6, 9, 12, 13, 16, 19, 26, 29, 2, 3, 9, 12, 13, 19, 22, 23, 2, 3, 6, 9, 12, 13, 16, 19, 26, 29, 9, 19, 20, 21, 22, 23, 0, 1, 2, 3, 10, 11, 12, 13, 23, 0, 1, 2, 3, 10, 11, 12, 13], [0, 4, 8, 10, 23, 34, 48, 54, 60, 72, 76, 80, 86, 92, 102, 111, 115, 119, 129, 140, 148, 152, 156, 161, 166, 176, 184, 194, 200, 209, 217]], [[0.41066, 0.32512, -0.41066, -0.32512, 0.41066, 0.32512, 0.41066, 0.32512, 0.60043, 0.43514, -0.0841, -0.11311, 0.32374, 0.25705, -0.15556, -0.0841, -0.11311, 0.32374, 0.25705, 0.15556, -0.09262, -0.11585, 0.31148, -0.09121, -0.12278, 0.35833, 0.18766, -0.14612, 0.09121, 0.12278, -0.35833, -0.18766, -0.14612, 0.37595, 0.07561, -0.21866, -0.28689, -0.35368, -0.15909, 0.07561, -0.21866, -0.28689, 0.35368, 0.15909, -0.08571, -0.1123, 0.35562, 0.06209, 0.3879, 0.13782, 0.3879, 0.13782, 0.44097, 0.12624, -0.05587, 0.16181, 0.24088, 0.42548, 0.12306, 0.05587, -0.16181, -0.24088, 0.42548, 0.12306, -0.40422, 0.13548, 0.39091, 0.14462, 0.39091, 0.14462, 0.42108, 0.13064, 0.51663, 0.30181, -0.51663, -0.30181, 0.51225, 0.30739, -0.51225, -0.30739, -0.40554, -0.43306, -0.40554, -0.43306, 0.59546, 0.78933, 0.06378, -0.16788, -0.87492, 0.28066, 0.52907, -0.16788, -0.87492, -0.28066, -0.52907, 2.30757, -0.39507, -0.44833, -0.39507, -0.44833, 0.54514, 0.87062, -1.33694, -0.11164, 0.2017, 1.33694, -0.11164, 0.2017, 0.09907, 2.13123, -0.12262, -0.12262, -0.94005, 1.23859, -0.09791, -0.09791, -0.97913, 1.18768, -0.54928, -0.67021, 1.02684, -0.54928, 0.67021, -1.02684, -0.08281, 1.43537, -0.12831, 0.14887, 0.52197, -0.12831, -0.14887, -0.52197, -0.16732, -0.26667, 1.93205, -0.81842, -0.29915, -0.17886, 1.1981, 0.29915, -0.17886, 1.1981, 1.00124, -0.59143, -0.64742, 0.82739, 0.64742, -0.82739, -0.65089, 0.82533, 0.65089, -0.82533, -0.6424, 1.27024, -0.6424, 1.27024, -1.15628, -0.64674, 1.26633, -0.64674, 1.26633, -1.15084, -0.354, -0.31955, 0.74022, -0.25039, 0.354, 0.31955, 0.74022, -0.25039, 1.214, 0.11826, -1.53331, 2.62561, -0.92725, -1.53331, 2.62561, 0.92725, -0.55455, -2.56279, -1.50057, 2.84509, -0.18274, -0.30757, 1.50057, -2.84509, -0.18274, -0.30757, -0.63926, -1.75062, -0.06093, 0.06093, -1.76154, 1.92508, -0.40782, 0.09617, -1.22388, 1.33203, -0.313, 0.34073, -1.22388, 1.33203, -0.313, 0.34073, -0.31234, -1.22386, 1.33242, -0.31236, 0.34175, 1.22386, -1.33242, 0.31236, -0.34175], [0, 1, 10, 11, 0, 1, 10, 11, 20, 21, 0, 1, 2, 3, 6, 10, 11, 12, 13, 16, 20, 21, 22, 0, 1, 2, 3, 6, 10, 11, 12, 13, 16, 26, 1, 2, 3, 6, 9, 11, 12, 13, 16, 19, 20, 21, 22, 23, 4, 7, 14, 17, 24, 27, 1, 2, 3, 6, 9, 11, 12, 13, 16, 19, 26, 29, 5, 8, 15, 18, 25, 28, 4, 7, 14, 17, 5, 8, 15, 18, 4, 7, 14, 17, 24, 27, 1, 2, 3, 6, 9, 12, 13, 16, 19, 23, 5, 8, 15, 18, 25, 28, 3, 6, 9, 13, 16, 19, 26, 29, 7, 17, 24, 27, 8, 18, 25, 28, 3, 6, 9, 13, 16, 19, 22, 23, 2, 6, 9, 12, 16, 19, 20, 21, 22, 23, 3, 6, 9, 13, 16, 19, 26, 29, 4, 7, 14, 17, 5, 8, 15, 18, 4, 7, 14, 17, 27, 5, 8, 15, 18, 28, 2, 3, 6, 9, 12, 13, 16, 19, 26, 29, 2, 3, 9, 12, 13, 19, 22, 23, 2, 3, 6, 9, 12, 13, 16, 19, 26, 29, 9, 19, 20, 21, 22, 23, 0, 1, 2, 3, 10, 11, 12, 13, 23, 0, 1, 2, 3, 10, 