{"molecule": {"atoms_masses": [15.9949146, 15.9949146, 12.0], "nb_atoms": 3, "starting_geometry": [[0.0, 0.0, 1.188555], [0.0, 0.0, -1.188555], [0.0, 0.0, 0.0]], "atoms_Z": [8, 8, 6], "atoms_Zeff": [-5.6, -5.6, -3.6], "multiplicity": 2, "chirality": false, "nuclear_spins": [0.0, 0.0, 0.0], "nuclear_QMom": [0.0, 0.0, 0.0], "connectivity": {"bond_orders": [2, 2, 2, 2], "atom_pairs": [[0, 2], [1, 2], [2, 0], [2, 1]]}, "charge": 1, "can": "O=C=O", "smi": "O=C=O", "starting_nuclear_repulsion": 56.98886, "inchi": "InChI=1S/CO2/c2-1-3", "formula": "CO2+", "nuclear_gfactors": [0.0, 0.0, 0.0], "starting_energy": -187.834197627, "nb_heavy_atoms": 3, "atoms_valence": [1, 1, 2], "monoisotopic_mass": 43.98982924}, "results": {"geometry": {"nuclear_repulsion_energy_from_xyz": 56.98886, "elements_3D_coords_converged": [0.0, 0.0, 1.188555, 0.0, 0.0, -1.188555, 0.0, 0.0, 0.0]}, "excited_states": {}, "freq": {}, "wavefunction": {"SCF_values": [5.49e-09, 9.45e-08, -2.64e-12], "MO_number": 30, "homo_indexes": [10, 9], "virial_ratio": [2.003], "MO_number_kept": 30, "total_molecular_energy": -187.834197627, "MO_energies": [[-537.4316575837626, -537.431385469912, -294.4933099066715, -43.952373360461, -43.142562541373, -26.049458908365, -25.578157719299, -24.80045633457, -24.7326999857955, -22.3576902986315, -20.971814458035002, -10.0238579108685, -9.5754142852445, -7.5258527632784995, 0.015782603329, 0.11673684186450001, 0.18585375989150002, 5.098869330669, 8.3166156128315, 8.6311792240095, 9.057037400042, 9.715008690551, 14.069646640102501, 14.650881824770503, 15.003269261167999, 33.5023851597095, 34.1168182341385, 604.998343004464, 1127.702382657615, 1127.971231141909], [-536.9287911880385, -536.928519074188, -294.6685512263935, -43.084330177366006, -41.9912488399075, -25.4140730674475, -24.514192563844002, -24.093232437120502, -23.605876530875, -20.289352920981, -16.703436599092, -9.5574547711115, -8.790365826552, -7.436871534165, -0.1401386330075, 0.0220412218905, 0.42585817603250004, 5.0447186744195, 8.458386928942, 8.810502251489, 9.98113603634, 10.436654622077, 14.8751036375825, 15.2255862770265, 15.3104857983825, 34.1973639338865, 34.750571391953, 604.827999734051, 1128.1696021389237, 1128.4389948509186]], "MO_coefs": [[[0.41042, 0.32524, -0.41042, -0.32524, 0.41043, 0.32524, 0.41043, 0.32524, 0.60036, 0.43528, -0.0869, -0.11748, 0.35015, 0.25132, -0.16869, -0.0869, -0.11748, 0.35015, 0.25132, 0.16869, -0.0928, -0.11631, 0.33013, -0.0931, -0.12593, 0.38179, 0.17439, -0.16, 0.0931, 0.12593, -0.38179, -0.17439, -0.16, 0.38015, 0.08409, -0.25779, -0.3034, -0.36948, -0.07925, 0.08409, -0.25779, -0.3034, 0.36948, 0.07925, -0.09047, -0.12025, 0.42488, 0.1327, 0.46388, 0.11497, 0.46388, 0.11497, 0.43452, -0.049, -0.06658, 0.20176, 0.30277, 0.44561, 0.049, 0.06658, -0.20176, -0.30277, 0.44561, -0.43299, 0.04939, 0.43511, 0.11128, 0.43511, 0.11128, 0.48107, 0.58378, 0.21032, -0.58378, -0.21032, 0.57406, 0.22433, -0.57406, -0.22433, -0.41634, -0.25113, -0.41634, -0.25113, 0.83907, 0.35267, -0.43307, -0.27075, -0.43307, -0.27075, 0.82682, 0.34206, -0.21108, -0.65658, 0.42188, 0.36032, -0.21108, -0.65658, -0.42188, -0.36032, -0.06807, -0.09265, 0.20749, 1.79823, -0.11934, -0.1013, -0.11934, -0.73442, 1.3114, -0.13678, -0.10317, -0.13678, -0.71905, 1.33003, -0.139, -1.12755, -0.07058, 0.15206, 0.139, 1.12755, -0.07058, 0.15206, 2.03542, -0.39724, -0.44809, 0.27225, -0.39724, 0.44809, -0.27225, 0.24011, -1.58496, 1.89746, -0.11371, -0.41398, 1.11287, 0.11371, 0.41398, 1.11287, 1.25779, -0.48072, -0.08388, -0.44508, -0.39443, 1.15604, -0.44508, 0.39443, -1.15604, -0.09825, 1.05972, 0.75136, -0.58759, 0.85523, 0.58759, -0.85523, -0.59709, 0.85167, 0.59709, -0.85167, -0.57344, 1.32082, -0.57344, 1.32082, -1.29021, -0.58319, 1.31556, -0.58319, 1.31556, -1.27361, -0.34296, -0.16446, 0.75197, -0.54577, 0.34296, 0.16446, 0.75197, -0.54577, 0.93606, 0.16124, 1.51842, -2.67741, 0.97189, 1.51842, -2.67741, -0.97189, 0.55019, 2.68551, -1.48378, 2.92812, -0.18082, -0.29514, 1.48378, -2.92812, -0.18082, -0.29514, -0.63756, -1.8935, -0.06137, 0.06137, -1.76146, 1.92523, -0.40924, 0.09684, -1.2239, 1.33205, -0.31365, 0.34198, -1.2239, 1.33205, -0.31365, 0.34198, -0.31369, -1.22388, 1.33245, -0.31305, 0.34325, 1.22388, -1.33245, 0.31305, -0.34325], [0, 1, 10, 11, 0, 1, 10, 11, 20, 21, 0, 1, 2, 3, 6, 10, 11, 12, 13, 16, 20, 21, 22, 0, 1, 2, 3, 6, 10, 11, 12, 13, 16, 26, 1, 2, 3, 6, 9, 11, 12, 13, 16, 19, 20, 21, 22, 23, 5, 8, 15, 18, 25, 0, 1, 2, 3, 6, 10, 11, 12, 13, 16, 26, 29, 4, 7, 14, 17, 24, 5, 8, 15, 18, 4, 7, 14, 17, 5, 8, 15, 18, 25, 28, 4, 7, 14, 17, 24, 27, 2, 3, 6, 9, 12, 13, 16, 19, 20, 21, 22, 23, 8, 15, 18, 25, 28, 7, 14, 17, 24, 27, 2, 3, 6, 9, 12, 13, 16, 19, 29, 3, 6, 9, 13, 16, 19, 21, 22, 23, 2, 3, 9, 12, 13, 19, 26, 29, 2, 3, 6, 9, 13, 16, 19, 21, 22, 23, 5, 8, 15, 18, 4, 7, 14, 17, 5, 8, 15, 18, 28, 4, 7, 14, 17, 27, 2, 3, 6, 9, 12, 13, 16, 19, 26, 29, 2, 3, 9, 12, 13, 19, 22, 23, 2, 3, 6, 9, 12, 13, 16, 19, 26, 29, 9, 19, 20, 21, 22, 23, 0, 1, 2, 3, 10, 11, 12, 13, 23, 0, 1, 2, 3, 10, 11, 12, 13], [0, 4, 8, 10, 23, 34, 48, 53, 65, 70, 74, 78, 84, 90, 102, 107, 112, 121, 130, 138, 148, 152, 156, 161, 166, 176, 184, 194, 200, 209, 217]], [[0.41077, 0.32517, -0.41077, -0.32517, 0.41077, 0.32517, 0.41077, 0.32517, 0.60013, 0.43528, -0.08274, -0.11152, 0.32946, 0.23408, -0.17211, -0.08274, -0.11152, 0.32946, 0.23408, 0.17211, -0.09961, -0.12631, 0.37095, -0.09036, -0.12186, 0.3661, 0.16218, -0.16537, 0.09036, 0.12186, -0.3661, -0.16218, -0.16537, 0.41333, 0.08867, -0.26947, -0.32207, -0.35096, -0.08187, 0.08867, -0.26947, -0.32207, 0.35096, 0.08187, -0.08826, -0.11785, 0.42109, 0.13723, 0.4131, 0.10591, 0.4131, 0.10591, 0.51812, -0.06938, 0.20891, 0.30978, 0.43561, 0.05424, 0.06938, -0.20891, -0.30978, 0.43561, 0.05424, -0.42697, 0.05324, 0.3557, 0.09228, 0.3557, 0.09228, 0.60002, 0.56821, 0.23262, -0.56821, -0.23262, 0.54823, 0.26023, -0.54823, -0.26023, -0.44624, -0.28201, -0.44624, -0.28201, 0.8161, 0.32802, -0.47239, -0.31567, -0.47239, -0.31567, 0.77369, 0.31673, -0.20431, -0.6784, 0.42723, 0.36779, -0.20431, -0.6784, -0.42723, -0.36779, -0.08767, 0.18815, 1.82518, -0.16734, -0.11148, -0.16734, -0.68816, 1.36118, -0.14867, -0.10556, -0.14867, -0.70532, 1.34282, -0.13009, -1.14774, -0.07325, 0.14795, 0.13009, 1.14774, -0.07325, 0.14795, 2.05119, -0.38336, -0.43976, 0.22611, -0.38336, 0.43976, -0.22611, 0.15627, 0.2421, -1.61769, 1.86439, -0.11374, -0.42956, 1.11676, 0.11374, 0.42956, 1.11676, 1.25146, -0.46378, -0.08047, -0.47339, -0.41305, 1.16914, -0.47339, 0.41305, -1.16914, -0.08939, 1.00037, 0.83828, -0.60266, 0.84944, 0.60266, -0.84944, -0.62089, 0.84139, 0.62089, -0.84139, -0.58881, 1.31234, -0.58881, 1.31234, -1.26362, -0.60458, 1.30343, -0.60458, 1.30343, -1.24579, -0.33728, -0.18754, 0.75731, -0.53805, 0.33728, 0.18754, 0.75731, -0.53805, 0.93971, 0.17674, -1.52175, 2.66851, -0.96511, -1.52175, 2.66851, 0.96511, -0.54992, -2.66447, -1.48883, 2.9166, -0.17742, -0.29508, 1.48883, -2.9166, -0.17742, -0.29508, -0.62847, -1.87918, -0.0614, 0.0614, -1.76153, 1.92517, -0.40915, 0.09683, -1.22381, 1.33213, -0.31372, 0.34194, -1.22381, 1.33213, -0.31372, 0.34194, -0.31363, -1.22379, 1.33253, -0.31312, 0.34319, 1.22379, -1.33253, 0.31312, -0.34319], [0, 1, 10, 11, 0, 1, 10, 11, 20, 21, 0, 1, 2, 3, 6, 10, 11, 12, 13, 16, 20, 21, 22, 0, 1, 2, 3, 6, 10, 11, 12, 13, 16, 26, 1, 2, 3, 6, 9, 11, 12, 13, 16, 19, 20, 21, 22, 23, 4, 7, 14, 17, 24, 1, 2, 3, 6, 9, 11, 12, 13, 16, 19, 26, 29, 5, 8, 15, 18, 25, 4, 7, 14, 17, 5, 8, 15, 18, 4, 7, 14, 17, 24, 27, 5, 8, 15, 18, 25, 28, 2, 3, 6, 9, 12, 13, 16, 19, 21, 22, 23, 8, 15, 18, 25, 28, 7, 14, 17, 24, 27, 2, 3, 6, 9, 12, 13, 16, 19, 29, 3, 6, 9, 13, 16, 19, 20, 21, 22, 23, 2, 3, 9, 12, 13, 19, 26, 29, 2, 3, 6, 9, 13, 16, 19, 21, 22, 23, 4, 7, 14, 17, 5, 8, 15, 18, 4, 7, 14, 17, 27, 5, 8, 15, 18, 28, 2, 3, 6, 9, 12, 13, 16, 19, 26, 29, 2, 3, 9, 12, 13, 19, 22, 23, 2, 3, 6, 9, 12, 13, 16, 19, 26, 29, 9, 19, 20, 21, 22, 23, 0, 1, 2, 3,