{"molecule": {"atoms_masses": [15.9949146, 1.007825, 1.007825], "nb_atoms": 3, "starting_geometry": [[0.0, 0.13459, 0.0], [0.765313, -0.538365, 0.0], [-0.765313, -0.538355, 0.0]], "atoms_Z": [8, 1, 1], "atoms_Zeff": [-5.6, -1.0, -1.0], "multiplicity": 1, "chirality": false, "nuclear_spins": [0.0, 1.0, 1.0], "nuclear_QMom": [0.0, 0.0, 0.0], "connectivity": {"bond_orders": [1, 1, 1, 1], "atom_pairs": [[0, 1], [0, 2], [1, 0], [2, 0]]}, "charge": 0, "can": "O", "smi": "O", "starting_nuclear_repulsion": 8.65389, "inchi": "InChI=1S/H2O/h1H2", "formula": "H2O", "nuclear_gfactors": [0.0, 2.792846, 2.792846], "starting_energy": -75.2542770734, "nb_heavy_atoms": 1, "atoms_valence": [2, 1, 1], "monoisotopic_mass": 18.010564684}, "results": {"geometry": {"geometric_values": [[6.3e-05, 3.7e-05, 0.000134, 0.000137]], "nuclear_repulsion_energy_from_xyz": 8.65389, "elements_3D_coords_converged": [0.0, 0.13459, 0.0, 0.765313, -0.538365, 0.0, -0.765313, -0.538355, 0.0], "OPT_DONE": true}, "excited_states": {}, "freq": {"electronic_thermal_energy": -75.229344, "vibrational_freq": [2038.9985, 3716.4195, 3945.3858], "zero_point_energy": -75.232177, "enthalpy": -75.2284, "polarizabilities": [[5.453, 0.0, 0.0], [0.0, 2.953, 0.0], [0.0, 0.0, 0.033]], "entropy": 7.4654e-05, "vibrational_sym": ["A'", "A'", "A'"], "vibration_disp": [[[0.0, 0.06798, 0.0], [-0.45462, -0.53945, 0.0], [0.45462, -0.53945, 0.0]], [[-1e-05, 0.05332, 0.0], [0.56539, -0.42317, 0.0], [-0.56523, -0.42302, 0.0]], [[0.06677, 1e-05, 0.0], [-0.52974, 0.46582, 0.0], [-0.52992, -0.46595, 0.0]]], "vibrational_int": [3.4877, 62.287, 41.7783], "free_energy": -75.250658}, "wavefunction": {"Mulliken_partial_charges": [-0.311515, 0.155756, 0.155759], "MO_number": 7, "homo_indexes": [4], "SCF_values": [0.0, 0.0, null], "MO_number_kept": 7, "total_molecular_energy": -75.2542770734, "MO_energies": [[-514.6404899212846, -25.5490415372955, -11.4192577362325, -7.2668003776025, -4.3023920902555, 8.998260808333999, 11.2614317029425]], "virial_ratio": [2.0102], "MO_sym": [["A'", "A'", "A'", "A'", "A\"", "A'", "A'"]]}}, "comp_details": {"geometry": {"geometric_targets": [0.00045, 0.0003, 0.0018, 0.0012]}, "excited_states": {}, "freq": {"temperature": 298.15}, "general": {"scf_targets": [[1e-08, 1e-06, 1e-06]], "list_theory": ["DFT"], "solvent": "Gas", "package": "Gaussian", "integration_grid": "Default", "package_version": "09revisionD.01", "basis_set_size": 7, "job_type": ["FREQ", "OPT"], "functional": "PBE1PBE", "is_closed_shell": "True", "core_electrons_per_atoms": [0, 0, 0], "basis_set_md5": "f859f996e7eac6e8c7daeee895efb323", "basis_set": "(lp0\n(lp1\n(VS\np2\n(lp3\n(F130.7093214\nF0.1543289673\ntp4\na(F23.80886605\nF0.5353281423\ntp5\na(F6.443608313\nF0.4446345422\ntp6\natp7\na(g2\n(lp8\n(F5.033151319\nF-0.09996722919\ntp9\na(F1.169596125\nF0.3995128261\ntp10\na(F0.38038896\nF0.7001154689\ntp11\natp12\na(VP\np13\n(lp14\n(F5.033151319\nF0.155916275\ntp15\na(F1.169596125\nF0.6076837186\ntp16\na(F0.38038896\nF0.3919573931\ntp17\natp18\naa(lp19\n(g2\n(lp20\n(F3.425250914\nF0.1543289673\ntp21\na(F0.6239137298\nF0.5353281423\ntp22\na(F0.168855404\nF0.4446345422\ntp23\natp24\naa(lp25\n(g2\n(lp26\n(F3.425250914\nF0.1543289673\ntp27\na(F0.6239137298\nF0.5353281423\ntp28\na(F0.168855404\nF0.4446345422\ntp29\natp30\naa.", "last_theory": "DFT", "all_unique_theory": ["DFT"]}}, "metadata": {"archivable_for_new_entry": "False", "archivable": "True", "parser_version": "v7.1", "log_file": "freq.log"}}
