{"molecule": {"atoms_masses": [15.9949146, 1.007825, 1.007825], "nb_atoms": 3, "starting_geometry": [[0.0, 0.062, 0.0], [0.53695, -0.248087, 0.0], [-0.53695, -0.247913, 0.0]], "atoms_Z": [8, 1, 1], "atoms_Zeff": [0.0, 0.0, 0.0], "multiplicity": 1, "chirality": false, "nuclear_spins": [0.0, 1.0, 1.0], "nuclear_QMom": [0.0, 0.0, 0.0], "connectivity": {"bond_orders": [1, 1, 1, 1], "atom_pairs": [[0, 1], [0, 2], [1, 0], [2, 0]]}, "charge": 0, "can": "O", "smi": "O", "starting_nuclear_repulsion": 14.14868, "inchi": "InChI=1S/H2O/h1H2", "formula": "H2O", "nuclear_gfactors": [0.0, 2.792846, 2.792846], "starting_energy": -74.5315027792, "nb_heavy_atoms": 1, "atoms_valence": [2, 1, 1], "monoisotopic_mass": 18.010564684}, "results": {"geometry": {"geometric_values": [[1.561588, 1.274669, 0.186495, 0.159548], [0.675492, 0.551521, 0.375527, 0.320435], [0.0865, 0.065626, 0.30032, 0.242364], [0.013838, 0.013819, 0.040119, 0.032916], [0.004016, 0.003379, 0.004899, 0.004376], [0.000959, 0.000939, 0.002946, 0.002429], [6.3e-05, 3.7e-05, 0.000132, 0.000136]], "nuclear_repulsion_energy_from_xyz": 8.65389, "elements_3D_coords_converged": [0.0, 0.13459, 0.0, 0.765313, -0.538365, 0.0, -0.765313, -0.538355, 0.0], "OPT_DONE": true}, "excited_states": {}, "freq": {}, "wavefunction": {"Mulliken_partial_charges": [-0.311515, 0.155756, 0.155759], "MO_number": 7, "homo_indexes": [4], "SCF_values": [3.15e-09, 1.31e-08, -6.68e-13], "MO_number_kept": 7, "total_molecular_energy": -75.2542770734, "MO_energies": [[-514.6404899212846, -25.5490415372955, -11.4192577362325, -7.2668003776025, -4.3023920902555, 8.998260808333999, 11.2614317029425]], "MO_coefs": [[[0.99363, -0.23002, 0.82382, -0.17393, 0.16601, 0.16601, 0.62101, 0.44867, -0.44866, -0.12233, 0.60139, 0.72073, -0.30808, -0.30808, 1.0, -0.75067, 0.7827, 0.74364, 0.74359, 0.9348, -0.79597, 0.79602], [0, 0, 1, 3, 5, 6, 2, 5, 6, 0, 1, 3, 5, 6, 4, 1, 3, 5, 6, 2, 5, 6], [0, 1, 6, 9, 14, 15, 19, 22]]], "virial_ratio": [1.9805, 1.9953, 2.0083, 2.0105, 2.0103, 2.0102, 2.0102], "MO_sym": [["A'", "A'", "A'", "A'", "A\"", "A'", "A'"]]}}, "comp_details": {"geometry": {"geometric_targets": [0.00045, 0.0003, 0.0018, 0.0012]}, "excited_states": {}, "freq": {}, "general": {"scf_targets": [[1e-08, 1e-06, 1e-06], [1e-08, 1e-06, 1e-06], [1e-08, 1e-06, 1e-06], [1e-08, 1e-06, 1e-06], [1e-08, 1e-06, 1e-06], [1e-08, 1e-06, 1e-06], [1e-08, 1e-06, 1e-06]], "list_theory": ["DFT"], "solvent": "Gas", "package": "Gaussian", "integration_grid": "Default", "package_version": "09revisionD.01", "basis_set_size": 7, "job_type": ["OPT"], "functional": "PBE1PBE", "is_closed_shell": "True", "core_electrons_per_atoms": [0, 0, 0], "basis_set_md5": "f859f996e7eac6e8c7daeee895efb323", "basis_set": "(lp0\n(lp1\n(VS\np2\n(lp3\n(F130.7093214\nF0.1543289673\ntp4\na(F23.80886605\nF0.5353281423\ntp5\na(F6.443608313\nF0.4446345422\ntp6\natp7\na(g2\n(lp8\n(F5.033151319\nF-0.09996722919\ntp9\na(F1.169596125\nF0.3995128261\ntp10\na(F0.38038896\nF0.7001154689\ntp11\natp12\na(VP\np13\n(lp14\n(F5.033151319\nF0.155916275\ntp15\na(F1.169596125\nF0.6076837186\ntp16\na(F0.38038896\nF0.3919573931\ntp17\natp18\naa(lp19\n(g2\n(lp20\n(F3.425250914\nF0.1543289673\ntp21\na(F0.6239137298\nF0.5353281423\ntp22\na(F0.168855404\nF0.4446345422\ntp23\natp24\naa(lp25\n(g2\n(lp26\n(F3.425250914\nF0.1543289673\ntp27\na(F0.6239137298\nF0.5353281423\ntp28\na(F0.168855404\nF0.4446345422\ntp29\natp30\naa.", "last_theory": "DFT", "basis_set_name": "STO-3G", "all_unique_theory": ["DFT"]}}, "metadata": {"archivable_for_new_entry": "True", "archivable": "True", "parser_version": "v7.1", "log_file": "OPT.log"}}
