{"molecule": {"atoms_masses": [15.9949146, 1.007825, 1.007825], "nb_atoms": 3, "starting_geometry": [[0.0, 0.13459, 0.0], [0.765313, -0.538365, 0.0], [-0.765313, -0.538355, 0.0]], "atoms_Z": [8, 1, 1], "atoms_Zeff": [-5.6, -1.0, -1.0], "multiplicity": 2, "chirality": false, "nuclear_spins": [0.0, 1.0, 1.0], "nuclear_QMom": [0.0, 0.0, 0.0], "connectivity": {"bond_orders": [1, 1, 1, 1], "atom_pairs": [[0, 1], [0, 2], [1, 0], [2, 0]]}, "charge": 1, "can": "O", "smi": "O", "starting_nuclear_repulsion": 8.65389, "inchi": "InChI=1S/H2O/h1H2", "formula": "H2O+", "nuclear_gfactors": [0.0, 2.792846, 2.792846], "starting_energy": -74.9055054663, "nb_heavy_atoms": 1, "atoms_valence": [2, 1, 1], "monoisotopic_mass": 18.010564684}, "results": {"geometry": {"nuclear_repulsion_energy_from_xyz": 8.65389, "elements_3D_coords_converged": [0.0, 0.13459, 0.0, 0.765313, -0.538365, 0.0, -0.765313, -0.538355, 0.0]}, "excited_states": {}, "freq": {}, "wavefunction": {"SCF_values": [4.99e-10, 2.58e-09, 0.0], "MO_number": 7, "homo_indexes": [4, 3], "virial_ratio": [2.0267], "MO_number_kept": 7, "total_molecular_energy": -74.9055054663, "MO_energies": [[-535.6667271494196, -42.472618241442, -26.3996694339585, -23.396076752139503, -23.0009674412135, -4.6980456288825, -2.7001857385115002], [-535.132023433187, -40.1806032786805, -25.74741253431, -22.0072076591875, -14.3983601715065, -4.2153156580955, -2.423990180254]], "MO_coefs": [[[0.99367, -0.24271, 0.90123, -0.20666, 0.09648, 0.09649, 0.74154, 0.33708, -0.33708, 1.0, -0.10118, 0.48607, 0.81181, -0.22373, -0.22373, -0.74522, 0.67865, 0.78494, 0.78488, 0.8424, -0.84926, 0.84932], [0, 0, 1, 3, 5, 6, 2, 5, 6, 4, 0, 1, 3, 5, 6, 1, 3, 5, 6, 2, 5, 6], [0, 1, 6, 9, 10, 15, 19, 22]], [[0.99395, -0.23464, 0.86022, -0.2129, 0.1287, 0.1287, 0.713, 0.36525, -0.36525, -0.11053, 0.526, 0.79587, -0.22977, -0.22976, 1.0, -0.76632, 0.6954, 0.77855, 0.77848, 0.86669, -0.83752, 0.83759], [0, 0, 1, 3, 5, 6, 2, 5, 6, 0, 1, 3, 5, 6, 4, 1, 3, 5, 6, 2, 5, 6], [0, 1, 6, 9, 14, 15, 19, 22]]], "MO_sym": [["A'", "A'", "A'", "A\"", "A'", "A'", "A'"], ["A'", "A'", "A'", "A'", "A\"", "A'", "A'"]]}}, "comp_details": {"geometry": {}, "excited_states": {}, "freq": {}, "general": {"scf_targets": [[1e-08, 1e-06, 1e-06]], "list_theory": ["DFT"], "solvent": "Gas", "package": "Gaussian", "integration_grid": "Default", "package_version": "09revisionD.01", "basis_set_size": 7, "job_type": ["SP"], "functional": "PBE1PBE", "is_closed_shell": "False", "core_electrons_per_atoms": [0, 0, 0], "basis_set_md5": "f859f996e7eac6e8c7daeee895efb323", "basis_set": "(lp0\n(lp1\n(VS\np2\n(lp3\n(F130.7093214\nF0.1543289673\ntp4\na(F23.80886605\nF0.5353281423\ntp5\na(F6.443608313\nF0.4446345422\ntp6\natp7\na(g2\n(lp8\n(F5.033151319\nF-0.09996722919\ntp9\na(F1.169596125\nF0.3995128261\ntp10\na(F0.38038896\nF0.7001154689\ntp11\natp12\na(VP\np13\n(lp14\n(F5.033151319\nF0.155916275\ntp15\na(F1.169596125\nF0.6076837186\ntp16\na(F0.38038896\nF0.3919573931\ntp17\natp18\naa(lp19\n(g2\n(lp20\n(F3.425250914\nF0.1543289673\ntp21\na(F0.6239137298\nF0.5353281423\ntp22\na(F0.168855404\nF0.4446345422\ntp23\natp24\naa(lp25\n(g2\n(lp26\n(F3.425250914\nF0.1543289673\ntp27\na(F0.6239137298\nF0.5353281423\ntp28\na(F0.168855404\nF0.4446345422\ntp29\natp30\naa.", "last_theory": "DFT", "all_unique_theory": ["DFT"]}}, "metadata": {"archivable_for_new_entry": "False", "archivable": "True", "parser_version": "v7.1", "log_file": "SP_moins.log"}}
