{"molecule": {"atoms_masses": [15.9949146, 1.007825, 1.007825], "nb_atoms": 3, "starting_geometry": [[0.0, 0.13459, 0.0], [0.765313, -0.538365, 0.0], [-0.765313, -0.538355, 0.0]], "atoms_Z": [8, 1, 1], "atoms_Zeff": [-5.6, -1.0, -1.0], "multiplicity": 2, "chirality": false, "nuclear_spins": [0.0, 1.0, 1.0], "nuclear_QMom": [0.0, 0.0, 0.0], "connectivity": {"bond_orders": [1, 1, 1, 1], "atom_pairs": [[0, 1], [0, 2], [1, 0], [2, 0]]}, "charge": -1, "can": "O", "smi": "O", "starting_nuclear_repulsion": 8.65389, "inchi": "InChI=1S/H2O/h1H2", "formula": "H2O-", "nuclear_gfactors": [0.0, 2.792846, 2.792846], "starting_energy": -74.7483136983, "nb_heavy_atoms": 1, "atoms_valence": [2, 1, 1], "monoisotopic_mass": 18.010564684}, "results": {"geometry": {"nuclear_repulsion_energy_from_xyz": 8.65389, "elements_3D_coords_converged": [0.0, 0.13459, 0.0, 0.765313, -0.538365, 0.0, -0.765313, -0.538355, 0.0]}, "excited_states": {}, "freq": {}, "wavefunction": {"SCF_values": [9.11e-09, 3.39e-08, 0.0], "MO_number": 7, "homo_indexes": [5, 4], "virial_ratio": [1.973], "MO_number_kept": 7, "total_molecular_energy": -74.7483136983, "MO_energies": [[-496.4083177100835, -11.6255200349115, 2.011465582896, 5.13750949744, 9.396635485466001, 18.699119578659, 24.167519518307003], [-495.9119820467715, -10.204813621451, 2.935564219194, 6.3905937789925, 10.056239459078, 24.7022232345395, 25.531626250863503]], "MO_coefs": [[[0.99341, -0.23153, 0.82324, -0.11765, 0.17726, 0.17727, 0.56578, 0.49404, -0.49405, -0.11526, 0.57773, 0.71558, -0.32577, -0.32577, 1.0, -0.76961, 0.79777, 0.73342, 0.7334, 0.96923, -0.76864, 0.76867], [0, 0, 1, 3, 5, 6, 2, 5, 6, 0, 1, 3, 5, 6, 4, 1, 3, 5, 6, 2, 5, 6], [0, 1, 6, 9, 14, 15, 19, 22]], [[0.99353, -0.23202, 0.82213, 0.18808, 0.18809, 0.60518, 0.462, -0.46201, -0.10864, 0.56776, 0.68561, -0.36565, -0.36564, 1.0, -0.77818, 0.83058, 0.71158, 0.71162, 0.94513, -0.78834, 0.78832], [0, 0, 1, 5, 6, 2, 5, 6, 0, 1, 3, 5, 6, 4, 1, 3, 5, 6, 2, 5, 6], [0, 1, 5, 8, 13, 14, 18, 21]]], "MO_sym": [["A'", "A'", "A'", "A'", "A\"", "A'", "A'"], ["A'", "A'", "A'", "A'", "A\"", "A'", "A'"]]}}, "comp_details": {"geometry": {}, "excited_states": {}, "freq": {}, "general": {"scf_targets": [[1e-08, 1e-06, 1e-06]], "list_theory": ["DFT"], "solvent": "Gas", "package": "Gaussian", "integration_grid": "Default", "package_version": "09revisionD.01", "basis_set_size": 7, "job_type": ["SP"], "functional": "PBE1PBE", "is_closed_shell": "False", "core_electrons_per_atoms": [0, 0, 0], "basis_set_md5": "f859f996e7eac6e8c7daeee895efb323", "basis_set": "(lp0\n(lp1\n(VS\np2\n(lp3\n(F130.7093214\nF0.1543289673\ntp4\na(F23.80886605\nF0.5353281423\ntp5\na(F6.443608313\nF0.4446345422\ntp6\natp7\na(g2\n(lp8\n(F5.033151319\nF-0.09996722919\ntp9\na(F1.169596125\nF0.3995128261\ntp10\na(F0.38038896\nF0.7001154689\ntp11\natp12\na(VP\np13\n(lp14\n(F5.033151319\nF0.155916275\ntp15\na(F1.169596125\nF0.6076837186\ntp16\na(F0.38038896\nF0.3919573931\ntp17\natp18\naa(lp19\n(g2\n(lp20\n(F3.425250914\nF0.1543289673\ntp21\na(F0.6239137298\nF0.5353281423\ntp22\na(F0.168855404\nF0.4446345422\ntp23\natp24\naa(lp25\n(g2\n(lp26\n(F3.425250914\nF0.1543289673\ntp27\na(F0.6239137298\nF0.5353281423\ntp28\na(F0.168855404\nF0.4446345422\ntp29\natp30\naa.", "last_theory": "DFT", "all_unique_theory": ["DFT"]}}, "metadata": {"archivable_for_new_entry": "False", "archivable": "True", "parser_version": "v7.1", "log_file": "SP_plus.log"}}
