{"molecule": {"atoms_masses": [14.003074, 14.003074], "nb_atoms": 2, "starting_geometry": [[0.0, 0.0, 0.556], [0.0, 0.0, -0.556]], "atoms_Z": [7, 7], "atoms_Zeff": [0.0, 0.0], "multiplicity": 1, "chirality": false, "nuclear_spins": [2.0, 2.0], "nuclear_QMom": [2.044, 2.044], "connectivity": {"bond_orders": [3, 3], "atom_pairs": [[0, 1], [1, 0]]}, "charge": 0, "can": "N#N", "smi": "N#N", "starting_nuclear_repulsion": 23.31806, "inchi": "InChI=1S/N2/c1-2", "formula": "N2", "nuclear_gfactors": [0.403761, 0.403761], "starting_energy": -109.438650956, "nb_heavy_atoms": 2, "atoms_valence": [1, 1], "monoisotopic_mass": 28.00614801}, "results": {"geometry": {"geometric_values": [[0.063307, 0.063307, 0.019138, 0.027065], [0.006023, 0.006023, 0.001864, 0.002636], [4e-06, 4e-06, 1e-06, 2e-06]], "nuclear_repulsion_energy_from_xyz": 23.7935, "elements_3D_coords_converged": [0.0, 0.0, 0.544886, 0.0, 0.0, -0.544886], "OPT_DONE": true}, "excited_states": {}, "freq": {}, "wavefunction": {"Mulliken_partial_charges": [0.0, 0.0], "MO_number": 78, "homo_indexes": [6], "SCF_values": [9.42e-09, 3.02e-07, -4.55e-12], "MO_number_kept": 37, "total_molecular_energy": -109.44001518, "MO_energies": [[-394.11527903012353, -394.0635773985285, -31.6307860959705, -15.620423474102001, -13.2647338703235, -13.2647338703235, -12.229884896872, -0.5385133101395, -0.5385133101395, 2.060990303687, 2.4939234398325, 2.821820629685, 2.821820629685, 4.1342257306465005, 5.059140708496, 5.059140708496, 6.983257745381501, 11.9422605568935, 11.9422605568935, 13.8448805995895, 15.571442981012, 17.3350128461025, 17.3350128461025, 18.776399912201, 19.4667527509195, 19.46702486477, 20.9046023369615, 20.9046023369615, 21.012903649460497, 22.374833471213, 22.374833471213, 28.096299291826003, 28.096299291826003, 30.657979080433, 38.912824849201, 46.315137924352506, 55.7286444685495]], "MO_coefs": [[[0.39421, 0.32945, 0.39421, 0.32945, 0.3945, 0.32823, 0.01722, 0.02004, -0.3945, -0.32823, -0.01722, -0.01483, -0.02004, -0.09008, -0.14108, -0.11099, 0.37046, -0.13941, 0.16003, -0.05343, 0.02193, -0.09008, -0.14108, 0.11099, 0.37046, 0.13941, 0.16003, 0.05343, -0.13575, 0.09755, 0.3895, 0.11688, 0.99328, -0.21561, 0.09131, 0.08343, 0.13575, 0.09755, -0.3895, 0.11688, -0.99328, -0.21561, -0.09131, 0.20346, 0.31034, 0.20234, -0.03213, 0.20346, 0.31034, 0.20234, 0.03213, 0.02142, 0.20346, 0.31034, 0.20234, -0.03213, -0.02142, 0.20346, 0.31034, 0.20234, 0.03213, -0.02947, -0.04834, 0.21495, 0.14283, 0.29944, 0.27246, 0.18932, 0.04355, -0.02947, -0.04834, -0.21495, 0.14283, -0.29944, 0.27246, -0.18932, 0.04355, 0.21393, 0.33358, 0.44216, 0.41831, -0.21393, -0.33358, -0.44216, -0.41831, 0.21393, 0.33358, 0.44216, 0.41831, -0.21393, -0.33358, -0.44216, -0.41831, -0.05946, -0.15009, -0.70423, -0.31228, 0.94739, 0.28129, 0.09414, 0.05946, -0.15009, -0.70423, 0.31228, 0.94739, -0.28129, 0.09414, -2.11689, 1.33823, 9.97632, -3.44809, 2.11689, 1.33823, -9.97632, -3.44809, -0.07158, -0.07434, -0.24003, 0.63811, -0.07158, -0.07434, -0.24003, 0.63811, -0.07158, -0.07434, -0.24003, 0.63811, -0.07158, -0.07434, -0.24003, 0.63811, 0.07526, 0.49331, 0.05446, -0.06878, 1.64685, -0.12487, 0.07526, 0.49331, -0.05446, -0.06878, -1.64685, -0.12487, -0.13424, -0.46957, 2.24004, 0.13424, 0.46957, -2.24004, -0.13424, -0.46957, 2.24004, 0.13424, 0.46957, -2.24004, 6.69205, 45.75615, -11.88152, -6.69205, -4.27544, -45.75615, -11.88152, 0.54769, 0.01669, 0.54769, 0.54769, 0.01669, 0.54769, 14.79821, -8.4115, 1.11902, 1.19712, -14.79821, -8.4115, -1.11902, -1.19712, 0.05594, -0.11271, 1.28752, 0.15488, -0.53879, 1.27946, -1.03782, -0.11271, 1.28752, -0.15488, -0.53879, -1.27946, -1.03782, -0.21769, 0.81903, -0.3667, 0.69134, -0.21769, 0.81903, -0.3667, -0.69134, -0.21769, 0.81903, -0.3667, 0.69134, -0.21769, 0.81903, -0.3667, -0.69134, 23.38249, -12.87953, 23.2658, -5.49679, -23.38249, -12.87953, -23.2658, -5.49679, -3.09151, 1.14726, -1.14726, 1.14726, -1.14726, -0.15282, -0.57623, 0.64526, -0.28794, -0.45935, -0.15282, -0.57623, 0.64526, -0.28794, 0.45935, -0.15282, -0.57623, 0.64526, -0.28794, -0.45935, -0.15282, -0.57623, 0.64526, -0.28794, 0.45935, -0.28739, -0.54333, 1.56554, 1.71774, -0.80872, -0.1926, -0.7234, -0.28739, 0.54333, 1.56554, -1.71774, -0.80872, 0.1926, -0.7234, 0.18478, 0.57092, -0.13711, 1.2326, -0.90477, -0.18478, -0.57092, -1.2326, -0.90477, 0.18478, 0.57092, 1.2326, -0.90477, -0.18478, -0.57092, 0.13711, -1.2326, -0.90477, -0.25754, 6.31961, -3.46266, -6.31961, -3.46266, -0.25754, 6.31961, -3.46266, -6.31961, -3.46266, 6.59886, -3.4018, 14.36322, -3.75254, 1.4878, -0.56423, -6.59886, -3.4018, -14.36322, -3.75254, -1.4878, 1.92715, -0.31878, 2.02113, -0.36382, 0.43442, -1.80239, -0.16023, 1.92715, 0.31878, -2.02113, -0.36382, -0.43442, -1.80239, -1.89091, 44.6831, -21.85692, 8.01166, 4.6607, 1.89091, -44.6831, -21.85692, -8.01166, -4.6607, 0.08002, 0.10493, -0.22376, 0.68863, -0.4756, 0.08002, 0.10493, -0.22376, 0.07236, -0.68863, 0.4756], [0, 1, 39, 40, 0, 1, 5, 9, 39, 40, 44, 47, 48, 0, 1, 4, 5, 8, 9, 12, 22, 39, 40, 43, 44, 47, 48, 51, 1, 4, 5, 8, 9, 12, 13, 39, 40, 43, 44, 47, 48, 51, 52, 3, 7, 11, 24, 42, 46, 50, 63, 68, 2, 6, 10, 23, 28, 41, 45, 49, 62, 0, 1, 4, 5, 8, 9, 12, 13, 39, 40, 43, 44, 47, 48, 51, 52, 2, 6, 10, 14, 41, 45, 49, 53, 3, 7, 11, 15, 42, 46, 50, 54, 4, 5, 9, 12, 13, 16, 27, 43, 44, 48, 51, 52, 55, 66, 9, 12, 13, 16, 48, 51, 52, 55, 2, 6, 10, 14, 41, 45, 49, 53, 3, 7, 11, 15, 42, 46, 50, 54, 5, 9, 12, 13, 16, 27, 44, 48, 51, 52, 55, 66, 7, 11, 15, 46, 50, 54, 6, 10, 14, 45, 49, 53, 9, 13, 16, 48, 51, 52, 55, 30, 64, 69, 31, 65, 70, 9, 12, 13, 27, 48, 51, 52, 66, 4, 5, 9, 12, 13, 16, 27, 44, 48, 51, 52, 55, 66, 6, 10, 14, 28, 45, 49, 53, 67, 7, 11, 15, 29, 46, 50, 54, 68, 9, 12, 13, 16, 48, 51, 52, 55, 66, 31, 70, 30, 69, 3, 7, 11, 15, 29, 42, 46, 50, 54, 68, 2, 6, 10, 14, 28, 41, 45, 49, 53, 67, 5, 8, 9, 12, 13, 16, 27, 44, 47, 48, 51, 52, 55, 66, 2, 6, 10, 14, 28, 41, 45, 53, 67, 3, 7, 15, 29, 42, 46, 50, 54, 68, 7, 11, 29, 50, 68, 6, 10, 28, 49, 67, 9, 12, 13, 16, 27, 44, 48, 51, 52, 55, 66, 5, 8, 12, 13, 16, 27, 40, 44, 47, 51, 52, 55, 66, 5, 9, 12, 13, 27, 44, 48, 51, 52, 66, 2, 6, 10, 23, 28, 41, 45, 49, 53, 62, 67], [0, 4, 13, 28, 43, 52, 61, 77, 85, 93, 107, 115, 123, 131, 143, 149, 155, 162, 165, 168, 176, 189, 197, 205, 214, 216, 218, 228, 238, 252, 261, 270, 275, 280, 291, 304, 314, 325]]], "virial_ratio": [2.0042, 2.0031, 2.003], "MO_sym": [["sigma.g", "sigma.u", "sigma.g", "sigma.u", "pi.u", "pi.u", "sigma.g", "pi.g", "pi.g", "sigma.g", "sigma.u", "pi.u", "pi.u", "sigma.g", "pi.g", "pi.g", "sigma.u", "delta.g", "delta.g", "sigma.u", "sigma.g", "pi.u", "pi.u", "sigma.u", "delta.u", "delta.u", "pi.u", "pi.u", "sigma.g", "pi.g", "pi.g", "pi.g", "pi.g", "sigma.u", "sigma.g", "sigma.u", "pi.u"]]}}, "comp_details": {"geometry": {"geometric_targets": [0.00045, 0.0003, 0.0018, 0.0012]}, "excited_states": {}, "freq": {}, "general": {"scf_targets": [[1e-08, 1e-06, 1e-06], [1e-08, 1e-06, 1e-06], [1e-08, 1e-06, 1e-06]], "list_theory": ["DFT"], "solvent": "Gas", "package": "Gaussian", "integration_grid": "Default", "package_version": "09revisionD.01", "basis_set_size": 78, "job_type": ["OPT"], "functional": "PBE1PBE", "is_closed_shell": "True", "core_electrons_per_atoms": [0, 0], "basis_set_md5": "bc853cb816fd46e814a5cd73aadddb1d",