{"molecule": {"atoms_masses": [14.003074, 14.003074], "nb_atoms": 2, "starting_geometry": [[0.0, 0.0, 0.544886], [0.0, 0.0, -0.544886]], "atoms_Z": [7, 7], "atoms_Zeff": [-4.55, -4.55], "multiplicity": 2, "chirality": false, "nuclear_spins": [2.0, 2.0], "nuclear_QMom": [2.044, 2.044], "connectivity": {"bond_orders": [3, 3], "atom_pairs": [[0, 1], [1, 0]]}, "charge": -1, "can": "N#N", "smi": "N#N", "starting_nuclear_repulsion": 23.7935, "inchi": "InChI=1S/N2/c1-2", "formula": "N2-", "nuclear_gfactors": [0.403761, 0.403761], "starting_energy": -109.36014970699999, "nb_heavy_atoms": 2, "atoms_valence": [1, 1], "monoisotopic_mass": 28.00614801}, "results": {"geometry": {"nuclear_repulsion_energy_from_xyz": 23.7935, "elements_3D_coords_converged": [0.0, 0.0, 0.544886, 0.0, 0.0, -0.544886]}, "excited_states": {}, "freq": {}, "wavefunction": {"SCF_values": [5.51e-09, 2.69e-07, -3.98e-13], "MO_number": 78, "homo_indexes": [7, 6], "virial_ratio": [1.9992], "MO_number_kept": 38, "total_molecular_energy": -109.36014970699999, "MO_energies": [[-384.584491416361, -384.53659937867303, -22.665995291248002, -7.332107701722501, -5.165809337892, -4.66947367458, -3.7946276452224996, 4.6191326122375, 6.8150913857725, 6.978631809923001, 7.1590432928045, 7.682318227316, 7.815926127911499, 9.1552705000725, 9.632286079999, 10.3237273741195, 11.278030647823, 19.085249132518502, 19.1026644189505, 20.331258453958, 22.225170853438, 23.803703300188502, 24.084252680054, 25.6448256126715, 26.006464919986, 26.081568342724, 27.814933570409003, 28.341473871126503, 28.3855563149075, 29.034275734499502, 29.4478887872595, 34.6191404021615, 34.7372378132785, 38.6997597042595, 46.5970478734705, 53.496494552898, 64.16118058169401, 64.2098889609335], [-384.37958968693454, -384.3289765107415, -22.305444439335503, -6.528283387345501, -4.4972256072135, -3.7412933305245, -3.372579063097, 7.1672067083195, 7.231153463187, 7.495648125873, 7.683950910419001, 7.963139721032, 8.155796327186, 9.2973139300335, 10.599378704675999, 11.06959143834, 11.6842966266195, 19.3464784289985, 19.3524649337095, 20.732354269595, 22.377010382016998, 24.2276566792675, 24.629024608755, 26.004288009182, 26.600761569478, 26.686205318535002, 28.2674589037905, 28.390182250366003, 28.896586126146502, 29.658232793696, 30.173616426543, 34.817511399176, 35.1606469646565, 39.0556846207135, 46.7483431743485, 53.907386467153, 64.2654001864355, 64.8526218758145]], "MO_coefs": [[[0.39411, 0.32944, 0.39411, 0.32944, 0.3944, 0.32814, 0.01794, 0.02206, -0.3944, -0.32814, -0.01794, -0.0156, -0.02206, -0.09005, -0.14107, -0.10776, 0.36822, -0.13547, 0.16957, -0.04771, -0.09005, -0.14107, 0.10776, 0.36822, 0.13547, 0.16957, 0.04771, -0.08123, -0.13201, 0.093, 0.37261, 0.11016, 0.86603, -0.14841, 0.23327, 0.08123, 0.13201, 0.093, -0.37261, 0.11016, -0.86603, -0.14841, -0.23327, 0.2007, 0.30143, 0.2077, 0.03241, -0.02759, 0.2007, 0.30143, 0.2077, 0.03241, 0.19591, 0.29614, 0.20983, 0.03306, -0.03028, 0.19591, 0.29614, 0.20983, 0.03306, 0.03028, -0.04147, 0.20779, 0.12173, 0.28612, 0.2492, 0.2032, 0.09821, 0.04259, -0.02526, -0.04147, -0.20779, 0.12173, -0.28612, 0.2492, -0.2032, 0.09821, -0.04259, 0.18351, 0.29004, 0.32948, 0.91109, -0.18351, -0.29004, -0.32948, -0.91109, -3.0954, 1.85494, 13.39515, -4.39114, 3.0954, 1.85494, -13.39515, -4.39114, 0.15115, 0.25178, 0.25329, 1.25501, -0.15115, -0.25178, -0.25329, -1.25501, -0.0741, -0.10509, -0.62872, -0.37073, 0.91874, 0.7579, 0.07887, 0.0741, -0.10509, -0.62872, 0.37073, 0.91874, -0.7579, 0.07887, -0.07412, -0.05187, -0.30842, 0.66255, -0.07412, -0.30842, 0.66255, -0.07332, -0.05302, -0.31382, 0.66453, -0.07332, -0.05302, -0.31382, 0.66453, 0.79474, 0.14975, -0.38741, 1.60444, -0.23583, 0.10012, 0.79474, -0.14975, -0.38741, -1.60444, -0.23583, -0.14908, -0.17111, -0.60347, 2.15152, 0.17111, 0.60347, -2.15152, -0.21164, -0.6674, 1.97926, 0.17359, 0.21164, 0.6674, -1.97926, 8.42141, -5.2542, 46.30141, -11.91093, -8.42141, -5.2542, -46.30141, -11.91093, 0.55263, 0.55263, 0.01203, -0.03251, 0.0184, -0.04711, 0.01192, 0.01774, 0.55236, 0.01203, -0.03251, -0.0184, 0.04711, 0.01192, 0.01774, 0.55236, 19.29679, -10.7871, 4.90746, 1.75515, -19.29679, -10.7871, -4.90746, -1.75515, -0.07123, 1.27141, 0.2572, -0.54068, 1.15035, -1.10378, -0.05138, -0.07123, 1.27141, -0.2572, -0.54068, -1.15035, -1.10378, -0.24234, 0.8207, -0.34949, 0.69395, -0.24234, 0.8207, -0.34949, -0.69395, -0.24357, 0.8226, -0.3453, 0.69088, -0.24357, 0.8226, -0.3453, -0.69088, 20.95675, -11.36712, 20.7791, -4.98809, 2.91492, -20.95675, -11.36712, -20.7791, -4.98809, 1.15461, -1.15461, 5.62329, -3.05493, 5.29355, -1.26474, 0.7788, 1.11492, -5.62329, -3.05493, -5.29355, -1.26474, -1.11492, -0.12184, -0.24453, -0.57118, 1.49289, 1.74896, -0.75851, -0.18378, -0.73135, -0.24453, 0.57118, 1.49289, -1.74896, -0.75851, 0.18378, -0.73135, -0.14991, -0.58677, 0.61676, -0.25471, -0.47758, -0.14991, -0.58677, 0.61676, -0.25471, 0.47758, -0.15003, -0.58111, 0.62246, -0.25415, -0.47266, -0.15003, -0.58111, 0.62246, -0.25415, 0.47266, 0.18551, 0.58047, 1.12262, -1.01794, -0.18551, -0.58047, -1.12262, -1.01794, 0.18771, 0.58863, 1.10801, -1.01492, -0.18771, -0.58863, -1.10801, -1.01492, -0.27814, 6.33588, -3.44498, -6.33588, -3.44498, -0.28079, 6.33277, -3.44532, -6.33277, -3.44532, 0.58678, 5.31515, -2.71146, 12.13313, -3.18278, 1.29134, -0.58678, -5.31515, -2.71146, -12.13313, -3.18278, -1.29134, 1.9481, -0.3142, 1.99523, -0.34047, 0.39921, -1.76169, -0.16479, 1.9481, 0.3142, -1.99523, -0.34047, -0.39921, -1.76169, -1.87098, 43.99336, -21.45178, 7.61842, 4.58239, 1.87098, -43.99336, -21.45178, -7.61842, -4.58239, 0.07396, 0.10399, -0.21395, 0.06892, 0.6909, -0.46118, 0.07396, 0.10399, -0.21395, -0.6909, 0.46118, 0.07641, 0.10884, -0.21667, 0.69046, -0.46019, 0.07641, 0.10884, -0.21667, 0.06938, -0.69046, 0.46019], [0, 1, 39, 40, 0, 1, 5, 9, 39, 40, 44, 47, 48, 0, 1, 4, 5, 8, 9, 12, 39, 40, 43, 44, 47, 48, 51, 0, 1, 4, 5, 8, 9, 12, 13, 39, 40, 43, 44, 47, 48, 51, 52, 2, 6, 10, 14, 23, 41, 45, 49, 53, 3, 7, 11, 15, 24, 42, 46, 50, 54, 63, 1, 4, 5, 8, 9, 12, 13, 16, 39, 40, 43, 44, 47, 48, 51, 52, 55, 2, 6, 10, 14, 41, 45, 49, 53, 9, 12, 13, 16, 48, 51, 52, 55, 3, 7, 11, 15, 42, 46, 50, 54, 4, 5, 9, 12, 13, 16, 27, 43, 44, 48, 51, 52, 55, 66, 2, 6, 10, 14, 41, 49, 53, 3, 7, 11, 15, 42, 46, 50, 54, 9, 12, 13, 16, 27, 44, 48, 51, 52, 55, 66, 2, 6, 10, 14, 45, 49, 53, 7, 11, 15, 42, 46, 50, 54, 9, 12, 13, 16, 48, 51, 52, 55, 31, 70, 5, 9, 12, 16, 20, 27, 30, 44, 48, 51, 55, 59, 66, 69, 9, 12, 13, 27, 48, 51, 52, 66, 5, 9, 12, 13, 16, 27, 43, 44, 48, 51, 52, 55, 66, 6, 10, 14, 28, 45, 49, 53, 67, 7, 11, 15, 29, 46, 50, 54, 68, 9, 12, 13, 16, 27, 48, 51, 52, 55, 31, 70, 9, 12, 13, 16, 27, 30, 48, 51, 52, 55, 69, 4, 5, 8, 9, 12, 13, 16, 27, 44, 47, 48, 51, 52, 55, 66, 3, 7, 11, 15, 29, 42, 46, 50, 54, 68, 2, 6, 10, 14, 28, 41, 45, 49, 53, 67, 2, 6, 14, 28, 41, 45, 53, 67, 3, 7, 15, 29, 42, 46, 54, 68, 6, 10, 28, 49, 67, 7, 11, 29, 50, 68, 5, 9, 12, 13, 16, 27, 44, 48, 51, 52, 55, 66, 5, 8, 12, 13, 16, 27, 40, 44, 47, 51, 52, 55, 66, 5, 9, 12, 13, 27, 44, 48, 51, 52, 66, 2, 6, 10, 14, 23, 28, 41, 45, 49, 62, 67, 3, 7, 11, 24, 29, 42, 46, 50, 54, 63, 68], [0, 4, 13, 27, 43, 52, 62, 79, 87, 95, 103, 117, 124, 132, 143, 150, 157, 165, 167, 181, 189, 202, 210, 218, 227, 229, 240, 255, 265, 275, 283, 291, 296, 301, 313, 326, 336, 347, 358]], [[0.39431, 0.32939, 0.39431, 0.32939, 0.39459, 0.32818, 0.017, 0.02038, -0.39459, -0.32818, -0.017, -0.01471, -0.02038, -0.08927, -0.13949, -0.11017, 0.35885, -0.13938, 0.16683, -0.05509, -0.08927, -0.13949, 0.11017, 0.35885, 0.13938, 0.16683, 0.05509, 0.02364, -0.08051, -0.13058, 0.09511, 0.36661, 0.11237, 0.89325, -0.15762, 0.17411, 0.13058, 0.09511, -0.36661, 0.11237, -0.89325, -0.15762, -0.17411, 0.19508, 0.29409, 0.21065, 0.0337, -0.03074, 0.19508, 0.29409, 0.21065, 0.0337, 0.03074, 0.1938, 0.28976, 0.21125, 0.03927, -0.03172, 0.1938, 0.28976, 0.21125, 0.03927, 0.03172, -0.04281, 0.206, 0.12195, 0.28552, 0.2453, 