{"molecule": {"atoms_masses": [14.003074, 14.003074], "nb_atoms": 2, "starting_geometry": [[0.0, 0.0, 0.544886], [0.0, 0.0, -0.544886]], "atoms_Z": [7, 7], "atoms_Zeff": [-4.55, -4.55], "multiplicity": 2, "chirality": false, "nuclear_spins": [2.0, 2.0], "nuclear_QMom": [2.044, 2.044], "connectivity": {"bond_orders": [3, 3], "atom_pairs": [[0, 1], [1, 0]]}, "charge": 1, "can": "N#N", "smi": "N#N", "starting_nuclear_repulsion": 23.7935, "inchi": "InChI=1S/N2/c1-2", "formula": "N2+", "nuclear_gfactors": [0.403761, 0.403761], "starting_energy": -108.860483795, "nb_heavy_atoms": 2, "atoms_valence": [1, 1], "monoisotopic_mass": 28.00614801}, "results": {"geometry": {"nuclear_repulsion_energy_from_xyz": 23.7935, "elements_3D_coords_converged": [0.0, 0.0, 0.544886, 0.0, 0.0, -0.544886]}, "excited_states": {}, "freq": {}, "wavefunction": {"SCF_values": [3.23e-09, 1.15e-07, -1.73e-12], "MO_number": 78, "homo_indexes": [6, 5], "virial_ratio": [2.002], "MO_number_kept": 37, "total_molecular_energy": -108.860483795, "MO_energies": [[-407.491579579152, -407.4385173783045, -43.7676080559715, -28.082965713151502, -25.0956998623625, -24.5928334666385, -24.5928334666385, -11.645384345998, -11.645384345998, -4.3176304658835, -2.9665851981510003, -2.914339338855, -2.914339338855, -1.5159462611355001, -0.3752449998395, -0.3752449998395, 1.8550001188585, 3.6302708795205, 3.6302708795205, 4.893151259691001, 7.8676277595065, 9.0850651266435, 9.0850651266435, 10.1811397164575, 11.43966627502, 11.4399383888705, 12.066616586572, 12.066616586572, 12.297913359497, 13.737395628641998, 13.737395628641998, 20.250984868060502, 20.250984868060502, 20.447995295822498, 29.525985462353, 36.948162848591004, 44.1583635452895], [-407.1076269360965, -407.0640887200165, -42.8946668235675, -25.284274760759, -24.2379970055865, -24.2379970055865, -19.3546418445135, -10.973807362964001, -10.973807362964001, -4.0123187256225, -2.8476714454825003, -2.8476714454825003, -2.728213465113, -1.301792660792, -0.2696648258455, -0.2696648258455, 2.0318741216835, 3.6928570651355, 3.6928570651355, 5.6422806901175, 8.2872273169775, 9.569972008234501, 9.569972008234501, 11.146871771882001, 11.643207435194, 11.643207435194, 12.2448511586495, 12.2448511586495, 13.2092226448215, 14.044884279707002, 14.044884279707002, 20.54459571275, 20.54459571275, 21.1680085442455, 29.973068518724503, 37.898384414537006, 45.328453102439504]], "MO_coefs": [[[0.39413, 0.32952, 0.39413, 0.32952, 0.39441, 0.32828, 0.01736, 0.02201, -0.39441, -0.32828, -0.01736, -0.01522, -0.02201, -0.09127, -0.14333, -0.11628, 0.38937, -0.14272, 0.13966, -0.04952, 0.02717, -0.09127, -0.14333, 0.11628, 0.38937, 0.14272, 0.13966, 0.04952, -0.08652, -0.14161, 0.11113, 0.4276, 0.14054, 1.08524, -0.2984, 0.08652, 0.14161, 0.11113, -0.4276, 0.14054, -1.08524, -0.2984, -0.0364, -0.06036, 0.22706, 0.19645, 0.32287, 0.24941, 0.14303, -0.06036, -0.22706, 0.19645, -0.32287, 0.24941, -0.14303, 0.21783, 0.33596, 0.17507, -0.0305, 0.21783, 0.33596, 0.17507, 0.0305, 0.21783, 0.33596, 0.17507, -0.0305, 0.21783, 0.33596, 0.17507, 0.0305, 0.24573, 0.3881, 0.39884, 0.06596, -0.24573, -0.3881, -0.39884, -0.06596, 0.24573, 0.3881, 0.39884, 0.06596, -0.24573, -0.3881, -0.39884, -0.06596, 0.05163, -0.04205, -0.21141, -0.04573, -0.534, -0.17779, 0.83657, 0.05163, -0.21141, 0.04573, -0.534, 0.17779, 0.83657, 0.20215, -0.4378, 0.39081, 5.0515, -2.03992, 0.4378, 0.39081, -5.0515, -2.03992, -0.077, -0.1144, -0.11409, 0.58334, -0.077, -0.1144, -0.11409, 0.58334, -0.077, -0.1144, -0.11409, 0.58334, -0.077, -0.1144, -0.11409, 0.58334, -0.04627, 0.04788, -0.0718, 0.2272, 0.06014, 0.16621, 1.45163, 0.04788, 0.0718, 0.2272, -0.06014, 0.16621, -1.45163, -0.08636, -0.1244, -0.30892, 2.14284, 0.1244, 0.30892, -2.14284, -0.08636, -0.1244, -0.30892, 2.14284, 0.1244, 0.30892, -2.14284, 4.5991, 42.13496, -11.05143, -4.5991, -3.0708, -42.13496, -11.05143, 0.03801, 0.53811, 0.03801, 0.53811, 0.03801, 0.53811, 0.03801, 0.53811, -5.7048, 3.34019, 12.33725, -3.75499, 5.7048, 3.34019, -12.33725, -3.75499, -0.13185, 0.07428, 1.26081, -0.5062, 1.49797, -0.92588, -0.13185, -0.07428, 1.26081, -0.5062, -1.49797, -0.92588, -0.14451, 0.76365, -0.38257, 0.04917, 0.70714, -0.14451, 0.76365, -0.38257, -0.70714, -0.14451, 0.76365, -0.38257, 0.70714, -0.14451, 0.76365, -0.38257, -0.04917, -0.70714, 23.5915, -13.39516, 24.30877, -5.55895, -23.5915, -13.39516, -24.30877, -5.55895, -2.85071, 1.13228, -1.13228, 1.13227, -1.13227, -0.55624, 0.73082, -0.36641, -0.38714, -0.15919, -0.55624, 0.73082, -0.36641, 0.38714, -0.15919, -0.55624, 0.73082, -0.36641, -0.38714, -0.55624, 0.73082, -0.36641, 0.38714, -0.38306, -0.48028, 1.69512, 1.6155, -0.90254, -0.19849, -0.67816, -0.38306, 0.48028, 1.69512, -1.6155, -0.90254, 0.19849, -0.67816, 0.52583, -0.33345, 1.44535, -0.81877, -0.17959, -0.52583, 0.33345, -1.44535, -0.81877, 0.17959, 0.52583, -0.33345, 1.44535, -0.81877, -0.52583, 0.33345, -1.44535, -0.81877, 6.28147, -3.45329, -6.28147, -3.45329, 6.28147, -3.45329, -6.28147, -3.45329, 10.32217, -5.41353, 19.46953, -5.02696, 1.99199, -10.32217, -5.41353, -19.46953, -5.02696, -1.99199, 1.87353, -0.33472, 0.192, 2.08134, -0.41252, 0.48157, -1.86546, 1.87353, 0.33472, 0.192, -2.08134, -0.41252, -0.48157, -1.86546, -1.928, 45.50076, -22.37852, 8.39813, 4.74008, 1.928, -45.50076, -22.37852, -8.39813, -4.74008, 0.07976, 0.09175, -0.23439, 0.68605, -0.51149, 0.07976, 0.09175, -0.23439, 0.07738, -0.68605, 0.51149], [0, 1, 39, 40, 0, 1, 5, 9, 39, 40, 44, 47, 48, 0, 1, 4, 5, 8, 9, 12, 22, 39, 40, 43, 44, 47, 48, 51, 0, 1, 4, 5, 8, 9, 12, 39, 40, 43, 44, 47, 48, 51, 0, 1, 4, 5, 8, 9, 12, 40, 43, 44, 47, 48, 51, 3, 7, 11, 24, 42, 46, 50, 63, 2, 6, 10, 23, 41, 45, 49, 62, 2, 6, 10, 14, 41, 45, 49, 53, 3, 7, 11, 15, 42, 46, 50, 54, 1, 4, 5, 8, 9, 12, 13, 40, 44, 47, 48, 51, 52, 5, 9, 12, 13, 16, 48, 51, 52, 55, 3, 7, 11, 15, 42, 46, 50, 54, 2, 6, 10, 14, 41, 45, 49, 53, 4, 5, 8, 9, 12, 13, 16, 44, 47, 48, 51, 52, 55, 2, 6, 10, 14, 45, 49, 53, 3, 7, 11, 15, 46, 50, 54, 9, 13, 16, 48, 51, 52, 55, 26, 31, 65, 70, 25, 30, 64, 69, 9, 12, 13, 16, 48, 51, 52, 55, 5, 8, 9, 13, 16, 27, 44, 47, 48, 52, 55, 66, 6, 10, 14, 23, 28, 45, 49, 53, 67, 7, 11, 15, 29, 46, 50, 54, 63, 68, 9, 12, 13, 16, 48, 51, 52, 55, 66, 31, 70, 30, 69, 6, 10, 14, 28, 41, 45, 49, 53, 67, 3, 7, 11, 15, 29, 46, 50, 54, 68, 5, 8, 9, 12, 13, 16, 27, 44, 47, 48, 51, 52, 55, 66, 6, 10, 14, 28, 41, 45, 49, 53, 67, 3, 7, 11, 15, 29, 46, 50, 54, 68, 10, 28, 49, 67, 11, 29, 50, 68, 9, 12, 13, 16, 27, 48, 51, 52, 55, 66, 5, 8, 9, 12, 13, 16, 27, 44, 47, 48, 51, 52, 55, 66, 5, 9, 12, 13, 27, 44, 48, 51, 52, 66, 3, 7, 11, 24, 29, 42, 46, 50, 54, 63, 68], [0, 4, 13, 28, 42, 55, 63, 71, 79, 87, 100, 109, 117, 125, 138, 145, 152, 159, 163, 167, 175, 187, 196, 205, 214, 216, 218, 227, 236, 250, 259, 268, 272, 276, 286, 300, 310, 321]], [[0.39438, 0.32951, 0.39438, 0.32951, 0.39466, 0.32833, 0.01609, 0.02532, -0.39466, -0.32833, -0.01609, -0.0148, -0.02532, -0.09111, -0.14303, -0.11136, 0.38904, -0.14111, 0.14582, -0.05064, 0.0203, -0.09111, -0.14303, 0.11136, 0.38904, 0.14111, 0.14582, 0.05064, -0.08784, -0.14323, 0.09335, 0.42812, 0.10859, 1.11371, -0.29705, 0.08784, 0.14323, 0.09335, -0.42812, 0.10859, -1.11371, -0.29705, 0.21651, 0.33252, 0.17603, -0.03638, 0.21651, 0.33252, 0.17603, 0.03638, 0.21651, 0.33252, 0.17603, -0.03638, 0.21651, 0.33252, 0.17603, 0.03638, -0.03197, -0.05225, 0.21897, 0.15856, 0.30914, 0.27657, 0.17454, -0.03197, -0.05225, -0.21897, 0.15856, -0.30914, 0.27657, -0.17454, 0.24607, 0.38436, 0.43227, 0.07845, -0.24607, -0.38436, -0.43227, -0.07845, 0.24607, 0.38436, 0.43227, 0.07845, -0.24607, -0.38436, -0.43227, -0.07845, 0.05248, -0.04847, -0.20734, -0.04872, -0.59757, -0.21661, 0.85146, -0.04261, 0.05248, 0.04847, -0.20734, 0.04872, -0.59757, 0.21661, 0.85146, -0.07637, -0.11334, -0.12143, 0.58684, -0.07637, -0.11334, -0.12143, 0.58684, -0.07637, -0.11334, -0.12143, 0.58684, -0.07637, -0.11334, -0.12143, 0.58684, 0.20092, -0.64565, 0.52163, 5.30801, 