{"molecule": {"atoms_masses": [14.003074, 14.003074], "nb_atoms": 2, "starting_geometry": [[0.0, 0.0, 0.556], [0.0, 0.0, -0.556]], "atoms_Z": [7, 7], "atoms_Zeff": [0.0, 0.0], "multiplicity": 1, "chirality": false, "nuclear_spins": [2.0, 2.0], "nuclear_QMom": [2.044, 2.044], "connectivity": {"bond_orders": [3, 3], "atom_pairs": [[0, 1], [1, 0]]}, "charge": 0, "can": "N#N", "smi": "N#N", "starting_nuclear_repulsion": 23.31806, "inchi": "InChI=1S/N2/c1-2", "formula": "N2", "nuclear_gfactors": [0.403761, 0.403761], "starting_energy": -109.56530213, "nb_heavy_atoms": 2, "atoms_valence": [1, 1], "monoisotopic_mass": 28.00614801}, "results": {"geometry": {"geometric_values": [[0.058441, 0.058441, 0.017671, 0.024991], [0.006915, 0.006915, 0.002202, 0.003114], [4e-06, 4e-06, 1e-06, 2e-06]], "nuclear_repulsion_energy_from_xyz": 23.76777, "elements_3D_coords_converged": [0.0, 0.0, 0.545484, 0.0, 0.0, -0.545484], "OPT_DONE": true}, "excited_states": {}, "freq": {}, "wavefunction": {"Mulliken_partial_charges": [0.0, 0.0], "MO_number": 68, "homo_indexes": [6], "SCF_values": [3.65e-09, 5.94e-08, -3.84e-12], "MO_number_kept": 37, "total_molecular_energy": -109.566492787, "MO_energies": [[-392.41320689524605, -392.3644985160065, -30.973631147013002, -15.221232455418502, -12.977653758046001, -12.977653758046001, -11.9955948715915, -0.9466840858895, -0.9466840858895, 1.7151335997015, 2.1344610433219997, 2.4721543317925, 2.4721543317925, 3.8365331781995002, 4.6866168471615, 4.6866168471615, 7.049381411053001, 13.3953485185635, 17.835974444873003, 18.959804647438002, 18.959804647438002, 21.5435256579355, 21.5435256579355, 21.958227166097497, 21.958227166097497, 23.0521248451075, 23.6339042574765, 29.4119697589935, 29.4119697589935, 31.664256099582, 33.649054525129, 33.6493266389795, 46.946986285213505, 46.946986285213505, 48.9491999971925, 54.2124260935635, 86.578463813585]], "MO_coefs": [[[0.39393, 0.32963, 0.39393, 0.32963, 0.39413, 0.3289, 0.01517, 0.01474, -0.39413, -0.3289, -0.01517, -0.01474, -0.09048, -0.14084, -0.11498, 0.37527, -0.14155, 0.16687, -0.04238, 0.01943, -0.09048, -0.14084, 0.11498, 0.37527, 0.14155, 0.16687, 0.04238, -0.08407, -0.13587, 0.09852, 0.4036, 0.12264, 0.51175, -0.21886, 0.08407, 0.13587, 0.09852, -0.4036, 0.12264, -0.51175, 0.21886, 0.07278, 0.20795, 0.30375, 0.20788, -0.03401, 0.20795, 0.30375, 0.20788, 0.03401, 0.20795, 0.30375, 0.20788, -0.03401, 0.20795, 0.30375, 0.20788, 0.03401, -0.04857, 0.21921, 0.14181, 0.29616, 0.26438, 0.1827, 0.05091, -0.03016, -0.04857, -0.21921, 0.14181, -0.29616, 0.26438, -0.1827, 0.05091, 0.21976, 0.3283, 0.43144, 0.42431, -0.21976, -0.3283, -0.43144, -0.42431, 0.21976, 0.3283, 0.43144, 0.42431, -0.21976, -0.3283, -0.43144, -0.42431, -0.06127, -0.1329, -0.61195, -0.24279, 0.90356, 0.37478, 0.06127, -0.1329, 0.05478, -0.61195, 0.24279, 0.90356, -0.37478, -0.69887, 12.20911, -4.01182, 0.69887, 0.57669, -12.20911, -4.01182, -0.07441, -0.07649, -0.23273, 0.63417, -0.07441, -0.07649, -0.23273, 0.63417, -0.07441, -0.07649, -0.23273, 0.63417, -0.07441, -0.07649, -0.23273, 0.63417, 0.40331, -0.08255, 1.56447, 0.04532, 0.40331, 0.08255, -1.56447, 0.04532, -0.1521, -0.54192, 2.25276, 0.111, 0.1521, 0.54192, -2.25276, -0.1521, -0.54192, 2.25276, 0.111, 0.1521, 0.54192, -2.25276, 40.55331, -10.70085, -40.55331, -10.70085, -0.40255, 7.33363, -4.42074, -5.29882, 1.90352, -0.40255, -7.33363, -4.42074, 5.29882, 1.90352, -0.12174, 0.35617, -0.47159, 1.4159, -0.15906, -1.06763, 0.12174, 0.35617, 0.47159, -1.4159, -0.15906, 1.06763, -0.06335, -0.15376, -0.54758, 0.98842, -0.45155, 0.13128, -0.15376, -0.54758, 0.98842, -0.45155, -0.15376, -0.54758, 0.98842, -0.45155, 0.13128, -0.15376, -0.54758, 0.98842, -0.45155, -0.49964, 2.02018, -1.33209, -0.32947, 0.19629, 0.49964, -2.02018, 1.33209, -0.32947, -0.49964, 2.02018, -1.33209, -0.32947, 0.19629, 0.49964, -2.02018, 1.33209, -0.32947, 0.59661, 0.59661, 0.59661, 0.59661, 4.79633, -3.37063, 4.86469, -0.89711, 0.61384, 0.32373, -4.79633, -3.37063, -4.86469, -0.89711, -0.61384, -1.01446, -0.25118, 1.58293, 0.42811, -0.6493, 0.19595, -0.29666, 0.15117, -1.01446, 0.25118, 1.58293, -0.42811, -0.6493, -0.19595, -0.29666, 0.08533, 0.3257, -0.11433, 0.62744, 0.08533, 0.3257, -0.11433, -0.62744, 0.08533, 0.3257, -0.11433, 0.62744, 0.08533, 0.3257, -0.11433, -0.62744, 1.24638, -10.95929, 4.37753, 19.89585, -5.23876, -1.24638, 10.95929, 4.37753, -19.89585, -5.23876, 0.89678, -0.89678, 0.89678, -0.89678, -0.51132, -1.73813, 0.50175, 1.89953, 0.51132, 1.73813, -0.50175, 1.89953, -0.51132, -1.73813, 0.50175, 1.89953, 0.51132, 1.73813, -0.50175, 1.89953, 1.82346, -0.57557, -0.78897, 1.52164, -0.45484, -1.45855, 1.82346, 0.57557, -0.78897, -1.52164, 0.45484, -1.45855, 0.89929, -1.48566, 10.3757, -5.18568, -3.83089, 1.24813, 1.82551, -1.48566, -10.3757, -5.18568, 3.83089, 1.24813, -1.82551, 0.49441, 0.56605, -0.75173, -0.25842, 0.84274, -0.41162, -0.28041, 0.54844, -0.49441, 0.56605, 0.75173, -0.25842, -0.84274, 0.41162, -0.28041, -0.54844], [0, 1, 34, 35, 0, 1, 5, 9, 34, 35, 39, 43, 0, 1, 4, 5, 8, 9, 12, 22, 34, 35, 38, 39, 42, 43, 46, 0, 1, 4, 5, 8, 9, 13, 34, 35, 38, 39, 42, 43, 47, 50, 2, 6, 10, 23, 36, 40, 44, 57, 3, 7, 11, 24, 37, 41, 45, 58, 1, 4, 5, 8, 9, 12, 13, 34, 35, 38, 39, 42, 43, 46, 47, 3, 7, 11, 15, 37, 41, 45, 49, 2, 6, 10, 14, 36, 40, 44, 48, 4, 5, 9, 12, 13, 16, 38, 39, 42, 43, 46, 47, 50, 9, 13, 16, 43, 46, 47, 50, 3, 7, 11, 15, 37, 41, 45, 49, 2, 6, 10, 14, 36, 40, 44, 48, 9, 12, 16, 22, 43, 46, 50, 56, 6, 10, 14, 36, 40, 44, 48, 7, 11, 15, 37, 41, 45, 49, 13, 16, 47, 50, 8, 9, 12, 13, 16, 42, 43, 46, 47, 50, 4, 5, 8, 12, 13, 16, 38, 39, 42, 46, 47, 50, 56, 2, 6, 10, 14, 23, 36, 40, 44, 48, 3, 7, 11, 15, 24, 37, 41, 45, 49, 7, 11, 15, 24, 37, 41, 45, 49, 58, 6, 10, 14, 23, 36, 40, 44, 48, 57, 26, 60, 25, 59, 9, 12, 13, 16, 22, 42, 43, 46, 47, 50, 56, 5, 8, 9, 12, 13, 16, 22, 35, 39, 42, 43, 46, 47, 50, 56, 3, 7, 11, 24, 37, 41, 45, 58, 2, 6, 10, 23, 36, 40, 44, 57, 5, 9, 12, 13, 16, 39, 43, 46, 47, 50, 26, 60, 25, 59, 6, 10, 14, 23, 40, 44, 48, 57, 7, 11, 15, 24, 41, 45, 49, 58, 5, 8, 9, 12, 16, 22, 39, 42, 43, 46, 50, 56, 5, 8, 9, 12, 13, 16, 22, 42, 43, 46, 47, 50, 56, 4, 5, 8, 9, 12, 16, 22, 27, 38, 39, 42, 43, 46, 50, 56, 61], [0, 4, 12, 27, 42, 50, 58, 73, 81, 89, 102, 109, 117, 125, 133, 140, 147, 151, 161, 174, 183, 192, 201, 210, 212, 214, 225, 240, 248, 256, 266, 268, 270, 278, 286, 298, 311, 327]]], "virial_ratio": [2.0043, 2.0033, 2.0032], "MO_sym": [["sigma.g", "sigma.u", "sigma.g", "sigma.u", "pi.u", "pi.u", "sigma.g", "pi.g", "pi.g", "sigma.g", "sigma.u", "pi.u", "pi.u", "sigma.g", "pi.g", "pi.g", "sigma.u", "sigma.u", "sigma.g", "pi.u", "pi.u", "pi.g", "pi.g", "delta.g", "delta.g", "sigma.u", "sigma.g", "pi.u", "pi.u", "sigma.u", "delta.u", "delta.u", "pi.g", "pi.g", "sigma.g", "sigma.u", "sigma.g"]]}}, "comp_details": {"geometry": {"geometric_targets": [0.00045, 0.0003, 0.0018, 0.0012]}, "excited_states": {}, "freq": {}, "general": {"scf_targets": [[1e-08, 1e-06, 1e-06], [1e-08, 1e-06, 1e-06], [1e-08, 1e-06, 1e-06]], "list_theory": ["DFT"], "solvent": "Gas", "package": "Gaussian", "integration_grid": "Default", "package_version": "09revisionD.01", "basis_set_size": 68, "job_type": ["OPT"], "functional": "B3LYP", "is_closed_shell": "True", "core_electrons_per_atoms": [0, 0], "basis_set_md5": "8f54b668e806199bfe76ef6623225561",