{"molecule": {"atoms_masses": [15.9949146, 1.007825, 1.007825], "nb_atoms": 3, "starting_geometry": [[2.536923, -0.396967, 0.0], [3.302251, 0.275971, 0.0], [1.771625, 0.275995, 0.0]], "atoms_Z": [8, 1, 1], "atoms_Zeff": [-5.6, -1.0, -1.0], "multiplicity": 1, "chirality": false, "nuclear_spins": [0.0, 1.0, 1.0], "nuclear_QMom": [0.0, 0.0, 0.0], "connectivity": {"bond_orders": [1, 1, 1, 1], "atom_pairs": [[0, 1], [0, 2], [1, 0], [2, 0]]}, "charge": 0, "can": "O", "smi": "O", "starting_nuclear_repulsion": 8.65389, "inchi": "InChI=1S/H2O/h1H2", "formula": "H2O", "nuclear_gfactors": [0.0, 2.792846, 2.792846], "starting_energy": -75.2542770734, "nb_heavy_atoms": 1, "atoms_valence": [2, 1, 1], "monoisotopic_mass": 18.010564684}, "results": {"geometry": {"geometric_values": [[0.220564, 0.183877, 0.221817, 0.182239], [0.097355, 0.086761, 0.424526, 0.346818], [0.038255, 0.028003, 0.166357, 0.128321], [0.033407, 0.022165, 0.370125, 0.270003], [0.037082, 0.021435, 0.351343, 0.248731], [0.039129, 0.03192, 0.01527, 0.01247], [0.041218, 0.033622, 0.049968, 0.040786], [0.25344, 0.206867, 0.049985, 0.040814], [0.033269, 0.027155, 0.109273, 0.089198], [0.038312, 0.031252, 0.005745, 0.00469], [0.039067, 0.031869, 0.000198, 0.000161], [0.039126, 0.031918, 0.049968, 0.040787], [0.18188, 0.148437, 0.049983, 0.040808], [0.050437, 0.041152, 0.049961, 0.040797], [0.011238, 0.009218, 0.139294, 0.113709], [0.039101, 0.031895, 0.010274, 0.008387], [0.039025, 0.031835, 0.000339, 0.000277], [0.039125, 0.031916, 0.049968, 0.040787], [0.181967, 0.148508, 0.049983, 0.040808], [0.050429, 0.041146, 0.049961, 0.040797]], "nuclear_repulsion_energy_from_xyz": 7.10658, "elements_3D_coords_converged": [2.536774, 0.049251, 0.0, 3.765651, 0.052905, 0.0, 1.308375, 0.052844, 0.0], "OPT_DONE": false}, "excited_states": {"et_oscs": [0.0, 0.0, 0.0, 0.0, 0.0, 0.0, 0.0, 0.0, 0.0, 0.0, 0.0, 0.0, 0.0, 0.0, 0.0, 0.0, 0.0, 0.0, 0.0, 0.0, 0.0, 0.0, 0.0, 0.0, 0.0, 0.0, 0.0, 0.0, 0.0, 0.0, 0.0, 0.0, 0.0, -0.0, 0.0, 0.0, 0.0, 0.0, 0.0, 0.0, -0.0, -0.0, 0.0, 0.0, 0.0, 0.0, 0.0, 0.0, -0.0, -0.0, 0.0, 0.0, 0.0, 0.0, 0.0, 0.0, -0.0, -0.0, 0.0, 0.0, 0.0, 0.0, 0.0, 0.0, -0.0, -0.0, 0.0, 0.0, 0.0, 0.0, 0.0, 0.0, -0.0, -0.0, 0.0, 0.0, 0.0, 0.0, 0.0, 0.0, -0.0, -0.0, 0.0, 0.0, 0.0, 0.0, 0.0, 0.0, -0.0, -0.0, 0.0, 0.0, 0.0, 0.0, 0.0, 0.0, -0.0, -0.0, 0.0, 0.0, 0.0, 0.0, 0.0, 0.0, -0.0, -0.0, 0.0, 0.0, 0.0, 0.0, 0.0, 0.0, -0.0, -0.0, 0.0, 0.0, 0.0, 0.0, 0.0, 0.0, -0.0, -0.0, 0.0, 0.0, 0.0, 0.0, 0.0, 0.0, -0.0, -0.0, 0.0, 0.0, 0.0, 0.0, 0.0, 0.0, -0.0, -0.0, 0.0, 0.0, 0.0, 0.0, 0.0, 0.0, -0.0, -0.0, 0.0, 0.0, 0.0, 0.0, 0.0, 0.0, -0.0, -0.0, 0.0, 0.0, 0.0, 0.0, 0.0, 0.0], "et_rot": [0.0, 0.0, 0.0, 0.0, 0.0, 0.0, 0.0, 0.0], "et_transitions": [[[[4, 0], [5, 0], 1.0011359229395378]], [[[4, 0], [6, 0], 1.000541953243341]], [[[2, 0], [6, 0], 0.18751057623504871], [[3, 0], [5, 0], 0.9841936444623082]], [[[2, 0], [5, 0], 0.41531209686210685], [[3, 0], [6, 0], 0.9140203674973552]], [[[2, 0], [5, 0], 0.9091696149784154], [[3, 0], [6, 0], -0.41167756800680805]], [[[2, 0], [6, 0], 0.9811389431675822], [[3, 0], [5, 0], -0.1871853071157029]], [[[1, 0], [5, 0], 0.9947436776376113]], [[[1, 0], [6, 0], 0.9972609777786354]], [[[4, 0], [5, 0], 1.0018995982632193]], [[[4, 0], [6, 0], 1.0009096487695581]], [[[2, 0], [6, 0], 0.2170252132817752], [[3, 0], [5, 0], 0.982680435950569]], [[[2, 0], [5, 0], 0.5111250657128841], [[3, 0], [6, 0], 0.8682847008902093]], [[[2, 0], [5, 0], 0.8615813286045608], [[3, 0], [6, 0], -0.5044499776984831]], [[[2, 0], [6, 0], 0.9776599778041444], [[3, 0], [5, 0], -0.21189161805036083]], [[[1, 0], [5, 0], 0.9955073529612928]], [[[1, 0], [6, 0], 0.9977276682542187]], [[[4, 0], [5, 0], 1.006382655255942]], [[[2, 0], [6, 0], 0.27868492460124217], [[3, 0], [5, 0], 1.0038370708436704]], [[[4, 0], [6, 0], 1.00228143592506]], [[[2, 0], [5, 0], 0.6569870525360451], [[3, 0], [6, 0], 0.7872785480374783]], [[[2, 0], [5, 0], 0.7693887464734587], [[3, 0], [6, 0], -0.6372304890696929]], [[[2, 0], [6, 0], 0.9738274590501133], [[3, 0], [5, 0], -0.24666712954911524]], [[[1, 0], [5, 0], 0.9974023991348727]], [[[1, 0], [6, 0], 0.9987883284259985]], [[[4, 0], [5, 0], 1.0074291732920981]], [[[2, 0], [6, 0], 0.2028689355224205], [[3, 0], [5, 0], 1.0264079192991449]], [[[4, 0], [6, 0], 1.0018854561275954]], [[[2, 0], [5, 0], 0.6493927257061015], [[3, 0], [6, 0], 0.7888341829560888]], [[[2, 0], [5, 0], 0.7737162399743204], [[3, 0], [6, 0], -0.6318423353970515]], [[[2, 0], [6, 0], 0.9873331985707764], [[3, 0], [5, 0], -0.1727037602370024]], [[[1, 0], [5, 0], 0.9956204900462827]], [[[1, 0], [6, 0], 0.9986327649341374]], [[[4, 0], [5, 0], -1.0333375657547732]], [[[2, 0], [6, 0], 0.1622527220110652], [[3, 0], [5, 0], -1.2545771354524202]], [[[2, 0], [5, 0], -0.6977729716748852], [[3, 0], [6, 0], 0.7417408713290647]], [[[4, 0], [6, 0], 1.0015036184657546]], [[[2, 0], [5, 0], -0.7302715993382188], [[3, 0], [6, 0], -0.6819337797763065]], [[[1, 0], [5, 0], -0.2017799910793932], [[2, 0], [6, 0], 0.9812096538457009]], [[[1, 0], [5, 0], -0.9798944352326939], [[2, 0], [6, 0], -0.20134158487505754]], [[[1, 0], [6, 0], 0.9983640643572864]], [[[3, 0], [5, 0], 1.0001459734458766]], [[[4, 0], [5, 0], 1.000131831310253]], [[[2, 0], [5, 0], 1.0071604727152472]], [[[3, 0], [6, 0], 1.0016026134151208]], [[[4, 0], [6, 0], -0.9995944301565511]], [[[1, 0], [5, 0], 0.44015982915300217], [[2, 0], [6, 0], 0.9022823949296583]], [[[1, 0], [5, 0], 0.8988741402443393], [[2, 0], [6, 0], -0.4385051992850256]], [[[1, 0], [6, 0], 0.9974872519486152]], [[[3, 0], [5, 0], 1.0069907670877623]], [[[4, 0], [5, 0], 1.0070190513590098]], [[[2, 0], [5, 0], 1.0075564525127116]], [[[3, 0], [6, 0], 1.001701608364487]], [[[4, 0], [6, 0], -0.9992267346303341]], [[[1, 0], [5, 0], 0.4337110153085808], [[2, 0], [6, 0], 0.9054926597162453]], [[[1, 0], [5, 0], 0.9020136943528076], [[2, 0], [6, 0], -0.4320139590337331]], [[[1, 0], [6, 0], 0.9975296783554863]], [[[3, 0], [5, 0], -1.283540229209821]], [[[4, 0], [5, 0], -1.2840352039566518]], [[[2, 0], [5, 0], 1.010384879637458]], [[[3, 0], [6, 0], 1.0020551617550804]], [[[4, 0], [6, 0], -0.9991135975453442]], [[[1, 0], [5, 0], 0.41286550739920136], [[2, 0], [6, 0], 0.9154628653309757]], [[[1, 0], [5, 0], 0.9117576257975581], [[2, 0], [6, 0], -0.4110694561749875]], [[[1, 0], [6, 0], 0.9976852418473475]], [[[3, 0], [5, 0], -1.0375660643062687]], [[[4, 0], [5, 0], -1.0376226328487637]], [[[2, 0], [5, 0], -1.015476048462001]], [[[3, 0], [6, 0], 1.0025218522306634]], [[[4, 0], [6, 0], -1.0002873948021138]], [[[1, 0], [5, 0], -0.39244426355853396], [[2, 0], [6, 0], 0.9246835377576483]], [[[1, 0], [5, 0], -0.9207378819186273], [[2, 0], [6, 0], -0.39054921738495396]], [[[1, 0], [6, 0], 0.9978549474748323]], [[[3, 0], [5, 0], 1.0006126639214596]], [[[4, 0], [5, 0], 1.0006126639214596]], [[[2, 0], [5, 0], 1.007485741834593]], [[[3, 0], [6, 0], 1.0016308976863684]], [[[4, 0], [6, 0], -0.9996368565634223]], [[[1, 0], [5, 0], 0.43764252901197803], [[2, 0], [6, 0], 0.9035410450001705]], [[[1, 0], [5, 0], 0.9001045060436038], [[2, 0], [6, 0], -0.4359878991440015]], [[[1, 0], [6, 0], 0.9975013940842389]], [[[3, 0], [5, 0], 1.000117689174629]], [[[4, 0], [5, 0], 1.0001035470390054]], [[[2, 0], [5, 0], 1.007174614850871]], [[[3, 0], [6, 0], 1.0016026134151208]], [[[4, 0], [6, 0], -0.9996085722921748]], [[[1, 0], [5, 0], 0.44007497633925974], [[2, 0], [6, 0], 0.9023248213365297]], [[[1, 0], [5, 0], 0.8989165666512106], [[2, 0], [6, 0], -0.43842034647128325]], [[[1, 0], [6, 0], 0.9974872519486152]], [[[3, 0], [5, 0], 1.0001459734458766]], [[[4, 0], [5, 0], 1.000131831310253]], [[[2, 0], [5, 0], 1.0071604727152472]], [[[3, 0], [6, 0], 1.0016026134151208]], [[[4, 0], [6, 0], -0.9995944301565511]], [[[1, 0], [5, 0], 0.44015982915300217], [[2, 0], [6, 0], 0.9022823949296583]], [[[1, 0], [5, 0], 0.8988741402443393], [[2, 0], [6, 0], -0.4385051992850256]], [[[1, 0], [6, 0], 0.9974872519486152]], [[[3, 0], [5, 0], 1.1933841146085362]], [[[4, 0], [5, 0], 