{"molecule": {"atoms_masses": [12.0, 1.007825, 1.007825, 1.007825, 1.007825], "nb_atoms": 5, "starting_geometry": [[3e-06, 1.1e-05, 8e-06], [0.065861, -0.777865, 0.76386], [0.036412, 0.982136, 0.476387], [0.837587, -0.099346, -0.693899], [-0.939879, -0.104993, -0.546396]], "atoms_Z": [6, 1, 1, 1, 1], "atoms_Zeff": [0.0, 0.0, 0.0, 0.0, 0.0], "multiplicity": 1, "chirality": false, "nuclear_spins": [0.0, 1.0, 1.0, 1.0, 1.0], "nuclear_QMom": [0.0, 0.0, 0.0, 0.0, 0.0], "connectivity": {"bond_orders": [1, 1, 1, 1, 1, 1, 1, 1], "atom_pairs": [[0, 1], [0, 2], [0, 3], [0, 4], [1, 0], [2, 0], [3, 0], [4, 0]]}, "charge": 0, "can": "C", "smi": "C", "starting_nuclear_repulsion": 13.40826, "inchi": "InChI=1S/CH4/h1H4", "formula": "CH4", "nuclear_gfactors": [0.0, 2.792846, 2.792846, 2.792846, 2.792846], "starting_energy": -40.4734802011, "nb_heavy_atoms": 1, "atoms_valence": [4, 1, 1, 1, 1], "monoisotopic_mass": 16.031300127999998}, "results": {"geometry": {"geometric_values": [[0.002345, 0.001245, 0.005664, 0.003602], [3.6e-05, 1.8e-05, 9.5e-05, 5.7e-05]], "nuclear_repulsion_energy_from_xyz": 13.45223, "elements_3D_coords_converged": [5e-06, 0.0, 2e-06, -0.722819, 0.375622, 0.7222, 0.909449, 0.595985, 0.053229, 0.233178, -1.038918, 0.22672, -0.419836, 0.067309, -1.002163], "OPT_DONE": true}, "excited_states": {}, "freq": {}, "wavefunction": {"Mulliken_partial_charges": [-0.04787, 0.011973, 0.011962, 0.011968, 0.011967], "MO_number": 111, "homo_indexes": [4], "SCF_values": [7.67e-09, 4.42e-07, -1.98e-10], "MO_number_kept": 35, "total_molecular_energy": -40.47351031969999, "MO_energies": [[-277.54524295598003, -19.4482490090855, -10.989862080143501, -10.989589966293, -10.989589966293, 0.13061464824, 1.2919965621740002, 1.2919965621740002, 1.2919965621740002, 2.6531100423750003, 2.6533821562255, 2.6533821562255, 3.456390129051, 5.4186031050065, 5.4186031050065, 5.4186031050065, 7.527213332531, 7.901914104669499, 7.901914104669499, 8.721793136226001, 8.721793136226001, 8.722065250076499, 14.273187800276501, 14.273459914127, 14.273459914127, 14.927893724579501, 15.523550943324, 15.523550943324, 15.523550943324, 16.303429238857, 16.303429238857, 16.3037013527075, 21.7242092546675, 21.941083993516003, 21.9413561073665]], "MO_coefs": [[[0.56374, 0.46079, 0.02994, 0.06203, 0.01162, -0.01535, -0.01052, -0.00415, 0.00415, -0.01535, -0.01052, 0.00523, 0.0047, -0.01535, -0.01052, -0.00597, -0.00537, -0.01535, -0.01052, -0.00576, -0.00518, -0.10822, -0.16939, 0.43082, 0.22748, 0.08277, 0.10741, 0.01464, 0.00893, -0.00892, 0.08277, 0.10741, 0.01465, -0.01123, -0.00736, -0.00855, 0.08277, 0.10741, 0.01465, 0.01283, 0.00977, 0.08277, 0.10741, 0.01465, 0.01238, 0.00943, 0.196, 0.04835, 0.01125, 0.26588, 0.06558, 0.01526, 0.15207, 0.03751, 0.00873, 0.00876, -0.09281, -0.15231, -0.07988, -0.0124, 0.00894, 0.01226, 0.01242, 0.16703, 0.27411, 0.14373, 0.02231, -0.01439, -0.01427, -0.01859, -0.01564, 0.01191, 0.00852, -0.07263, -0.1192, -0.06251, -0.0097, -0.01189, -0.01248, 0.04724, -0.19575, 0.01817, 0.06408, -0.26554, 0.02465, 0.03665, -0.15188, 0.0141, -0.00904, -0.07605, -0.1248, -0.06544, -0.01016, -0.00664, -0.0069, 0.01059, -0.00775, 0.01056, -0.0585, -0.09601, -0.05034, -0.00782, 0.01205, 0.01151, 0.17575, 0.28841, 0.15124, 0.02348, 0.01971, 0.02406, -0.00631, -0.0412, -0.06761, -0.03545, -0.01135, -0.00795, -0.00657, -0.01524, 0.01499, 0.20106, -0.02067, 0.02033, 0.27274, -0.01182, 0.01163, 0.15599, -0.00564, -0.00981, 0.13018, 0.21363, 0.11202, 0.01739, 0.01533, -0.00754, 0.01609, -0.00806, -0.00806, 0.00763, 0.01211, 0.00863, 0.02128, 0.03493, 0.01832, 0.01132, 0.00781, -0.15611, -0.25618, -0.13434, -0.02086, -0.01224, -0.01487, -0.01233, -0.01918, 0.15832, 1.01662, 4.55954, -0.53065, -1.19181, -0.53063, -1.19185, -0.53064, -1.19178, -0.53057, -1.19175, -0.06778, 0.59161, 0.08621, -0.62415, -0.09109, -0.09481, 0.1126, 0.16865, 0.83312, -2.47874, 0.12701, -0.06984, -0.13223, -0.23193, -1.146, 3.40886, 0.224, 0.14973, -0.07513, 0.22261, 0.07843, 0.38743, -1.15313, 0.08604, 0.06735, 0.07934, -0.58794, -0.08648, -0.08367, 0.62015, 0.09134, -0.06434, -0.11589, 0.13458, 0.66499, -1.97771, 0.10519, -0.10504, 0.11175, 0.55217, -1.6421, -0.11147, -0.06681, -0.24086, -1.18989, 3.53967, 0.0604, -0.26682, 0.08051, 0.06777, 0.07955, -0.59158, 0.05862, -0.084, 0.62419, 0.09652, 0.11359, 0.14113, 0.69726, -2.07431, 0.11166, -0.10526, 0.06732, -0.20061, 0.09075, 0.44829, -1.33408, 0.10191, -0.24554, -1.21313, 3.60875, -0.11175, -0.26227, -0.48824, 0.97771, 0.34495, -1.51124, 3.02666, 1.06807, -0.11933, 0.15376, -0.32798, -2.1235, -3.59759, -0.19351, 0.19709, -0.34409, -0.58315, 0.35576, 2.30321, 3.90214, 0.29598, 0.1641, 0.27846, 0.46513, 0.5473, -0.89279, 1.44014, 1.69452, -2.7639, 0.14544, 0.1489, 0.26234, 1.69836, 2.87779, 0.15278, -0.23744, -1.53762, -2.60508, 0.17575, 0.22415, 1.45116, 2.45914, 0.18825, -0.24919, -1.61348, -2.73308, -0.19392, -0.92635, -0.24025, -0.63009, -2.86836, -0.74382, -1.95038, 0.18797, -0.27258, -0.46243, 0.34486, 2.23262, 3.78327, -0.24858, -0.17252, 0.23905, 0.40525, -0.33981, -2.20031, -3.72748, -0.27985, 3.28869, 16.71265, -2.36602, -3.02676, -2.36595, -3.0269, 0.33246, -2.36609, -3.02681, -0.37983, -2.36568, -3.02627, -0.36636, -0.18244, 0.1871, 0.1657, -1.4162, 1.4524, 1.28627, 1.03663, -1.06323, -0.94169, -0.17986, -0.55518, -3.79661, 4.71666, -0.33863, 0.17634, 0.33827, 0.53777, -0.66802, 0.3439, 2.35184, -2.92179, 0.3016, 0.13261, 0.90688, -1.12691, -0.13695, 0.11759, -0.26132, -0.90639, 0.91284, -2.02848, 0.66346, -0.66823, 1.485, 0.20319, 0.12838, 0.70978, -0.88182, 0.59013, -0.73295, 0.35994, 2.46154, -3.05793, 0.31535, -0.54998, -3.76108, 4.67278, -0.19489, -0.46514, 0.22099, 0.2166, 1.71543, 1.68136, -1.25572, -1.23075, 0.20653, 0.1368, 0.93555, -1.16195, -0.56927, -3.89288, 4.83649, 0.4368, 0.28653, 0.29983, 2.05041, -2.54685, 0.26317, 0.13274, 0.90774, -1.1273, 10.6536, 19.79689, -0.56194, -5.43735, -2.67073, -0.56192, -5.43715, -2.67055, -0.56196, -5.43735, -2.67072, -0.63407, -0.56206, -5.43818, -2.67067, -0.61181, -0.01168, 0.00877, 0.01822, -0.01563, -0.01934, 0.01451, -0.01139, 0.03011, -0.02583, 0.00978, 0.01038, -0.32301, 0.03711, -0.34244, 0.01192, 0.25457, -0.3934, 0.058, -0.01337, 0.44162, 0.1235, 0.11257, 0.0113, -0.37315, 0.23279, 0.17186, 0.00914, 0.01225, 0.02468, -0.01019, 0.02023, 0.04086, -0.01337, 0.14267, 0.44166, -0.08676, 0.00852, -0.01418, -0.05098, 0.03601, 0.46803, 0.01357, 0.13316, -0.06787, -0.44791, 0.01241, -0.2249, -0.40979, 0.0667, -0.23307, -0.15733, 1.47844, -2.96704, -2.00291, 0.83939, -1.68442, -1.13705, 0.16562, -0.14683, -0.15891, 0.843, -0.59474, -0.74736, -0.14258, 0.82742, 5.99116, 0.76482, 0.8888, -0.25536, -0.83865, 0.87552, -0.32779, 0.15481, 0.17706, -0.67775, -4.90729, -0.62644, -0.93122, 0.45208, -0.27054, -1.95897, -0.24991, -0.33401, 0.30991, -0.27778, -0.14546, 0.26024, 0.77198, -1.85179, 3.31293, 0.43829, -1.0513, 1.8808, -0.17292, -0.1338, -0.88022, -0.68104, -0.54161, -0.33927, -0.25971, -1.88067, -0.24017, -0.39501, 0.34151, 0.37129, -0.1527, -0.3158, -0.65087, -4.71283, -0.60182, 0.18823, -0.98792, -0.14805, 0.85913, 6.22052, 0.79387, 0.54728, 1.16826, -0.2746, -3.49565, -1.6639, -1.98466, -0.94471, 0.13969, -0.19766, 0.71102, -0.16199, -0.32282, -1.00609, -0.41448, -3.00095, -0.38305, -0.18649, 0.42373, 0.52516, -0.16407, 0.95222, 6.89454, 0.8804, -0.13368, -1.15964, -0.81879, -0.20227, -1.46445, -0.18695, 0.40929, -0.2048, -0.33539, -2.42832, -0.31006, 0.19505, -0.56667, -0.32754, -0.62642, -0.04986, -0.63561, 0.98954, -0.22122, -0.05754, 1.14186, 0.29841, 0.19294, 0.03334, -0.1786, -0.66167, 0.04227, -0.48242, -0.83896, -0.04671, -0.05287, -0.16877, 0.1637, 1.0493, 0.04211, 0.11957, -0.15549, -0.8357, 0.5316, 0.83075, -0.16691, 0.04514, -0.68094, 0.41239, -0.89578, -0.04178, 0.53272, -0.04028, -0.23077, 0.12257, 0.79944, -0.04804, 0.95335, -0.55128, -0.43644, 18.5912, 17.98045, -7.15867, -2.24309, -1.31643, 0.684, 1.31561, -7.15751, -2.24345, 1.65608, 1.0852, -7.15852, -2.24316, -1.89215,