{"molecule": {"atoms_masses": [12.0, 1.007825, 1.007825, 1.007825, 1.007825], "nb_atoms": 5, "starting_geometry": [[5e-06, 0.0, 2e-06], [-0.722819, 0.375622, 0.7222], [0.909449, 0.595985, 0.053229], [0.233178, -1.038918, 0.22672], [-0.419836, 0.067309, -1.002163]], "atoms_Z": [6, 1, 1, 1, 1], "atoms_Zeff": [-3.6, -1.0, -1.0, -1.0, -1.0], "multiplicity": 1, "chirality": false, "nuclear_spins": [0.0, 1.0, 1.0, 1.0, 1.0], "nuclear_QMom": [0.0, 0.0, 0.0, 0.0, 0.0], "connectivity": {"bond_orders": [1, 1, 1, 1, 1, 1, 1, 1], "atom_pairs": [[0, 1], [0, 2], [0, 3], [0, 4], [1, 0], [2, 0], [3, 0], [4, 0]]}, "charge": 0, "can": "C", "smi": "C", "starting_nuclear_repulsion": 13.45223, "inchi": "InChI=1S/CH4/h1H4", "formula": "CH4", "nuclear_gfactors": [0.0, 2.792846, 2.792846, 2.792846, 2.792846], "starting_energy": -40.47351031969999, "nb_heavy_atoms": 1, "atoms_valence": [4, 1, 1, 1, 1], "monoisotopic_mass": 16.031300127999998}, "results": {"geometry": {"nuclear_repulsion_energy_from_xyz": 13.45223, "elements_3D_coords_converged": [5e-06, 0.0, 2e-06, -0.722819, 0.375622, 0.7222, 0.909449, 0.595985, 0.053229, 0.233178, -1.038918, 0.22672, -0.419836, 0.067309, -1.002163]}, "excited_states": {"et_oscs": [0.1032, 0.1032, 0.1032, 0.023, 0.023, 0.023, 0.0, 0.0, 0.0, 0.0], "et_rot": [0.0013, -0.0002, 0.0, -0.0003, -0.0004, 0.0008, 0.0, 0.0, 0.0002, -0.0001], "et_transitions": [[[[4, 0], [5, 0], 0.9931597584477535]], [[[3, 0], [5, 0], 0.9931739005833773]], [[[2, 0], [5, 0], 0.993188042719001]], [[[2, 0], [7, 0], -0.3511916539441107], [[3, 0], [6, 0], -0.2949200962972853], [[3, 0], [7, 0], 0.46328222089780224], [[3, 0], [8, 0], -0.3160908733260105], [[4, 0], [6, 0], 0.2968010003352415], [[4, 0], [7, 0], 0.3442054389459876], [[4, 0], [8, 0], 0.4864046126426024]], [[[2, 0], [6, 0], 0.1569069947452949], [[2, 0], [8, 0], 0.4942393557781493], [[3, 0], [7, 0], 0.34830665827686963], [[3, 0], [8, 0], 0.24011932075532783], [[4, 0], [6, 0], -0.49450805635500017], [[4, 0], [7, 0], -0.16766915995495416], [[4, 0], [8, 0], 0.494833325474346]], [[[2, 0], [6, 0], 0.657779012130974], [[2, 0], [7, 0], -0.3576121835172845], [[3, 0], [6, 0], -0.3190748639426177], [[3, 0], [7, 0], -0.48442471365528], [[3, 0], [8, 0], 0.24912786114764446], [[4, 0], [8, 0], 0.15215523717572133]], [[[2, 0], [8, 0], 0.39730915821309737], [[3, 0], [7, 0], -0.2493258510463767], [[3, 0], [8, 0], -0.4979587374471905], [[4, 0], [6, 0], -0.3740594872476837], [[4, 0], [7, 0], 0.5610043780577831], [[4, 0], [8, 0], -0.18523369239962803]], [[[2, 0], [6, 0], 0.4317311163212585], [[2, 0], [7, 0], 0.4735211270893835], [[2, 0], [8, 0], -0.2703976331257358], [[3, 0], [6, 0], 0.5337383405752298], [[3, 0], [8, 0], -0.17694640092412167], [[4, 0], [6, 0], 0.1568504262028], [[4, 0], [7, 0], 0.19388867940135135], [[4, 0], [8, 0], 0.3254953935157916]], [[[3, 0], [7, 0], 0.15399371480680632], [[3, 0], [8, 0], 0.6727555337565051], [[4, 0], [7, 0], 0.6754991080675089], [[4, 0], [8, 0], -0.16853183022800175]], [[[2, 0], [7, 0], 0.21890611731973142], [[2, 0], [8, 0], 0.6612014089519169], [[4, 0], [6, 0], 0.6880290402301346]]], "et_energies": [79779.524790106, 79780.331344535, 79781.137898964, 89428.335424233, 89428.335424233, 89429.141978662, 89921.946734781, 89921.946734781, 90158.267182478, 90159.073736907], "et_sym": ["Singlet-A", "Singlet-A", "Singlet-A", "Singlet-A", "Singlet-A", "Singlet-A", "Singlet-A", "Singlet-A", "Singlet-A", "Singlet-A"]}, "freq": {}, "wavefunction": {"Mulliken_partial_charges": [-0.04787, 0.011973, 0.011962, 0.011968, 0.011967], "MO_number": 111, "homo_indexes": [4], "SCF_values": [1.12e-09, 3.11e-08, null], "MO_number_kept": 35, "total_molecular_energy": -40.47351031969999, "MO_energies": [[-277.54524295598003, -19.4482490090855, -10.989862080143501, -10.989589966293, -10.989589966293, 0.13061464824, 1.2919965621740002, 1.2919965621740002, 1.2919965621740002, 2.6531100423750003, 2.6533821562255, 2.6533821562255, 3.456390129051, 5.4186031050065, 5.4186031050065, 5.4186031050065, 7.527213332531, 7.901914104669499, 7.901914104669499, 8.721793136226001, 8.721793136226001, 8.722065250076499, 14.273187800276501, 14.273459914127, 14.273459914127, 14.927893724579501, 15.523550943324, 15.523550943324, 15.523550943324, 16.303429238857, 16.303429238857, 16.3037013527075, 21.7242092546675, 21.941083993516003, 21.9413561073665]], "virial_ratio": [2.0061], "MO_sym": [["A", "A", "A", "A", "A", "A", "A", "A", "A", "A", "A", "A", "A", "A", "A", "A", "A", "A", "A", "A", "A", "A", "A", "A", "A", "A", "A", "A", "A", "A", "A", "A", "A", "A", "A"]]}}, "comp_details": {"geometry": {}, "excited_states": {"nb_et_states": 10}, "freq": {}, "general": {"scf_targets": [[1e-08, 1e-06, 1e-06]], "list_theory": ["DFT"], "solvent": "Gas", "package": "Gaussian", "integration_grid": "Default", "package_version": "09revisionD.01", "basis_set_size": 111, "job_type": ["TD"], "functional": "PBE1PBE", "is_closed_shell": "True", "core_electrons_per_atoms": [0, 0, 0, 0, 0], "basis_set_md5": "d92bb33db80c2addaf2dd669b93654ac", "basis_set": "(lp0\n(lp1\n(VS\np2\n(lp3\n(F4563.24\nF0.001966650249\ntp4\na(F682.024\nF0.01523060193\ntp5\na(F154.973\nF0.07612690966\ntp6\na(F44.4553\nF0.2608010331\ntp7\na(F13.029\nF0.6164620782\ntp8\na(F1.82773\nF0.221006028\ntp9\natp10\na(g2\n(lp11\n(F20.9642\nF0.1146600807\ntp12\na(F4.80331\nF0.9199996477\ntp13\na(F1.45933\nF-0.003030682134\ntp14\natp15\na(VP\np16\n(lp17\n(F20.9642\nF0.04024869267\ntp18\na(F4.80331\nF0.2375939567\ntp19\na(F1.45933\nF0.8158538515\ntp20\natp21\na(g2\n(lp22\n(F0.483456\nF1.0\ntp23\natp24\na(g16\n(lp25\n(F0.483456\nF1.0\ntp26\natp27\na(g2\n(lp28\n(F0.145585\nF1.0\ntp29\natp30\na(g16\n(lp31\n(F0.145585\nF1.0\ntp32\natp33\na(g2\n(lp34\n(F0.0438\nF1.0\ntp35\natp36\na(g16\n(lp37\n(F0.0438\nF1.0\ntp38\natp39\na(VD\np40\n(lp41\n(F2.504\nF1.0\ntp42\natp43\na(g40\n(lp44\n(F0.626\nF1.0\ntp45\natp46\na(g40\n(lp47\n(F0.1565\nF1.0\ntp48\natp49\na(VF\np50\n(lp51\n(F0.8\nF1.0\ntp52\natp53\naa(lp54\n(g2\n(lp55\n(F33.865\nF0.02549381454\ntp56\na(F5.09479\nF0.1903731086\ntp57\na(F1.15879\nF0.852161486\ntp58\natp59\na(g2\n(lp60\n(F0.32584\nF1.0\ntp61\natp62\na(g2\n(lp63\n(F0.102741\nF1.0\ntp64\natp65\na(g2\n(lp66\n(F0.036\nF1.0\ntp67\natp68\na(g16\n(lp69\n(F3.0\nF1.0\ntp70\natp71\na(g16\n(lp72\n(F0.75\nF1.0\ntp73\natp74\na(g16\n(lp75\n(F0.1875\nF1.0\ntp76\natp77\na(g40\n(lp78\n(F1.0\nF1.0\ntp79\natp80\naa(lp81\n(g2\n(lp82\n(F33.865\nF0.02549381454\ntp83\na(F5.09479\nF0.1903731086\ntp84\na(F1.15879\nF0.852161486\ntp85\natp86\na(g2\n(lp87\n(F0.32584\nF1.0\ntp88\natp89\na(g2\n(lp90\n(F0.102741\nF1.0\ntp91\natp92\na(g2\n(lp93\n(F0.036\nF1.0\ntp94\natp95\na(g16\n(lp96\n(F3.0\nF1.0\ntp97\natp98\na(g16\n(lp99\n(F0.75\nF1.0\ntp100\natp101\na(g16\n(lp102\n(F0.1875\nF1.0\ntp103\natp104\na(g40\n(lp105\n(F1.0\nF1.0\ntp106\natp107\naa(lp108\n(g2\n(lp109\n(F33.865\nF0.02549381454\ntp110\na(F5.09479\nF0.1903731086\ntp111\na(F1.15879\nF0.852161486\ntp112\natp113\na(g2\n(lp114\n(F0.32584\nF1.0\ntp115\natp116\na(g2\n(lp117\n(F0.102741\nF1.0\ntp118\natp119\na(g2\n(lp120\n(F0.036\nF1.0\ntp121\natp122\na(g16\n(lp123\n(F3.0\nF1.0\ntp124\natp125\na(g16\n(lp126\n(F0.75\nF1.0\ntp127\natp128\na(g16\n(lp129\n(F0.1875\nF1.0\ntp130\natp131\na(g40\n(lp132\n(F1.0\nF1.0\ntp133\natp134\naa(lp135\n(g2\n(lp136\n(F33.865\nF0.02549381454\ntp137\na(F5.09479\nF0.1903731086\ntp138\na(F1.15879\nF0.852161486\ntp139\natp140\na(g2\n(lp141\n(F0.32584\nF1.0\ntp142\natp143\na(g2\n(lp144\n(F0.102741\nF1.0\ntp145\natp146\na(g2\n(lp147\n(F0.036\nF1.0\ntp148\natp149\na(g16\n(lp150\n(F3.0\nF1.0\ntp151\natp152\na(g16\n(lp153\n(F0.75\nF1.0\ntp154\natp155\na(g16\n(lp156\n(F0.1875\nF1.0\ntp157\natp158\na(g40\n(lp159\n(F1.0\nF1.0\ntp160\natp161\naa.", "last_theory": "DFT", "all_unique_theory": ["DFT"]}}, "metadata": {"archivable_for_new_entry": "False", "archivable": "True", "parser_version": "v7.1", "log_file": "TD.log"}}
