{"molecule": {"atoms_masses": [12.0, 1.007825, 1.007825, 1.007825, 1.007825], "nb_atoms": 5, "starting_geometry": [[5e-06, 0.0, 2e-06], [-0.722819, 0.375622, 0.7222], [0.909449, 0.595985, 0.053229], [0.233178, -1.038918, 0.22672], [-0.419836, 0.067309, -1.002163]], "atoms_Z": [6, 1, 1, 1, 1], "atoms_Zeff": [-3.6, -1.0, -1.0, -1.0, -1.0], "multiplicity": 1, "chirality": false, "nuclear_spins": [0.0, 1.0, 1.0, 1.0, 1.0], "nuclear_QMom": [0.0, 0.0, 0.0, 0.0, 0.0], "connectivity": {"bond_orders": [1, 1, 1, 1, 1, 1, 1, 1], "atom_pairs": [[0, 1], [0, 2], [0, 3], [0, 4], [1, 0], [2, 0], [3, 0], [4, 0]]}, "charge": 0, "can": "C", "smi": "C", "starting_nuclear_repulsion": 13.45223, "inchi": "InChI=1S/CH4/h1H4", "formula": "CH4", "nuclear_gfactors": [0.0, 2.792846, 2.792846, 2.792846, 2.792846], "starting_energy": -40.47351031969999, "nb_heavy_atoms": 1, "atoms_valence": [4, 1, 1, 1, 1], "monoisotopic_mass": 16.031300127999998}, "results": {"geometry": {"nuclear_repulsion_energy_from_xyz": 13.45223, "elements_3D_coords_converged": [5e-06, 0.0, 2e-06, -0.722819, 0.375622, 0.7222, 0.909449, 0.595985, 0.053229, 0.233178, -1.038918, 0.22672, -0.419836, 0.067309, -1.002163]}, "excited_states": {"et_oscs": [0.0, 0.0, 0.0, 0.0, 0.0, 0.0, 0.0, 0.0, 0.0, 0.0], "et_rot": [0.0, 0.0, 0.0, 0.0, 0.0, 0.0, 0.0, 0.0, 0.0, 0.0], "et_transitions": [[[[4, 0], [5, 0], 0.9578185615240499], [[4, 0], [12, 0], -0.18059507191504426]], [[[3, 0], [5, 0], 0.9573518710484669], [[3, 0], [12, 0], -0.18051021910130188]], [[[2, 0], [5, 0], 0.9576347137609414], [[2, 0], [12, 0], -0.18055264550817307]], [[[2, 0], [6, 0], 0.5250974957091302], [[2, 0], [15, 0], -0.16191331075609566], [[3, 0], [7, 0], 0.5149575844669152], [[4, 0], [8, 0], -0.5133029545989386], [[4, 0], [14, 0], 0.1474459060130189]], [[[2, 0], [7, 0], -0.27728485317449275], [[3, 0], [5, 0], 0.1480398757092156], [[3, 0], [6, 0], -0.23610295423818822], [[3, 0], [7, 0], 0.539720463944068], [[3, 0], [8, 0], -0.25864551842241534], [[4, 0], [6, 0], 0.16735803297123208], [[4, 0], [7, 0], 0.28714192170423325], [[4, 0], [8, 0], 0.5501432178987578]], [[[2, 0], [6, 0], -0.1573171166783831], [[2, 0], [7, 0], -0.17621100987168767], [[2, 0], [8, 0], -0.488738065020518], [[3, 0], [7, 0], -0.21108551631980818], [[3, 0], [8, 0], -0.2996011431887402], [[4, 0], [5, 0], -0.19616556323677203], [[4, 0], [6, 0], 0.5248712215391506], [[4, 0], [7, 0], 0.23228457761978089], [[4, 0], [8, 0], -0.3603416156926647]], [[[2, 0], [5, 0], 0.14825200774357158], [[2, 0], [6, 0], 0.6291129032216715], [[2, 0], [7, 0], -0.3683460644556964], [[2, 0], [15, 0], -0.15683628406717626], [[3, 0], [6, 0], -0.3268106121287985], [[3, 0], [7, 0], -0.43362616249483843], [[3, 0], [8, 0], 0.21244316133968635], [[4, 0], [8, 0], 0.17430182156248397]], [[[2, 0], [8, 0], 0.39472114739395464], [[3, 0], [7, 0], -0.24953798308073263], [[3, 0], [8, 0], -0.498510280736516], [[4, 0], [6, 0], -0.3700148364592966], [[4, 0], [7, 0], 0.5589254841210947], [[4, 0], [8, 0], -0.18176886917181392]], [[[2, 0], [6, 0], 0.4293128111296005], [[2, 0], [7, 0], 0.47147051742394247], [[2, 0], [8, 0], -0.2731129231654921], [[3, 0], [6, 0], 0.5317301573166601], [[3, 0], [8, 0], -0.1725764810163888], [[4, 0], [6, 0], 0.15871718810513247], [[4, 0], [7, 0], 0.1883025358299776], [[4, 0], [8, 0], 0.3258772311776323]], [[[2, 0], [8, 0], 0.18963189657860832], [[3, 0], [7, 0], 0.14989249547592434], [[3, 0], [8, 0], 0.6491240251292507], [[4, 0], [6, 0], 0.24474379910428784], [[4, 0], [7, 0], 0.6318847618039226], [[4, 0], [8, 0], -0.18322550914105823]]], "et_energies": [76750.10635478201, 76750.912909211, 76751.71946364, 84467.219131454, 87718.440034753, 87718.440034753, 87719.246589182, 88942.789657975, 88942.789657975, 90142.94264832699], "et_sym": ["Triplet-A", "Triplet-A", "Triplet-A", "Triplet-A", "Triplet-A", "Triplet-A", "Triplet-A", "Triplet-A", "Triplet-A", "Triplet-A"]}, "freq": {}, "wavefunction": {"Mulliken_partial_charges": [-0.04787, 0.011973, 0.011962, 0.011968, 0.011967], "MO_number": 111, "homo_indexes": [4], "SCF_values": [1.12e-09, 3.11e-08, null], "MO_number_kept": 35, "total_molecular_energy": -40.47351031969999, "MO_energies": [[-277.54524295598003, -19.4482490090855, -10.989862080143501, -10.989589966293, -10.989589966293, 0.13061464824, 1.2919965621740002, 1.2919965621740002, 1.2919965621740002, 2.6531100423750003, 2.6533821562255, 2.6533821562255, 3.456390129051, 5.4186031050065, 5.4186031050065, 5.4186031050065, 7.527213332531, 7.901914104669499, 7.901914104669499, 8.721793136226001, 8.721793136226001, 8.722065250076499, 14.273187800276501, 14.273459914127, 14.273459914127, 14.927893724579501, 15.523550943324, 15.523550943324, 15.523550943324, 16.303429238857, 16.303429238857, 16.3037013527075, 21.7242092546675, 21.941083993516003, 21.9413561073665]], "virial_ratio": [2.0061], "MO_sym": [["A", "A", "A", "A", "A", "A", "A", "A", "A", "A", "A", "A", "A", "A", "A", "A", "A", "A", "A", "A", "A", "A", "A", "A", "A", "A", "A", "A", "A", "A", "A", "A", "A", "A", "A"]]}}, "comp_details": {"geometry": {}, "excited_states": {"nb_et_states": 10}, "freq": {}, "general": {"scf_targets": [[1e-08, 1e-06, 1e-06]], "list_theory": ["DFT"], "solvent": "Gas", "package": "Gaussian", "integration_grid": "Default", "package_version": "09revisionD.01", "basis_set_size": 111, "job_type": ["TD"], "functional": "PBE1PBE", "is_closed_shell": "True", "core_electrons_per_atoms": [0, 0, 0, 0, 0], "basis_set_md5": "d92bb33db80c2addaf2dd669b93654ac",