{"molecule": {"atoms_masses": [14.003074, 14.003074], "nb_atoms": 2, "starting_geometry": [[0.0, 0.0, 0.556], [0.0, 0.0, -0.556]], "atoms_Z": [7, 7], "atoms_Zeff": [-4.55, -4.55], "multiplicity": 1, "chirality": false, "nuclear_spins": [2.0, 2.0], "nuclear_QMom": [2.044, 2.044], "connectivity": {"bond_orders": [3, 3], "atom_pairs": [[0, 1], [1, 0]]}, "charge": 0, "can": "N#N", "smi": "N#N", "starting_nuclear_repulsion": 23.31806, "inchi": "InChI=1S/N2/c1-2", "formula": "N2", "nuclear_gfactors": [0.403761, 0.403761], "starting_energy": -107.944176125, "nb_heavy_atoms": 2, "atoms_valence": [1, 1], "monoisotopic_mass": 28.00614801}, "results": {"geometry": {"geometric_values": [[0.203132, 0.117278, 0.048443, 0.027969]], "nuclear_repulsion_energy_from_xyz": 23.31806, "elements_3D_coords_converged": [0.0, 0.0, 0.556, 0.0, 0.0, -0.556]}, "excited_states": {}, "freq": {"electronic_thermal_energy": -107.935407, "vibrational_freq": [2812.9782], "zero_point_energy": -107.937768, "enthalpy": -107.934463, "polarizabilities": [[2.589, 0.0, 0.0], [0.0, 2.589, 0.0], [0.0, 0.0, 6.671]], "entropy": 7.3e-05, "vibrational_sym": ["SGG"], "vibration_disp": [[[0.0, 0.0, 0.70711], [0.0, 0.0, -0.70711]]], "vibrational_int": [0.0], "free_energy": -107.956228}, "wavefunction": {"Mulliken_partial_charges": [0.0, 0.0], "MO_number": 10, "homo_indexes": [6], "SCF_values": [0.0, 0.0, null], "MO_number_kept": 10, "total_molecular_energy": -107.944176125, "MO_energies": [[-390.45698042400153, -390.455075627048, -31.161117590007496, -14.080803307973001, -11.890831039148999, -11.890831039148999, -9.694328037913001, 1.646833023226, 1.646833023226, 21.105694472480998]], "virial_ratio": [2.0165], "MO_sym": [["sigma.g", "sigma.u", "sigma.g", "sigma.u", "pi.u", "pi.u", "sigma.g", "pi.g", "pi.g", "sigma.u"]]}}, "comp_details": {"geometry": {"geometric_targets": [0.00045, 0.0003, 0.0018, 0.0012]}, "excited_states": {}, "freq": {"temperature": 298.15}, "general": {"scf_targets": [[1e-08, 1e-06, 1e-06]], "list_theory": ["DFT"], "solvent": "Gas", "package": "Gaussian", "integration_grid": "Default", "package_version": "09revisionD.01", "basis_set_size": 10, "job_type": ["FREQ", "OPT"], "functional": "PBE1PBE", "is_closed_shell": "True", "core_electrons_per_atoms": [0, 0], "basis_set_md5": "082586ebe96cb291c5acfd88f15da73e", "basis_set": "(lp0\n(lp1\n(VS\np2\n(lp3\n(F99.10616896\nF0.1543289673\ntp4\na(F18.05231239\nF0.5353281423\ntp5\na(F4.885660238\nF0.4446345422\ntp6\natp7\na(g2\n(lp8\n(F3.780455879\nF-0.09996722919\ntp9\na(F0.8784966449\nF0.3995128261\ntp10\na(F0.2857143744\nF0.7001154689\ntp11\natp12\na(VP\np13\n(lp14\n(F3.780455879\nF0.155916275\ntp15\na(F0.8784966449\nF0.6076837186\ntp16\na(F0.2857143744\nF0.3919573931\ntp17\natp18\naa(lp19\n(g2\n(lp20\n(F99.10616896\nF0.1543289673\ntp21\na(F18.05231239\nF0.5353281423\ntp22\na(F4.885660238\nF0.4446345422\ntp23\natp24\na(g2\n(lp25\n(F3.780455879\nF-0.09996722919\ntp26\na(F0.8784966449\nF0.3995128261\ntp27\na(F0.2857143744\nF0.7001154689\ntp28\natp29\na(g13\n(lp30\n(F3.780455879\nF0.155916275\ntp31\na(F0.8784966449\nF0.6076837186\ntp32\na(F0.2857143744\nF0.3919573931\ntp33\natp34\naa.", "last_theory": "DFT", "all_unique_theory": ["DFT"]}}, "metadata": {"archivable_for_new_entry": "False", "archivable": "True", "parser_version": "v7.1", "log_file": "freq.log"}}
