{"molecule": {"atoms_masses": [14.003074, 14.003074], "nb_atoms": 2, "starting_geometry": [[0.0, 0.0, 0.556], [0.0, 0.0, -0.556]], "atoms_Z": [7, 7], "atoms_Zeff": [0.0, 0.0], "multiplicity": 1, "chirality": false, "nuclear_spins": [2.0, 2.0], "nuclear_QMom": [2.044, 2.044], "connectivity": {"bond_orders": [3, 3], "atom_pairs": [[0, 1], [1, 0]]}, "charge": 0, "can": "N#N", "smi": "N#N", "starting_nuclear_repulsion": 23.31806, "inchi": "InChI=1S/N2/c1-2", "formula": "N2", "nuclear_gfactors": [0.403761, 0.403761], "starting_energy": -107.944176125, "nb_heavy_atoms": 2, "atoms_valence": [1, 1], "monoisotopic_mass": 28.00614801}, "results": {"geometry": {"nuclear_repulsion_energy_from_xyz": 23.31806, "elements_3D_coords_converged": [0.0, 0.0, 0.556, 0.0, 0.0, -0.556]}, "excited_states": {}, "freq": {}, "wavefunction": {"Mulliken_partial_charges": [0.0, 0.0], "MO_number": 10, "homo_indexes": [6], "SCF_values": [3.15e-09, 1.09e-08, -2.07e-12], "MO_number_kept": 10, "total_molecular_energy": -107.944176125, "MO_energies": [[-390.45698042400153, -390.455075627048, -31.161117590007496, -14.080803307973001, -11.890831039148999, -11.890831039148999, -9.694328037913001, 1.646833023226, 1.646833023226, 21.105694472480998]], "MO_coefs": [[[0.70262, 0.70262, 0.70199, -0.70199, -0.03156, -0.17417, 0.4799, -0.25557, -0.17417, 0.4799, 0.25557, -0.17667, 0.77021, 0.23227, 0.17667, -0.77021, 0.23227, 0.6268, 0.6268, 0.6268, 0.6268, 0.4205, 0.59597, -0.07594, 0.4205, -0.59597, 0.82912, -0.82912, 0.82912, -0.82912, -1.14097, 1.19769, -0.1236, 1.14097, 1.19769], [0, 5, 0, 5, 6, 0, 1, 4, 5, 6, 9, 0, 1, 4, 5, 6, 9, 3, 8, 2, 7, 1, 4, 5, 6, 9, 3, 8, 2, 7, 1, 4, 5, 6, 9], [0, 2, 5, 11, 17, 19, 21, 26, 28, 30, 35]]], "virial_ratio": [2.0165], "MO_sym": [["sigma.g", "sigma.u", "sigma.g", "sigma.u", "pi.u", "pi.u", "sigma.g", "pi.g", "pi.g", "sigma.u"]]}}, "comp_details": {"geometry": {}, "excited_states": {}, "freq": {}, "general": {"scf_targets": [[1e-08, 1e-06, 1e-06]], "list_theory": ["DFT"], "solvent": "Gas", "package": "Gaussian", "integration_grid": "Default", "package_version": "09revisionD.01", "basis_set_size": 10, "job_type": ["SP"], "functional": "PBE1PBE", "is_closed_shell": "True", "core_electrons_per_atoms": [0, 0], "basis_set_md5": "082586ebe96cb291c5acfd88f15da73e", "basis_set": "(lp0\n(lp1\n(VS\np2\n(lp3\n(F99.10616896\nF0.1543289673\ntp4\na(F18.05231239\nF0.5353281423\ntp5\na(F4.885660238\nF0.4446345422\ntp6\natp7\na(g2\n(lp8\n(F3.780455879\nF-0.09996722919\ntp9\na(F0.8784966449\nF0.3995128261\ntp10\na(F0.2857143744\nF0.7001154689\ntp11\natp12\na(VP\np13\n(lp14\n(F3.780455879\nF0.155916275\ntp15\na(F0.8784966449\nF0.6076837186\ntp16\na(F0.2857143744\nF0.3919573931\ntp17\natp18\naa(lp19\n(g2\n(lp20\n(F99.10616896\nF0.1543289673\ntp21\na(F18.05231239\nF0.5353281423\ntp22\na(F4.885660238\nF0.4446345422\ntp23\natp24\na(g2\n(lp25\n(F3.780455879\nF-0.09996722919\ntp26\na(F0.8784966449\nF0.3995128261\ntp27\na(F0.2857143744\nF0.7001154689\ntp28\natp29\na(g13\n(lp30\n(F3.780455879\nF0.155916275\ntp31\na(F0.8784966449\nF0.6076837186\ntp32\na(F0.2857143744\nF0.3919573931\ntp33\natp34\naa.", "last_theory": "DFT", "basis_set_name": "STO-3G", "all_unique_theory": ["DFT"]}}, "metadata": {"archivable_for_new_entry": "False", "archivable": "True", "parser_version": "v7.1", "log_file": "OPT.log"}}
