{"molecule": {"atoms_masses": [14.003074, 14.003074], "nb_atoms": 2, "starting_geometry": [[-0.556, 0.0, 0.0], [0.556, 0.0, 0.0]], "atoms_Z": [7, 7], "atoms_Zeff": [-4.55, -4.55], "multiplicity": 1, "chirality": false, "nuclear_spins": [2.0, 2.0], "nuclear_QMom": [2.044, 2.044], "connectivity": {"bond_orders": [1, 1], "atom_pairs": [[0, 1], [1, 0]]}, "charge": 0, "can": "[N][N]", "smi": "[N][N]", "starting_nuclear_repulsion": 23.31806, "inchi": "InChI=1S/N2/c1-2", "formula": "N2", "nuclear_gfactors": [0.403761, 0.403761], "starting_energy": -107.944176125, "nb_heavy_atoms": 2, "atoms_valence": [1, 1], "monoisotopic_mass": 28.00614801}, "results": {"geometry": {"geometric_values": [[0.471124, 0.471124, 0.132601, 0.187526], [0.051486, 0.051486, 0.030353, 0.042926], [0.003051, 0.003051, 0.001878, 0.002656], [4e-06, 4e-06, 2e-06, 3e-06]], "nuclear_repulsion_energy_from_xyz": 20.21839, "elements_3D_coords_converged": [-0.641238, 0.0, 0.0, 0.641238, 0.0, 0.0], "OPT_DONE": true}, "excited_states": {"et_oscs": [0.0, 0.0, 0.0, 0.0, 0.0, 0.2787, 0.2787, 0.4595, 0.0, 0.0, 0.0, 0.0, 0.0, 0.0, 0.0, 0.2275, 0.284, 0.284, 0.0, 0.0, 1.5639, 0.0, 0.0, 0.0, 0.4988, 0.0, 0.0, 0.0, 0.0, 0.0, 0.1903, 0.286, 0.286, 0.0, 0.0, 1.5914, 0.0, 0.0, 0.0, 0.4709, 0.0, 0.0, 0.0, 0.0, 0.0, 0.1924, 0.2859, 0.2859, 0.0, 0.0, 1.5899, 0.0, 0.0, 0.0, 0.4726], "et_rot": [0.0, 0.0, 0.0, 0.0, 0.0, 0.0, 0.0, 0.0, 0.0, 0.0, 0.0, 0.0, 0.0, 0.0, 0.0], "et_transitions": [[[[6, 0], [7, 0], 1.0006833745995785]], [[[6, 0], [8, 0], 1.0006833745995785]], [[[4, 0], [8, 0], -0.707813887967734], [[5, 0], [7, 0], 0.707813887967734]], [[[4, 0], [8, 0], 0.7071067811865476], [[5, 0], [7, 0], 0.7071067811865476]], [[[4, 0], [7, 0], 0.7071067811865476], [[5, 0], [8, 0], -0.7071067811865476]], [[[3, 0], [7, 0], 1.0050391523716875]], [[[3, 0], [8, 0], 1.0050391523716875]], [[[4, 0], [7, 0], 0.6846066434091916], [[5, 0], [8, 0], 0.6846066434091916], [[6, 0], [9, 0], -0.34438928670909613]], [[[2, 0], [8, 0], -0.5498886594575306], [[5, 0], [9, 0], 0.8350365400388178]], [[[2, 0], [7, 0], -0.5498886594575306], [[4, 0], [9, 0], 0.8350365400388178]], [[[6, 0], [7, 0], 0.9087170666384561], [[6, 0], [8, 0], 0.4200638544316805]], [[[4, 0], [7, 0], 0.5876340194372685], [[4, 0], [8, 0], 0.39633335085505994], [[5, 0], [7, 0], 0.39633335085505994], [[5, 0], [8, 0], -0.5876340194372685]], [[[6, 0], [7, 0], -0.4200638544316805], [[6, 0], [8, 0], 0.9087170666384561]], [[[4, 0], [7, 0], 0.48035177859564554], [[4, 0], [8, 0], -0.5189315245771835], [[5, 0], [7, 0], 0.5189315245771835], [[5, 0], [8, 0], 0.48035177859564554]], [[[4, 0], [7, 0], -0.5189315245771835], [[4, 0], [8, 0], -0.48035177859564554], [[5, 0], [7, 0], 0.48035177859564554], [[5, 0], [8, 0], -0.5189315245771835]], [[[4, 0], [7, 0], -0.3669601351645707], [[4, 0], [8, 0], 0.5440762417161772], [[5, 0], [7, 0], 0.5440762417161772], [[5, 0], [8, 0], 0.3669601351645707], [[6, 0], [9, 0], -0.4512614056176309]], [[[3, 0], [7, 0], 0.8567588603568685], [[3, 0], [8, 0], -0.5261015873384152]], [[[3, 0], [7, 0], 0.5261015873384152], [[3, 0], [8, 0], 0.8567588603568685]], [[[4, 0], [9, 0], 0.9905434633573633]], [[[5, 0], [9, 0], 0.9905434633573633]], [[[2, 0], [9, 0], -0.1923189023471172], [[4, 0], [7, 0], -0.19702823350981963], [[4, 0], [8, 0], 0.29211995344378655], [[5, 0], [7, 0], 0.29211995344378655], [[5, 0], [8, 0], 0.19702823350981963], [[6, 0], [9, 0], 0.8929627275536197]], [[[2, 0], [8, 0], 0.9816622021856602]], [[[2, 0], [7, 0], 0.9816622021856602]], [[[3, 0], [9, 0], 1.0006833745995785]], [[[2, 0], [9, 0], 0.9798944352326939], [[6, 0], [9, 0], 0.14180319389915025]], [[[6, 0], [7, 0], 0.5598730072078847], [[6, 0], [8, 0], 0.8300726504348882]], [[[4, 0], [7, 0], -0.439905270711775], [[4, 0], [8, 0], -0.5562526204882096], [[5, 0], [7, 0], 0.5562526204882096], [[5, 0], [8, 0], -0.439905270711775]], [[[6, 0], [7, 0], -0.8300726504348882], [[6, 0], [8, 0], 0.5598730072078847]], [[[4, 0], [7, 0], -0.21387151703768317], [[4, 0], [8, 0], 0.6740141838270172], [[5, 0], [7, 0], 0.6740141838270172], [[5, 0], [8, 0], 0.21387151703768317]], [[[4, 0], [7, 0], 0.6740141838270172], [[4, 0], [8, 0], 0.21387151703768317], [[5, 0], [7, 0], 0.21387151703768317], [[5, 0], [8, 0], -0.6740141838270172]], [[[4, 0], [7, 0], 0.5099088420492431], [[4, 0], [8, 0], -0.40324885517506437], [[5, 0], [7, 0], 0.40324885517506437], [[5, 0], [8, 0], 0.5099088420492431], [[6, 0], [9, 0], -0.47065027355776606]], [[[3, 0], [7, 0], 0.8468876496915043], [[3, 0], [8, 0], -0.5419407792369938]], [[[3, 0], [7, 0], 0.5419407792369938], [[3, 0], [8, 0], 0.8468876496915043]], [[[4, 0], [9, 0], 0.39272710627100854], [[5, 0], [9, 0], 0.9137375247848805]], [[[4, 0], [9, 0], -0.9137375247848805], [[5, 0], [9, 0], 0.39272710627100854]], [[[2, 0], [9, 0], -0.2017234225368983], [[4, 0], [7, 0], 0.2904511814401863], [[4, 0], [8, 0], -0.22969656680063813], [[5, 0], [7, 0], 0.22969656680063813], [[5, 0], [8, 0], 0.2904511814401863], [[6, 0], [9, 0], 0.8834450702788488]], [[[2, 0], [7, 0], 0.9236511618571159], [[2, 0], [8, 0], 0.36383472319172616]], [[[2, 0], [7, 0], -0.36383472319172616], [[2, 0], [8, 0], 0.9236511618571159]], [[[3, 0], [9, 0], 1.0007823695489444]], [[[2, 0], [9, 0], 0.978367084585331], [[6, 0], [9, 0], 0.14897325666038186]], [[[6, 0], [8, 0], 0.9962993125562217]], [[[6, 0], [7, 0], 0.9962993125562217]], [[[4, 0], [7, 0], -0.6204296319487006], [[4, 0], [8, 0], 0.34348419002917735], [[5, 0], [7, 0], -0.34348419002917735], [[5, 0], [8, 0], -0.6204296319487006]], [[[4, 0], [8, 0], 0.6948879760076441], [[5, 0], [7, 0], 0.6948879760076441]], [[[4, 0], [7, 0], -0.6948879760076441], [[5, 0], [8, 0], 0.6948879760076441]], [[[4, 0], [7, 0], 0.31505849742547815], [[4, 0], [8, 0], 0.5690795374989335], [[5, 0], [7, 0], -0.5690795374989335], [[5, 0], [8, 0], 0.31505849742547815], [[6, 0], [9, 0], -0.4695189027078676]], [[[3, 0], [7, 0], -0.6232722012090705], [[3, 0], [8, 0], 0.7889473200410786]], [[[3, 0], [7, 0], 0.7889473200410786], [[3, 0], [8, 0], 0.6232722012090705]], [[[4, 0], [9, 0], 0.979625734655843], [[5, 0], [9, 0], -0.17107741464027332]], [[[4, 0], [9, 0], -0.17107741464027332], [[5, 0], [9, 0], -0.979625734655843]], [[[2, 0], [9, 0], -0.20115773711194906], [[4, 0], [7, 0], 0.17884144709770158], [[4, 0], [8, 0], 0.32303466191726243], [[5, 0], [7, 0], -0.32303466191726243], [[5, 0], [8, 0], 0.17884144709770158], [[6, 0], [9, 0], 0.8840107557037981]], [[[2, 0], [7, 0], 0.725265283327418], [[2, 0], [8, 0], -0.677705281224811]], [[[2, 0], [7, 0], 0.677705281224811], [[2, 0], [8, 0], 0.725265283327418]], [[[3, 0], [9, 0], 1.0007823695489444]], [[[2, 0], [9, 0], 0.9784660795346971], [[4, 0], [8, 0], 0.14236887932409947], [[5, 0], [7, 0], -0.14236887932409947], [[6, 0], [9, 0], 0.14853485045604617]]], "et_energies": [72519.728374677, 72519.728374677, 80494.1320142, 87086.907916846, 87086.907916846, 124719.931019557, 124719.931019557, 145967.80089713298, 236623.71216230397, 236623.71216230397, 58644.57253259, 56675.773171401, 58644.57253259, 63849.268262927, 63849.268262927, 113632.227284094, 121576.788409744, 121576.788409744, 170541.094685476, 170541.094685476, 208937.92483245, 215842.03074468998, 215842.03074468998, 223476.874969604, 343517.177192103, 55895.028484129005, 52059.055619805, 55895.028484129005, 59374.504290835, 59374.504290835, 107001.543323285, 121216.258579981, 121216.258579981, 157928.196524774, 157928.196524774, 200804.62997041398, 209687.21389699102, 209687.21389699102, 215504.084438939, 328799.97852614, 56061.178696503004, 56061.178696503004, 52336.510343381, 59643.086915692, 59643.086915692, 107402.400874498, 121235.615886277, 121235.615886277, 158680.71180703098, 158680.71180703098, 201285.33641009798, 210056.615825473, 210056.615825473, 215974.305671046, 329681.542517037],