{"molecule": {"atoms_masses": [14.003074, 14.003074], "nb_atoms": 2, "starting_geometry": [[-0.556, 0.0, 0.0], [0.556, 0.0, 0.0]], "atoms_Z": [7, 7], "atoms_Zeff": [-4.55, -4.55], "multiplicity": 1, "chirality": false, "nuclear_spins": [2.0, 2.0], "nuclear_QMom": [2.044, 2.044], "connectivity": {"bond_orders": [3, 3], "atom_pairs": [[0, 1], [1, 0]]}, "charge": 0, "can": "N#N", "smi": "N#N", "starting_nuclear_repulsion": 23.31806, "inchi": "InChI=1S/N2/c1-2", "formula": "N2", "nuclear_gfactors": [0.403761, 0.403761], "starting_energy": -107.944176125, "nb_heavy_atoms": 2, "atoms_valence": [1, 1], "monoisotopic_mass": 28.00614801}, "results": {"geometry": {"geometric_values": [[0.4455, 0.4455, 0.126273, 0.178577], [0.04348, 0.04348, 0.024516, 0.034671], [0.002054, 0.002054, 0.001205, 0.001704], [2e-06, 2e-06, 1e-06, 1e-06]], "nuclear_repulsion_energy_from_xyz": 20.41193, "elements_3D_coords_converged": [-0.635156, 0.0, 0.0, 0.635156, 0.0, 0.0], "OPT_DONE": true}, "excited_states": {"et_oscs": [0.0, 0.0, 0.0, 0.0, 0.0, 0.0, 0.0, 0.0, 0.0, 0.0, 0.0, 0.0, 0.0, 0.0, 0.0, 0.0, 0.0, 0.0, 0.0, 0.0, 0.0, 0.0, 0.0, 0.0, 0.0, 0.0, 0.0, 0.0, 0.0, 0.0, 0.0, 0.0, 0.0, 0.0, 0.0, 0.0, 0.0, 0.0, 0.0, 0.0, 0.0, 0.0, 0.0, 0.0, 0.0, 0.0, 0.0, 0.0, 0.0, 0.0, 0.0, 0.0, 0.0, 0.0, 0.0], "et_rot": [0.0, 0.0, 0.0, 0.0, 0.0, 0.0, 0.0, 0.0, 0.0, 0.0, 0.0, 0.0, 0.0, 0.0, 0.0], "et_transitions": [[[[6, 0], [7, 0], 1.0021824409756939]], [[[6, 0], [8, 0], 1.0021824409756939]], [[[4, 0], [7, 0], 0.7213479117596446], [[5, 0], [8, 0], 0.7213479117596446]], [[[4, 0], [7, 0], -0.7128626303854061], [[5, 0], [8, 0], 0.7128626303854061]], [[[4, 0], [8, 0], 0.7128626303854061], [[5, 0], [7, 0], 0.7128626303854061]], [[[4, 0], [8, 0], -0.707813887967734], [[5, 0], [7, 0], 0.707813887967734]], [[[3, 0], [7, 0], 1.001701608364487]], [[[3, 0], [8, 0], 1.001701608364487]], [[[6, 0], [9, 0], 0.9990570290028493]], [[[2, 0], [7, 0], 0.6726423966715153], [[4, 0], [9, 0], 0.7412034701753628]], [[[6, 0], [7, 0], 0.8059744513320507], [[6, 0], [8, 0], 0.5976607935944938]], [[[4, 0], [7, 0], -0.4230195607770402], [[4, 0], [8, 0], 0.5841126276669595], [[5, 0], [7, 0], 0.5841126276669595], [[5, 0], [8, 0], 0.4230195607770402]], [[[4, 0], [7, 0], -0.5841126276669595], [[4, 0], [8, 0], -0.4230195607770402], [[5, 0], [7, 0], -0.4230195607770402], [[5, 0], [8, 0], 0.5841126276669595]], [[[4, 0], [7, 0], 0.6782992509210076], [[4, 0], [8, 0], -0.3218891489317402], [[5, 0], [7, 0], 0.3218891489317402], [[5, 0], [8, 0], 0.6782992509210076]], [[[6, 0], [7, 0], -0.5976607935944938], [[6, 0], [8, 0], 0.8059744513320507]], [[[4, 0], [7, 0], -0.3038579260114832], [[4, 0], [8, 0], -0.6402851903644188], [[5, 0], [7, 0], 0.6402851903644188], [[5, 0], [8, 0], -0.3038579260114832]], [[[3, 0], [7, 0], 0.9427996134916476], [[3, 0], [8, 0], -0.3386192953746139]], [[[3, 0], [7, 0], 0.3386192953746139], [[3, 0], [8, 0], 0.9427996134916476]], [[[6, 0], [9, 0], 0.9992125924947104]], [[[2, 0], [8, 0], 0.17608373065107408], [[5, 0], [9, 0], 0.9815349229650466]], [[[2, 0], [7, 0], 0.17608373065107408], [[4, 0], [9, 0], 0.9815349229650466]], [[[2, 0], [7, 0], 0.8216439376031446], [[2, 0], [8, 0], -0.5360010822750269], [[4, 0], [9, 0], -0.1945109333687955]], [[[2, 0], [7, 0], 0.5360010822750269], [[2, 0], [8, 0], 0.8216439376031446], [[5, 0], [9, 0], -0.1945109333687955]], [[[3, 0], [9, 0], 1.0002025419883716]], [[[2, 0], [9, 0], 0.9980953637804357]], [[[6, 0], [7, 0], 0.9088302037234458], [[6, 0], [8, 0], 0.4259611249867763]], [[[4, 0], [7, 0], 0.6730525186046035], [[4, 0], [8, 0], -0.26744192678037604], [[5, 0], [7, 0], 0.26744192678037604], [[5, 0], [8, 0], 0.6730525186046035]], [[[4, 0], [7, 0], 0.26744192678037604], [[4, 0], [8, 0], 0.6730525186046035], [[5, 0], [7, 0], -0.6730525186046035], [[5, 0], [8, 0], 0.26744192678037604]], [[[4, 0], [7, 0], 0.707135065457795], [[4, 0], [8, 0], 0.29271392313998323], [[5, 0], [7, 0], 0.29271392313998323], [[5, 0], [8, 0], -0.707135065457795]], [[[6, 0], [7, 0], -0.4259611249867763], [[6, 0], [8, 0], 0.9088302037234458]], [[[4, 0], [7, 0], 0.271175450585041], [[4, 0], [8, 0], -0.6551202906337126], [[5, 0], [7, 0], -0.6551202906337126], [[5, 0], [8, 0], -0.271175450585041]], [[[3, 0], [7, 0], 0.5363970620724913], [[3, 0], [8, 0], -0.8460674058253279]], [[[3, 0], [7, 0], 0.8460674058253279], [[3, 0], [8, 0], 0.5363970620724913]], [[[6, 0], [9, 0], 0.9992974453084527]], [[[2, 0], [7, 0], 0.16851768809237802], [[4, 0], [9, 0], 0.9621177707536641], [[5, 0], [9, 0], 0.21906168081159244]], [[[2, 0], [8, 0], -0.16851768809237802], [[4, 0], [9, 0], -0.21906168081159244], [[5, 0], [9, 0], 0.9621177707536641]], [[[2, 0], [7, 0], 0.8945749310147251], [[2, 0], [8, 0], 0.414463568724683], [[4, 0], [9, 0], -0.17008746514661216]], [[[2, 0], [7, 0], 0.414463568724683], [[2, 0], [8, 0], -0.8945749310147251], [[5, 0], [9, 0], -0.17008746514661216]], [[[3, 0], [9, 0], 1.0002166841239952]], [[[2, 0], [9, 0], 0.9980670795091883]], [[[6, 0], [7, 0], 0.9664594063901496], [[6, 0], [8, 0], 0.27083603933007144]], [[[4, 0], [8, 0], 0.7204852414865971], [[5, 0], [7, 0], 0.7204852414865971]], [[[4, 0], [7, 0], -0.7204852414865971], [[5, 0], [8, 0], 0.7204852414865971]], [[[6, 0], [7, 0], -0.27083603933007144], [[6, 0], [8, 0], 0.9664594063901496]], [[[4, 0], [7, 0], 0.6244177141945927], [[4, 0], [8, 0], -0.44102249942604976], [[5, 0], [7, 0], 0.44102249942604976], [[5, 0], [8, 0], 0.6244177141945927]], [[[4, 0], [7, 0], -0.4090329886451703], [[4, 0], [8, 0], -0.5791204537917825], [[5, 0], [7, 0], 0.5791204537917825], [[5, 0], [8, 0], -0.4090329886451703]], [[[3, 0], [7, 0], 0.7880987919036548], [[3, 0], [8, 0], -0.6184355908257545]], [[[3, 0], [7, 0], 0.6184355908257545], [[3, 0], [8, 0], 0.7880987919036548]], [[[6, 0], [9, 0], 0.9992974453084527]], [[[2, 0], [8, 0], 0.16181431580672953], [[4, 0], [9, 0], -0.26140323486904293], [[5, 0], [9, 0], 0.9512848948658862]], [[[2, 0], [7, 0], 0.16181431580672953], [[4, 0], [9, 0], 0.9512848948658862], [[5, 0], [9, 0], 0.26140323486904293]], [[[2, 0], [7, 0], 0.8309211785723121], [[2, 0], [8, 0], 0.5303018016186631], [[5, 0], [9, 0], -0.1586323352913901]], [[[2, 0], [7, 0], 0.5303018016186631], [[2, 0], [8, 0], -0.8309211785723121], [[4, 0], [9, 0], -0.1586323352913901]], [[[3, 0], [9, 0], 1.0002166841239952]], [[[2, 0], [9, 0], 0.9980670795091883]]], "et_energies": [56478.167336296, 56478.167336296, 58123.538371456, 67895.75183322, 67895.75183322, 80494.1320142, 90815.609042113, 90815.609042113, 208016.839674532, 217236.563352431, 44500.834065646, 44112.881385297, 44112.881385297, 32354.930919334998, 44500.834065646, 57674.287554503, 87788.610270076, 87788.610270076, 151624.973662139, 158134.67445859802, 158134.67445859802, 197294.505095406, 197294.505095406, 201245.815243077, 298332.38497066504, 42462.671023563, 40022.843875838, 40022.843875838, 27491.407712465, 42462.671023563, 53875.416193913, 87466.795052905, 87466.795052905, 142692.383360964, 148061.61619481698, 148061.61619481698, 191788.964563052, 191788.964563052, 194131.19862486798, 286673.64069947, 42561.070663901, 40220.449710943, 40220.449710943, 42561.070663901, 27733.374041165, 54057.697494867, 87480.50647819799, 87480.50647819799, 143118.244099476, 148542.32263450098, 148542.32263450098, 192052.707861335, 192052.707861335, 194468.33837619, 287229.356701051],