{"molecule": {"atoms_masses": [14.003074, 14.003074], "nb_atoms": 2, "starting_geometry": [[0.0, 0.0, 0.556], [0.0, 0.0, -0.556]], "atoms_Z": [7, 7], "atoms_Zeff": [-4.55, -4.55], "multiplicity": 2, "chirality": false, "nuclear_spins": [2.0, 2.0], "nuclear_QMom": [2.044, 2.044], "connectivity": {"bond_orders": [3, 3], "atom_pairs": [[0, 1], [1, 0]]}, "charge": 1, "can": "N#N", "smi": "N#N", "starting_nuclear_repulsion": 23.31806, "inchi": "InChI=1S/N2/c1-2", "formula": "N2+", "nuclear_gfactors": [0.403761, 0.403761], "starting_energy": -107.400215715, "nb_heavy_atoms": 2, "atoms_valence": [1, 1], "monoisotopic_mass": 28.00614801}, "results": {"geometry": {"nuclear_repulsion_energy_from_xyz": 23.31806, "elements_3D_coords_converged": [0.0, 0.0, 0.556, 0.0, 0.0, -0.556]}, "excited_states": {}, "freq": {}, "wavefunction": {"SCF_values": [1.27e-09, 8.28e-09, -1.45e-12], "MO_number": 10, "homo_indexes": [6, 5], "virial_ratio": [2.0303], "MO_number_kept": 10, "total_molecular_energy": -107.400215715, "MO_energies": [[-408.86765932113053, -408.86221704412054, -45.5298173518095, -29.058221753343503, -25.707683912137, -25.707683912137, -25.430944126178503, -12.7879904042475, -12.7879904042475, 5.3288055343415], [-408.64343750831847, -408.642621166767, -44.9839569677065, -26.360212925636002, -25.267947929729, -25.267947929729, -19.7622683925625, -12.17437367137, -12.17437367137, 6.702164137815]], "MO_coefs": [[[0.70274, 0.70274, 0.70217, -0.70217, -0.03023, -0.17221, 0.47222, -0.26632, -0.17221, 0.47222, 0.26632, -0.17314, 0.73994, 0.26369, 0.17314, -0.73994, 0.26369, 0.6268, 0.6268, 0.6268, 0.6268, 0.42912, 0.59125, -0.07922, 0.42912, -0.59125, 0.82912, -0.82912, 0.82912, -0.82912, -1.16086, 1.19118, -0.12754, 1.16086, 1.19118], [0, 5, 0, 5, 6, 0, 1, 4, 5, 6, 9, 0, 1, 4, 5, 6, 9, 3, 8, 2, 7, 1, 4, 5, 6, 9, 3, 8, 2, 7, 1, 4, 5, 6, 9], [0, 2, 5, 11, 17, 19, 21, 26, 28, 30, 35]], [[0.70223, -0.70223, -0.03006, 0.70281, 0.70281, -0.1723, 0.47382, -0.2641, -0.1723, 0.47382, 0.2641, -0.17975, 0.80453, 0.19578, 0.17975, -0.80453, 0.19578, 0.6268, 0.6268, 0.6268, 0.6268, 0.42735, 0.59224, -0.07837, 0.42735, -0.59224, 0.82912, -0.82912, 0.82912, -0.82912, -1.11707, 1.2042, 1.11707, 1.2042], [0, 5, 6, 0, 5, 0, 1, 4, 5, 6, 9, 0, 1, 4, 5, 6, 9, 3, 8, 2, 7, 1, 4, 5, 6, 9, 3, 8, 2, 7, 1, 4, 6, 9], [0, 3, 5, 11, 17, 19, 21, 26, 28, 30, 34]]], "MO_sym": [["sigma.g", "sigma.u", "sigma.g", "sigma.u", "pi.u", "pi.u", "sigma.g", "pi.g", "pi.g", "sigma.u"], ["sigma.u", "sigma.g", "sigma.g", "sigma.u", "pi.u", "pi.u", "sigma.g", "pi.g", "pi.g", "sigma.u"]]}}, "comp_details": {"geometry": {}, "excited_states": {}, "freq": {}, "general": {"scf_targets": [[1e-08, 1e-06, 1e-06]], "list_theory": ["DFT"], "solvent": "Gas", "package": "Gaussian", "integration_grid": "Default", "package_version": "09revisionD.01", "basis_set_size": 10, "job_type": ["SP"], "functional": "PBE1PBE", "is_closed_shell": "False", "core_electrons_per_atoms": [0, 0], "basis_set_md5": "082586ebe96cb291c5acfd88f15da73e", "basis_set": "(lp0\n(lp1\n(VS\np2\n(lp3\n(F99.10616896\nF0.1543289673\ntp4\na(F18.05231239\nF0.5353281423\ntp5\na(F4.885660238\nF0.4446345422\ntp6\natp7\na(g2\n(lp8\n(F3.780455879\nF-0.09996722919\ntp9\na(F0.8784966449\nF0.3995128261\ntp10\na(F0.2857143744\nF0.7001154689\ntp11\natp12\na(VP\np13\n(lp14\n(F3.780455879\nF0.155916275\ntp15\na(F0.8784966449\nF0.6076837186\ntp16\na(F0.2857143744\nF0.3919573931\ntp17\natp18\naa(lp19\n(g2\n(lp20\n(F99.10616896\nF0.1543289673\ntp21\na(F18.05231239\nF0.5353281423\ntp22\na(F4.885660238\nF0.4446345422\ntp23\natp24\na(g2\n(lp25\n(F3.780455879\nF-0.09996722919\ntp26\na(F0.8784966449\nF0.3995128261\ntp27\na(F0.2857143744\nF0.7001154689\ntp28\natp29\na(g13\n(lp30\n(F3.780455879\nF0.155916275\ntp31\na(F0.8784966449\nF0.6076837186\ntp32\na(F0.2857143744\nF0.3919573931\ntp33\natp34\naa.", "last_theory": "DFT", "all_unique_theory": ["DFT"]}}, "metadata": {"archivable_for_new_entry": "False", "archivable": "True", "parser_version": "v7.1", "log_file": "SP_moins.log"}}
