{"molecule": {"atoms_masses": [14.003074, 14.003074], "nb_atoms": 2, "starting_geometry": [[0.0, 0.0, 0.556], [0.0, 0.0, -0.556]], "atoms_Z": [7, 7], "atoms_Zeff": [-4.55, -4.55], "multiplicity": 1, "chirality": false, "nuclear_spins": [2.0, 2.0], "nuclear_QMom": [2.044, 2.044], "connectivity": {"bond_orders": [3, 3], "atom_pairs": [[0, 1], [1, 0]]}, "charge": 0, "can": "N#N", "smi": "N#N", "starting_nuclear_repulsion": 23.31806, "inchi": "InChI=1S/N2/c1-2", "formula": "N2", "nuclear_gfactors": [0.403761, 0.403761], "starting_energy": -107.944176125, "nb_heavy_atoms": 2, "atoms_valence": [1, 1], "monoisotopic_mass": 28.00614801}, "results": {"geometry": {"nuclear_repulsion_energy_from_xyz": 23.31806, "elements_3D_coords_converged": [0.0, 0.0, 0.556, 0.0, 0.0, -0.556]}, "excited_states": {"et_oscs": [0.0, 0.0, 0.0, 0.0, 0.0, 0.2787, 0.2787, 0.4595, 0.0, 0.0], "et_rot": [0.0, 0.0, 0.0, 0.0, 0.0, 0.0, 0.0, 0.0, 0.0, 0.0], "et_transitions": [[[[6, 0], [7, 0], 1.0006833745995785]], [[[6, 0], [8, 0], 1.0006833745995785]], [[[4, 0], [8, 0], -0.707813887967734], [[5, 0], [7, 0], 0.707813887967734]], [[[4, 0], [8, 0], 0.7071067811865476], [[5, 0], [7, 0], 0.7071067811865476]], [[[4, 0], [7, 0], -0.7071067811865476], [[5, 0], [8, 0], 0.7071067811865476]], [[[3, 0], [7, 0], 1.0050108681004402]], [[[3, 0], [8, 0], 1.0050108681004402]], [[[4, 0], [7, 0], 0.6846066434091916], [[5, 0], [8, 0], 0.6846066434091916], [[6, 0], [9, 0], -0.34438928670909613]], [[[2, 0], [8, 0], 0.5498886594575306], [[5, 0], [9, 0], 0.8350506821744416]], [[[2, 0], [7, 0], 0.5498886594575306], [[4, 0], [9, 0], 0.8350506821744416]]], "et_energies": [72519.728374677, 72519.728374677, 80494.1320142, 87086.907916846, 87086.907916846, 124719.931019557, 124719.931019557, 145967.80089713298, 236623.71216230397, 236623.71216230397], "et_sym": ["Singlet-?Sym", "Singlet-?Sym", "Singlet-?Sym", "Singlet-?Sym", "Singlet-?Sym", "Singlet-?Sym", "Singlet-?Sym", "Singlet-?Sym", "Singlet-?Sym", "Singlet-?Sym"]}, "freq": {}, "wavefunction": {"Mulliken_partial_charges": [0.0, 0.0], "MO_number": 10, "homo_indexes": [6], "SCF_values": [0.0, 0.0, null], "MO_number_kept": 10, "total_molecular_energy": -107.944176125, "MO_energies": [[-390.45698042400153, -390.455075627048, -31.161117590007496, -14.080803307973001, -11.890831039148999, -11.890831039148999, -9.694328037913001, 1.646833023226, 1.646833023226, 21.105694472480998]], "virial_ratio": [2.0165], "MO_sym": [["sigma.g", "sigma.u", "sigma.g", "sigma.u", "pi.u", "pi.u", "sigma.g", "pi.g", "pi.g", "sigma.u"]]}}, "comp_details": {"geometry": {}, "excited_states": {"nb_et_states": 10}, "freq": {}, "general": {"scf_targets": [[1e-08, 1e-06, 1e-06]], "list_theory": ["DFT"], "solvent": "Gas", "package": "Gaussian", "integration_grid": "Default", "package_version": "09revisionD.01", "basis_set_size": 10, "job_type": ["TD"], "functional": "PBE1PBE", "is_closed_shell": "True", "core_electrons_per_atoms": [0, 0], "basis_set_md5": "082586ebe96cb291c5acfd88f15da73e", "basis_set": "(lp0\n(lp1\n(VS\np2\n(lp3\n(F99.10616896\nF0.1543289673\ntp4\na(F18.05231239\nF0.5353281423\ntp5\na(F4.885660238\nF0.4446345422\ntp6\natp7\na(g2\n(lp8\n(F3.780455879\nF-0.09996722919\ntp9\na(F0.8784966449\nF0.3995128261\ntp10\na(F0.2857143744\nF0.7001154689\ntp11\natp12\na(VP\np13\n(lp14\n(F3.780455879\nF0.155916275\ntp15\na(F0.8784966449\nF0.6076837186\ntp16\na(F0.2857143744\nF0.3919573931\ntp17\natp18\naa(lp19\n(g2\n(lp20\n(F99.10616896\nF0.1543289673\ntp21\na(F18.05231239\nF0.5353281423\ntp22\na(F4.885660238\nF0.4446345422\ntp23\natp24\na(g2\n(lp25\n(F3.780455879\nF-0.09996722919\ntp26\na(F0.8784966449\nF0.3995128261\ntp27\na(F0.2857143744\nF0.7001154689\ntp28\natp29\na(g13\n(lp30\n(F3.780455879\nF0.155916275\ntp31\na(F0.8784966449\nF0.6076837186\ntp32\na(F0.2857143744\nF0.3919573931\ntp33\natp34\naa.", "last_theory": "DFT", "all_unique_theory": ["DFT"]}}, "metadata": {"archivable_for_new_entry": "False", "archivable": "True", "parser_version": "v7.1", "log_file": "TD.log"}}
