{"molecule": {"atoms_masses": [97.9055], "nb_atoms": 1, "starting_geometry": [[0.0, 0.0, 0.0]], "atoms_Z": [42], "atoms_Zeff": [0.0], "multiplicity": 5, "chirality": false, "nuclear_spins": [0.0], "nuclear_QMom": [0.0], "connectivity": {"bond_orders": [], "atom_pairs": []}, "charge": 0, "can": "[Mo]", "smi": "[Mo]", "starting_nuclear_repulsion": 0.0, "inchi": "InChI=1S/Mo", "formula": "Mo", "nuclear_gfactors": [0.0], "starting_energy": -3958.51740783, "nb_heavy_atoms": 1, "atoms_valence": [0], "monoisotopic_mass": 97.905408}, "results": {"geometry": {"geometric_values": [[0.0, 0.0, 0.0, 0.0]], "nuclear_repulsion_energy_from_xyz": 0.0, "elements_3D_coords_converged": [0.0, 0.0, 0.0], "OPT_DONE": true}, "excited_states": {}, "freq": {}, "wavefunction": {"SCF_values": [2.34e-09, 3.18e-08, -1.82e-12], "MO_number": 39, "homo_indexes": [22, 18], "virial_ratio": [2.0016], "MO_number_kept": 39, "total_molecular_energy": -3958.51740783, "MO_energies": [[-19285.97636336448, -2706.739056373092, -2482.8960260409876, -2482.8960260409876, -2482.8960260409876, -470.1308273949995, -380.574077487692, -380.574077487692, -380.574077487692, -234.31614821014801, -234.31614821014801, -234.31614821014801, -234.31614821014801, -234.31614821014801, -65.436850312838, -40.0265868392975, -40.0265868392975, -40.0265868392975, -5.5301697837115, -5.5301697837115, -5.5301697837115, -5.5301697837115, -5.5301697837115, -2.5864421490025, 0.2408207576925, 0.2408207576925, 0.2408207576925, 2.309158135343, 3.5059148498420005, 3.5059148498420005, 3.5059148498420005, 12.090018377715, 21.994418308214, 21.994418308214, 21.994418308214, 21.994418308214, 21.994418308214, 66.225436251587, 3465.3671649789953], [-19285.99296230936, -2706.1798624103144, -2482.4581948555333, -2482.4581948555333, -2482.4581948555333, -469.8402098026655, -380.205635334115, -380.205635334115, -380.205635334115, -233.67885757227702, -233.67885757227702, -233.67885757227702, -233.67885757227702, -233.67885757227702, -61.7880756914835, -35.5987502639615, -35.5987502639615, -35.5987502639615, -3.5785692479254996, -0.41878321591949996, -0.41878321591949996, -0.41878321591949996, 0.7132104021605, 0.7132104021605, 0.7132104021605, 0.7132104021605, 0.7132104021605, 1.7864274285325001, 3.424824922393, 3.424824922393, 3.424824922393, 12.6731583593365, 23.997176247894, 23.997176247894, 23.997176247894, 23.997176247894, 23.997176247894, 68.3052024109585, 3466.1503086407342]], "MO_coefs": [[[0.97776, 0.08364, 0.13196, 0.07642, -0.07595, -0.07595, -0.07595, -0.02895, -0.33566, 1.01918, 0.08002, -0.03735, 0.01399, 0.9788, 0.05227, 0.9788, 0.05227, 0.9788, 0.05227, 0.1395, -0.51333, 1.04758, 0.13768, -0.03892, -0.03892, -0.47517, 1.08453, -0.47517, 1.08453, -0.47517, 1.08453, 0.97725, 0.07305, 0.97725, 0.07305, 0.9404, -0.70044, -0.23996, 0.0703, -0.05236, 0.97725, 0.07305, -0.26585, -0.68148, 0.94734, -0.05094, 0.07081, -0.05593, 0.22186, -0.50728, 1.0938, 0.18322, -0.56567, 1.10831, 0.18322, -0.56567, 1.10831, 0.18322, -0.56567, 1.10831, -0.25822, 0.6744, 0.50339, -0.25822, 0.6744, 0.50339, -0.24876, 0.18436, -0.1682, 0.64969, -0.48149, -0.12555, 0.48495, -0.3594, -0.25822, 0.6744, 0.50339, -0.25006, 0.1808, 0.65309, -0.18088, -0.47221, 0.48748, -0.13501, -0.35247, -0.06079, 0.14967, -0.38426, 0.69536, 0.36342, 0.01563, 0.10028, -0.23951, 0.43079, 0.64988, 0.10028, -0.23951, 0.43079, 0.64988, 0.10028, -0.23951, 0.43079, 0.64988, 0.19938, 2.73138, -2.27969, -0.30348, -0.30348, -0.30348, 0.14486, -0.35845, 1.54894, -1.41257, 0.14486, -0.35845, 1.54894, -1.41257, 0.14486, -0.35845, 1.54894, -1.41257, 1.39887, 4.73954, -1.64793, -0.31897, -0.31897, -1.67329, -1.67329, -1.67329, 0.30411, -1.00392, 1.04437, 0.30411, -1.00392, 1.04437, 0.27304, -0.25249, -0.90135, 0.83351, 0.93767, -0.8671, 0.30411, -1.00392, 1.04437, 0.30341, -0.1695, -1.00162, 0.44206, 0.55956, 1.04198, -0.45987, -0.58211, -0.58114, 5.12091, -1.71791, -2.47892, -2.47892, -2.47892, 0.93865, 0.93865, 0.93865, 2.90402, 19.01359, 5.05991, -9.47435, -9.47435, -9.47435, -1.84073, -1.84073, -1.84073], [0, 1, 5, 9, 21, 22, 23, 29, 0, 1, 5, 9, 29, 4, 8, 2, 6, 3, 7, 0, 1, 5, 9, 28, 29, 2, 6, 4, 8, 3, 7, 25, 31, 24, 30, 21, 22, 23, 27, 28, 26, 32, 21, 22, 23, 28, 29, 0, 1, 5, 9, 4, 8, 12, 3, 7, 11, 2, 6, 10, 26, 32, 38, 25, 31, 37, 22, 23, 27, 28, 29, 33, 34, 35, 24, 30, 36, 21, 23, 27, 28, 29, 33, 34, 35, 1, 5, 9, 13, 17, 29, 8, 12, 16, 20, 7, 11, 15, 19, 6, 10, 14, 18, 5, 13, 17, 33, 34, 35, 8, 12, 16, 20, 7, 11, 15, 19, 6, 10, 14, 18, 9, 13, 17, 27, 29, 33, 34, 35, 26, 32, 38, 25, 31, 37, 22, 23, 28, 29, 34, 35, 24, 30, 36, 21, 23, 27, 28, 29, 33, 34, 35, 5, 9, 13, 27, 28, 29, 33, 34, 35, 1, 5, 9, 21, 22, 23, 27, 28, 29], [0, 8, 13, 15, 17, 19, 25, 27, 29, 31, 33, 35, 40, 42, 47, 51, 54, 57, 60, 63, 66, 74, 77, 85, 91, 95, 99, 103, 109, 113, 117, 121, 129, 132, 135, 141, 144, 152, 161, 170]], [[0.97776, 0.08364, 0.13195, 0.07641, -0.07594, -0.07594, -0.07594, -0.02895, -0.33569, 1.01932, 0.08053, -0.03698, 0.01385, 0.97886, 0.05214, 0.97886, 0.05214, 0.97886, 0.05214, 0.13953, -0.51345, 1.04776, 0.1371, -0.03905, -0.03905, -0.47525, 1.08504, -0.47525, 1.08504, -0.47525, 1.08504, 0.93891, -0.23398, -0.70493, 0.06953, -0.0522, 0.97749, 0.07239, 0.97749, 0.07239, 0.97749, 0.07239, -0.27191, 0.94908, -0.67717, 0.07028, -0.05015, -0.05656, 0.22464, -0.51619, 1.15077, -0.02847, -0.02847, 0.18273, -0.56467, 1.10817, 0.18273, -0.56467, 1.10817, 0.18273, -0.56467, 1.10817, -0.05021, 0.11517, -0.30369, 0.55934, 0.58174, -0.03306, -0.03306, 0.07892, -0.18648, 0.20205, 0.84746, 0.07892, -0.18648, 0.20205, 0.84746, 0.07892, -0.18648, 0.20205, 0.84746, -0.2304, 0.16472, 0.5903, -0.16829, -0.42201, 0.55301, -0.15766, -0.39535, -0.23739, 0.6082, 0.56978, -0.23739, 0.6082, 0.56978, -0.23739, 0.6082, 0.56978, -0.22812, 0.17095, -0.14648, 0.58446, -0.43797, -0.13723, 0.54753, -0.4103, 0.20946, 3.09757, -2.31456, -0.40534, -0.40534, -0.40534, 0.15767, -0.38913, 1.59498, -1.30368, 0.15767, -0.38913, 1.59498, -1.30368, 0.15767, -0.38913, 1.59498, -1.30368, 1.33068, 4.54556, -1.53678, -0.28358, -0.28358, -1.66317, -1.66317, -1.66317, -0.30674, 0.23203, 1.00238, -0.24415, -0.75823, -0.96813, 0.23581, 0.73233, -0.31991, 1.04539, -1.00968, -0.31991, 1.04539, -1.00968, -0.31991, 1.04539, -1.00968, -0.31106, 0.22023, -0.2968, 1.01648, -0.71968, 0.28666, -0.98176, 0.6951, -0.58, 5.12932, -1.66989, -2.48265, -2.48265, -2.48265, 0.91742, 0.91742, 0.91742, 2.90404, 19.01346, 5.06053, -9.47436, -9.47436, -9.47436, -1.84092, -1.84092, -1.84092], [0, 1, 5, 9, 21, 22, 23, 29, 0, 1, 5, 9, 29, 2, 6, 4, 8, 3, 7, 0, 1, 5, 9, 28, 29, 2, 6, 4, 8, 3, 7, 21, 22, 23, 27, 29, 25, 31, 24, 30, 26, 32, 21, 22, 23, 28, 29, 0, 1, 5, 9, 28, 29, 4, 8, 12, 2, 6, 10, 3, 7, 11, 1, 5, 9, 13, 17, 34, 35, 6, 10, 14, 18, 8, 12, 16, 20, 7, 11, 15, 19, 21, 23, 27, 28, 29, 33, 34, 35, 25, 31, 37, 24, 30, 36, 26, 32, 38, 22, 23, 27, 28, 29, 33, 34, 35, 5, 13, 17, 33, 34, 35, 6, 10, 14, 18, 8, 12, 16, 20, 7, 11, 15, 19, 9, 13, 17, 27, 29, 33, 34, 35, 21, 23, 27, 28, 29, 33, 34, 35, 25, 31, 37, 24, 30, 36, 26, 32, 38, 22, 23, 27, 28, 29, 33, 34, 35, 5, 9, 13, 27, 28, 29, 33, 34, 35, 1, 5, 9, 21, 22, 23, 27, 28, 29], [0, 8, 13, 15, 17, 19, 25, 27, 29, 31, 36, 38, 40, 42, 47, 53, 56, 59, 62, 69, 73, 77, 81, 89, 92, 95, 98, 106, 112, 116, 120, 124, 132, 140, 143, 146, 149, 157, 166, 175]]], "MO_sym": [["A1g", "A1g", "T1u", "T1u", "T1u", "A1g", "T1u", "T1u", "T1u", "T2g", "T2g", "Eg", "T2g", "Eg", "A1g", "T1u", "T1u", "T1u", "T2g", "T2g", "Eg", "T2g", "Eg", "A1g", "T1u", "T1u", "T1u", "A1g", "T1u", "T1u", "T1u", "A1g", "T2g", "T2g", "Eg", "T2g", "Eg", "A1g", "A1g"], ["A1g", "A1g", "T1u", "T1u", "T1u", "A1g", "T1u", "T1u", "T1u", "Eg", "T2g", "T2g", "T2g", "Eg", "A1g", "T1u", "T1u", "T1u", "A1g", "T1u", "T1u", "T1u", "Eg", "T2g", "T2g", "T2g", "Eg", "A1g", "T1u", "T1u", "T1u", "A1g", "Eg", "T2g", "T2g", "T2g", "Eg", "A1g", "A1g"]]}}, "comp_details": {"geometry": {"geometric_targets": [0.00045, 0.0003, 0.0018, 0.0012]}, "excited_states": {},