{"molecule": {"atoms_masses": [97.9055], "nb_atoms": 1, "starting_geometry": [[0.0, 0.0, 0.0]], "atoms_Z": [42], "atoms_Zeff": [-52.08], "multiplicity": 2, "chirality": false, "nuclear_spins": [0.0], "nuclear_QMom": [0.0], "connectivity": {"bond_orders": [], "atom_pairs": []}, "charge": -1, "can": "[Mo]", "smi": "[Mo]", "starting_nuclear_repulsion": 0.0, "inchi": "InChI=1S/Mo", "formula": "Mo-", "nuclear_gfactors": [0.0], "starting_energy": -3958.44931421, "nb_heavy_atoms": 1, "atoms_valence": [0], "monoisotopic_mass": 97.905408}, "results": {"geometry": {"nuclear_repulsion_energy_from_xyz": 0.0, "elements_3D_coords_converged": [0.0, 0.0, 0.0]}, "excited_states": {}, "freq": {}, "wavefunction": {"SCF_values": [3.41e-09, 5.95e-08, 3.64e-12], "MO_number": 39, "homo_indexes": [21, 20], "virial_ratio": [2.0016], "MO_number_kept": 39, "total_molecular_energy": -3958.44931421, "MO_energies": [[-19282.599158365923, -2703.266611526861, -2479.5463045413326, -2479.4042611113714, -2479.3944650127532, -466.6488585640015, -377.211838750914, -377.00829759073997, -377.00312742758047, -230.8730916597715, -230.86710515506047, -230.860302308798, -230.80615165254852, -230.4246480341475, -61.079763338632, -36.066513972971, -35.165817127816, -35.104319397603, -1.3627461633040001, -1.3178473779715, -1.2778466419480001, -1.152130043017, 1.4468293431085, 3.1655004228665002, 3.224549128425, 3.3499936135055, 3.4523084212935005, 5.220776335693, 6.6975382023565, 6.965298231248499, 7.1321040216050005, 15.823964634276, 26.0154446770525, 26.153678513106502, 26.163202497874, 26.175175507296, 27.280501968027, 70.3966694659015, 3468.997163744665], [-19282.6108592615, -2702.9408912478125, -2479.2154140991242, -2479.2099718221148, -2479.1577259628184, -466.48096431824297, -376.93782010346047, -376.825437083204, -376.822171716998, -230.595807646112, -230.4453286867855, -230.3636945316355, -230.36342241778502, -230.211582889206, -58.971425224958, -33.2422443186315, -33.136392030787, -32.2996419404995, -0.39728622173, -0.1798672551805, 1.5866958622655, 2.666171507199, 2.7965140415885, 3.9763996973565003, 4.1521852447795, 4.1815735406335, 4.263479809634, 4.859409142229, 6.5495082676845, 6.606924290139999, 7.069517835989999, 16.084105475354, 26.3071507247885, 27.6677199772885, 27.675067051252, 27.6927544515345, 27.723775430491497, 71.5727455277625, 3469.448328508794]], "MO_coefs": [[[0.97776, 0.08364, 0.13196, 0.07642, -0.07595, -0.07595, -0.07595, -0.02895, -0.33567, 1.01921, 0.08012, -0.03727, 0.01396, 0.97881, 0.05226, 0.97882, 0.05223, 0.97882, 0.05223, 0.13951, -0.51338, 1.04766, 0.13732, -0.03894, -0.03895, -0.47519, 1.08462, -0.4752, 1.0847, -0.4752, 1.08471, 0.97737, 0.07272, 0.97738, 0.0727, -0.51091, 0.97704, -0.46605, -0.03814, 0.07263, 0.97734, 0.07279, -0.83314, 0.85903, -0.06213, 0.06406, -0.05615, 0.22282, -0.50979, 1.11106, -0.01737, 0.1831, -0.56535, 1.10792, 0.18332, -0.56615, 1.11024, 0.18325, -0.56596, 1.10983, -0.25862, 0.67656, 0.50116, -0.26107, 0.68446, 0.49288, -0.25969, 0.68012, 0.49744, -0.19122, 0.21866, 0.13228, 0.1263, -0.23598, 0.11506, -0.30376, 0.64165, -0.27423, -0.2234, 0.49675, -0.2028, -0.04968, 0.0987, -0.33973, 0.26101, 0.69509, 0.09912, 0.12599, -0.24104, 0.14401, 0.09959, -0.15123, 0.12665, -0.05824, 0.21395, -0.21757, -0.55651, 0.5613, -0.45778, 0.46405, 0.07418, -0.17486, 0.15659, 0.88422, 0.06521, -0.15342, 0.08117, 0.94345, 0.06474, -0.15237, 0.07893, 0.94518, 0.21639, 2.99954, -2.25564, -0.34684, -0.40005, -0.3605, 0.16034, -0.39515, 1.60003, -1.279, 0.16148, -0.39869, 1.60588, -1.23602, 0.16108, -0.39794, 1.60605, -1.23471, 1.37889, 4.62111, -1.56785, -0.32981, -0.31987, -1.6614, -1.66246, -1.66491, 0.30339, -1.00249, 1.04545, 0.30137, -0.9971, 1.04937, 0.30246, -1.00007, 1.04722, 0.30424, -0.15852, 0.46904, -1.01924, 0.50795, -0.51934, 1.02839, -0.55238, 0.27232, -0.26662, -0.8897, 0.8809, 0.90688, -0.8764, -0.58029, 5.12182, -1.69961, -2.48407, -2.47309, -2.48233, 0.93553, 0.93042, 0.93258, 2.90403, 19.01355, 5.06015, -9.47436, -9.47435, -9.47436, -1.84082, -1.84083, -1.84081], [0, 1, 5, 9, 21, 22, 23, 29, 0, 1, 5, 9, 29, 3, 7, 2, 6, 4, 8, 0, 1, 5, 9, 27, 29, 3, 7, 2, 6, 4, 8, 26, 32, 24, 30, 21, 22, 23, 27, 28, 25, 31, 21, 23, 27, 29, 0, 1, 5, 9, 22, 3, 7, 11, 2, 6, 10, 4, 8, 12, 26, 32, 38, 25, 31, 37, 24, 30, 36, 9, 13, 17, 21, 22, 23, 27, 28, 29, 33, 34, 35, 1, 5, 9, 13, 17, 22, 27, 28, 29, 33, 34, 35, 17, 21, 23, 27, 29, 33, 35, 7, 11, 15, 19, 8, 12, 16, 20, 6, 10, 14, 18, 5, 13, 17, 33, 34, 35, 7, 11, 15, 19, 8, 12, 16, 20, 6, 10, 14, 18, 9, 13, 17, 27, 29, 33, 34, 35, 26, 32, 38, 25, 31, 37, 24, 30, 36, 22, 23, 27, 28, 29, 33, 34, 35, 21, 23, 27, 29, 33, 35, 5, 9, 13, 27, 28, 29, 33, 34, 35, 1, 5, 9, 21, 22, 23, 27, 28, 29], [0, 8, 13, 15, 17, 19, 25, 27, 29, 31, 33, 35, 40, 42, 46, 51, 54, 57, 60, 63, 66, 69, 81, 93, 100, 104, 108, 112, 118, 122, 126, 130, 138, 141, 144, 147, 155, 161, 170, 179]], [[0.97776, 0.08364, 0.13196, 0.07641, -0.07595, -0.07595, -0.07595, -0.02895, -0.33568, 1.01929, 0.08042, -0.03705, 0.01388, 0.97885, 0.05217, 0.97885, 0.05216, 0.97885, 0.05216, 0.13953, -0.51344, 1.04776, 0.13698, -0.03893, -0.03896, -0.47525, 1.08501, -0.47523, 1.08494, -0.47524, 1.08495, -0.79457, -0.09581, 0.89038, -0.05872, 0.06591, -0.56934, 0.97273, -0.40341, -0.04256, 0.07185, 0.97748, 0.07241, 0.97748, 0.07243, 0.97753, 0.07228, -0.0565, 0.22438, -0.5149, 1.14364, -0.02246, -0.03133, 0.18282, -0.56483, 1.10814, 0.18288, -0.56503, 1.10868, 0.18301, -0.56555, 1.11021, -0.10032, 0.07958, 0.18436, 0.2002, -0.21918, -0.51508, -0.04981, 0.57622, -0.40094, 0.47005, -0.04809, 0.08932, -0.33124, 0.18119, 0.80846, -0.06427, 0.05228, 0.17952, -0.04191, -0.12379, 0.17064, -0.07148, 0.06409, -0.15009, 0.0582, 0.96098, 0.0618, -0.14434, 0.9796, 0.05239, -0.12168, 1.03894, 0.98817, -0.8384, -0.12894, 0.22542, 0.33205, -0.58246, 0.25733, 0.16955, -0.62434, 0.11201, -0.24258, 0.625, 0.5534, -0.24316, 0.62689, 0.55154, -0.2407, 0.61912, 0.55917, 0.20772, 0.16448, 3.06082, -2.10446, 0.18679, -0.15507, -0.51562, -0.24087, -0.50767, 0.16352, -0.40314, 1.60674, -1.22242, 0.16516, -0.40671, 1.60737, -1.20753, 0.16553, -0.40847, 1.60731, -1.15695, 1.33701, 4.4924, -1.49629, -0.2833, -0.31842, -1.64834, -1.65631, -1.65691, 0.25666, -0.27664, -0.83824, 0.91846, 0.87169, -0.91663, -0.31603, 1.03544, -1.01875, -0.17415, 0.31403, 0.59024, -1.01083, 0.47462, -0.55775, 1.03056, -0.44132, -0.31559, 1.03429, -1.01976, -0.31732, 1.03897, -1.0156, -0.57966, 5.12721, -1.67085, -2.47908, -2.4906, -2.47649, 0.91916, 0.92442, 0.91685, 2.90404, 19.01348, 5.0605, -9.47436, -9.47436, -9.47436, -1.84093, -1.84092, -1.84093], [0, 1, 5, 9, 21, 22, 23, 29, 0, 1, 5, 9, 28, 4, 8, 2, 6, 3, 7, 0, 1, 5, 9, 27, 28, 3, 7, 4, 8, 2, 6, 21, 22, 23, 27, 29, 21, 22, 23, 27, 28, 26, 32, 24, 30, 25, 31, 0, 1, 5, 9, 27, 28, 4, 8, 12, 2, 6, 10, 3, 7, 11, 9, 13, 17, 21, 23, 27, 28, 29, 33, 35, 1, 5, 9, 13, 17, 21, 23, 27, 28, 29, 33, 35, 6, 10, 14, 18, 8, 12, 20, 7, 11, 19, 13, 17, 21, 22, 27, 28, 29, 33, 34, 35, 26, 32, 38, 24, 30, 36, 25, 31, 37, 5, 9, 13, 17, 28, 29, 33, 34, 35, 6, 10, 14, 18, 8, 12, 16, 20, 7, 11, 15, 19, 9, 13, 17, 27, 28, 33, 34, 35, 21, 23, 27, 29, 33, 35, 26, 32, 38, 21, 22, 27, 28, 29, 33, 34, 35, 24, 30, 36, 25, 31, 37, 5, 9, 13, 27, 28, 29, 33, 34, 35, 1, 5, 9, 21, 22, 23, 27, 28, 29], [0, 8, 13, 15, 17, 19, 25, 27, 29, 31, 36, 41, 43, 45, 47, 53, 56, 59, 62, 72, 84, 88, 91, 94, 104, 107, 110, 113, 122, 126, 130, 134, 142, 148, 151, 159, 162, 165, 174, 183]]],