{"molecule": {"atoms_masses": [97.9055], "nb_atoms": 1, "starting_geometry": [[0.0, 0.0, 0.0]], "atoms_Z": [42], "atoms_Zeff": [-52.08], "multiplicity": 2, "chirality": false, "nuclear_spins": [0.0], "nuclear_QMom": [0.0], "connectivity": {"bond_orders": [], "atom_pairs": []}, "charge": 1, "can": "[Mo]", "smi": "[Mo]", "starting_nuclear_repulsion": 0.0, "inchi": "InChI=1S/Mo", "formula": "Mo+", "nuclear_gfactors": [0.0], "starting_energy": -3958.23506991, "nb_heavy_atoms": 1, "atoms_valence": [0], "monoisotopic_mass": 97.905408}, "results": {"geometry": {"nuclear_repulsion_energy_from_xyz": 0.0, "elements_3D_coords_converged": [0.0, 0.0, 0.0]}, "excited_states": {}, "freq": {}, "wavefunction": {"SCF_values": [1.67e-09, 1.88e-08, -5.46e-12], "MO_number": 39, "homo_indexes": [20, 19], "virial_ratio": [2.0016], "MO_number_kept": 39, "total_molecular_energy": -3958.23506991, "MO_energies": [[-19293.440446283694, -2713.935107149564, -2490.14649958756, -2490.14649958756, -2490.14649958756, -477.401437366509, -387.81665973260004, -387.81665973260004, -387.81665973260004, -241.612064769754, -241.612064769754, -241.612064769754, -241.2204929388845, -241.2204929388845, -71.306890295824, -45.591315082022504, -45.591315082022504, -45.591315082022504, -11.969744055794001, -11.969744055794001, -11.969744055794001, -8.0178346049825, -7.399864050497, -7.399319822796, -4.5557300850710005, -4.5557300850710005, -4.5549137435195, -1.7371748215919998, -0.644365597984, -0.644365597984, -0.6440934841335, 7.184349880900999, 15.5913072920985, 15.591579405949002, 15.591579405949002, 16.8141869362455, 16.8152753916475, 60.083282418101, 3458.322681617251], [-19293.441534739097, -2713.817553966148, -2490.0547972199415, -2490.0547972199415, -2490.0547972199415, -477.3364021562395, -387.737202488254, -387.737202488254, -387.737202488254, -241.5562814304015, -241.5562814304015, -241.1655259410835, -241.1655259410835, -241.1655259410835, -70.546604197527, -44.676740430491996, -44.676740430491996, -44.676740430491996, -11.569192467858, -11.569192467858, -7.696196033691501, -6.9848904284844995, -6.9848904284844995, -6.9848904284844995, -4.367427300525001, -4.367427300525001, -4.367427300525001, -1.6487378201795, -0.5423229040465, -0.5423229040465, -0.5423229040465, 7.447211860484, 15.802739753937, 15.8030118677875, 17.076504688127503, 17.076776801978, 17.076776801978, 60.5510461271105, 3458.4913922045607]], "MO_coefs": [[[0.97776, 0.08364, 0.13195, 0.07641, -0.07594, -0.07594, -0.07594, -0.02895, -0.33567, 1.01924, 0.08024, -0.0372, 0.01393, 0.97883, 0.05222, 0.97883, 0.05222, 0.97883, 0.05222, 0.13951, -0.51339, 1.04769, 0.13733, -0.03893, -0.03893, -0.47521, 1.08476, -0.47521, 1.08476, -0.47521, 1.08476, 0.84644, -0.84644, 0.06294, -0.06294, 0.97738, 0.07267, 0.97738, 0.07267, 0.97738, 0.07271, -0.48869, -0.48869, 0.97738, -0.03635, 0.07271, -0.05617, 0.22291, -0.51068, 1.11486, -0.01446, 0.18321, -0.56589, 1.10987, 0.18321, -0.56589, 1.10987, 0.18321, -0.56589, 1.10987, -0.22499, 0.22499, 0.58932, -0.58932, 0.43046, -0.43046, -0.2598, 0.68049, 0.49705, -0.2598, 0.68049, 0.49705, -0.06404, 0.16859, -0.39768, 0.82864, 0.18, 0.02728, 0.02728, 0.02683, -0.24803, 0.64195, 0.53655, 0.12402, -0.24803, -0.32097, -0.32097, 0.642, -0.26825, -0.26825, 0.53653, 0.12775, -0.30858, 0.75706, 0.32754, 0.12775, -0.30858, 0.75706, 0.32754, 0.12774, -0.30855, 0.75692, 0.32769, 0.18571, 2.30884, -2.18454, -0.18503, -0.18503, -0.18503, 0.29527, -1.41857, 1.52005, 0.29527, -1.41857, 1.52005, 0.2953, -1.41864, 1.52002, 1.42331, 4.92728, -1.7968, -0.33293, -0.33294, -1.68473, -1.68473, -1.68473, 0.26184, -0.26184, -0.86587, 0.86587, 0.90708, -0.90708, 0.30235, -0.99982, 1.04741, 0.30235, -0.99982, 1.04741, 0.31209, -1.02499, 1.02773, -0.15604, 0.31209, 0.51251, 0.51251, -1.02496, -0.51387, -0.51387, 1.02774, -0.5806, 5.10931, -1.75009, 0.48419, -2.47693, -2.47693, -2.47694, 0.9486, 0.9486, 0.94861, 2.90403, 19.01353, 5.06023, -9.47436, -9.47436, -9.47436, -1.84085, -1.84085, -1.84085], [0, 1, 5, 9, 21, 22, 23, 29, 0, 1, 5, 9, 29, 2, 6, 3, 7, 4, 8, 0, 1, 5, 9, 28, 29, 2, 6, 3, 7, 4, 8, 21, 22, 27, 28, 25, 31, 26, 32, 24, 30, 21, 22, 23, 28, 29, 0, 1, 5, 9, 23, 2, 6, 10, 3, 7, 11, 4, 8, 12, 21, 22, 27, 28, 33, 34, 26, 32, 38, 25, 31, 37, 1, 5, 9, 13, 17, 33, 34, 35, 24, 30, 36, 21, 23, 27, 28, 29, 33, 34, 35, 6, 10, 14, 18, 7, 11, 15, 19, 8, 12, 16, 20, 5, 13, 17, 33, 34, 35, 10, 14, 18, 11, 15, 19, 12, 16, 20, 9, 13, 17, 27, 29, 33, 34, 35, 21, 22, 27, 28, 33, 34, 26, 32, 38, 25, 31, 37, 24, 30, 36, 22, 23, 27, 28, 29, 33, 34, 35, 5, 9, 13, 17, 27, 28, 29, 33, 34, 35, 1, 5, 9, 21, 22, 23, 27, 28, 29], [0, 8, 13, 15, 17, 19, 25, 27, 29, 31, 35, 37, 39, 41, 46, 51, 54, 57, 60, 66, 69, 72, 80, 83, 91, 95, 99, 103, 109, 112, 115, 118, 126, 132, 135, 138, 141, 149, 159, 168]], [[0.97776, 0.08364, 0.13195, 0.07641, -0.07594, -0.07594, -0.07594, -0.02895, -0.33568, 1.01926, 0.08034, -0.03713, 0.0139, 0.97884, 0.05219, 0.97884, 0.05219, 0.97884, 0.05219, 0.13952, -0.51341, 1.04774, 0.13722, -0.03896, -0.03896, -0.47522, 1.08486, -0.47522, 1.08486, -0.47522, 1.08486, 0.97744, 0.07252, -0.48872, -0.48872, 0.97744, -0.03626, 0.07252, 0.84648, -0.84648, 0.06283, -0.06283, 0.97743, 0.07255, 0.97743, 0.07255, -0.05629, 0.22345, -0.5124, 1.1259, -0.01741, -0.01741, 0.18314, -0.56579, 1.11012, 0.18314, -0.56579, 1.11012, 0.18314, -0.56579, 1.11012, -0.25868, 0.67724, 0.50046, 0.12934, -0.25869, -0.33862, -0.33862, 0.67724, -0.25023, -0.25023, 0.50045, -0.06216, 0.16368, -0.38037, 0.82415, 0.20711, 0.01738, 0.01739, -0.21406, 0.21406, 0.55388, -0.55388, 0.46674, -0.46674, -0.24718, 0.63957, 0.53894, -0.24718, 0.63957, 0.53894, 0.12413, -0.29969, 0.71674, 0.3703, 0.12413, -0.29969, 0.71674, 0.3703, 0.12413, -0.29968, 0.71672, 0.37032, 0.1877, 2.38415, -2.20258, -0.20474, -0.20474, -0.20474, 0.30338, -1.4394, 1.51021, 0.30338, -1.4394, 1.51021, 0.30339, -1.43941, 1.51021, 1.41271, 4.89506, -1.77237, -0.3275, -0.3275, -1.68466, -1.68466, -1.68466, 0.30313, -1.00204, 1.04578, -0.15156, 0.30313, 0.50102, 0.50102, -1.00204, -0.52289, -0.52289, 1.04579, -0.27072, 0.27072, 0.88897, -0.88897, -0.88895, 0.88895, -0.3126, 1.02649, -1.02648, -0.3126, 1.02649, -1.02648, -0.58044, 5.11078, -1.74164, -2.47764, -2.47764, -2.47764, 0.9449, 0.9449, 0.9449, 2.90403, 19.0135, 5.06037, -9.47436, -9.47436, -9.47436, -1.8409, -1.8409, -1.8409], [0, 1, 5, 9, 21, 22, 23, 29, 0, 1, 5, 9, 29, 3, 7, 2, 6, 4, 8, 0, 1, 5, 9, 28, 29, 2, 6, 3, 7, 4, 8, 24, 30, 21, 22, 23, 28, 29, 21, 22, 27, 28, 25, 31, 26, 32, 0, 1, 5, 9, 28, 29, 4, 8, 12, 3, 7, 11, 2, 6, 10, 24, 30, 36, 21, 23, 27, 28, 29, 33, 34, 35, 1, 5, 9, 13, 17, 34, 35, 21, 22, 27, 28, 33, 34, 25, 31, 37, 26, 32, 38, 7, 11, 15, 19, 6, 10, 14, 18, 8, 12, 16, 20, 5, 13, 17, 33, 34, 35, 11, 15, 19, 10, 14, 18, 12, 16, 20, 9, 13, 17, 27, 29, 33, 34, 35, 24, 30, 36, 21, 23, 27, 28, 29, 33, 34, 35, 21, 22, 27, 28, 33, 34, 25, 31, 37, 26, 32, 38, 5, 9, 13, 27, 28, 29, 33, 34, 35, 1, 5, 9, 21, 22, 23, 27, 28, 29], [0, 8, 13, 15, 17, 19, 25, 27, 29, 31, 33, 38, 42, 44, 46, 52, 55, 58, 61, 64, 72, 79, 85, 88, 91, 95, 99, 103, 109, 112, 115, 118, 126, 129, 137, 143, 146, 149, 158, 167]]], "MO_sym": [["A1g", "A1g", "T1u", "T1u", "T1u", "A1g", "T1u", "T1u", "T1u", "Eg", "T2g", "T2g", "T2g", "Eg", "A1g", "T1u", "T1u", "T1u", "?A", "?B", "?B", "A1g", "?B", "?A", "T1u", "T1u", "T1u", "A1g", "T1u", "T1u", "T1u", "A1g", "?A", "?B", "?B", "?B", "?A", "A1g", "A1g"], ["A1g", "A1g", "T1u", "T1u", "T1u", "A1g", "T1u", "T1u", "T1u", "T2g", "Eg", "Eg", "T2g", "T2g", "A1g", "T1u", "T1u", "T1u", "?A", "?B", "A1g", "?B", "?A", "?A", "T1u", "T1u", "T1u", "A1g", "T1u", "T1u", "T1u", "A1g", "?A", "?B", "?B", "?A", "?A", "A1g", "A1g"]]}}, "comp_details": {"geometry": {}, "excited_states": {}, "freq": {}, "general": {"scf_targets": [[1e-08, 1e-06, 1e-06]], "list_theory": ["DFT"], "solvent": "Gas", "package": "Gaussian", "integration_grid": "Default", "package_version": "09revisionD.01", "basis_set_size": 39,