{"molecule": {"atoms_masses": [97.9055], "nb_atoms": 1, "starting_geometry": [[0.0, 0.0, 0.0]], "atoms_Z": [42], "atoms_Zeff": [-52.08], "multiplicity": 5, "chirality": false, "nuclear_spins": [0.0], "nuclear_QMom": [0.0], "connectivity": {"bond_orders": [], "atom_pairs": []}, "charge": 0, "can": "[Mo]", "smi": "[Mo]", "starting_nuclear_repulsion": 0.0, "inchi": "InChI=1S/Mo", "formula": "Mo", "nuclear_gfactors": [0.0], "starting_energy": -3958.51740783, "nb_heavy_atoms": 1, "atoms_valence": [0], "monoisotopic_mass": 97.905408}, "results": {"geometry": {"nuclear_repulsion_energy_from_xyz": 0.0, "elements_3D_coords_converged": [0.0, 0.0, 0.0]}, "excited_states": {"et_oscs": [0.0, 0.0, 0.0, 0.0, 0.0, 0.285, 0.285, 0.285, 0.0, 0.0], "et_rot": [0.0, 0.0, 0.0, 0.0, 0.0, 0.0, 0.0, 0.0, 0.0, 0.0], "et_transitions": [[[[19, 0], [23, 0], 0.33194], [[20, 0], [23, 0], -0.13018], [[21, 0], [23, 0], 0.8818], [[22, 0], [23, 0], -0.26297], [[18, 1], [22, 1], -0.13424]], [[[19, 0], [23, 0], -0.28857], [[20, 0], [23, 0], 0.91094], [[21, 0], [23, 0], 0.2002], [[22, 0], [23, 0], -0.14387], [[18, 1], [26, 1], -0.1486]], [[[19, 0], [23, 0], 0.78503], [[20, 0], [23, 0], 0.34642], [[21, 0], [23, 0], -0.10225], [[22, 0], [23, 0], 0.47657], [[18, 1], [25, 1], -0.12806]], [[[19, 0], [23, 0], -0.40513], [[21, 0], [23, 0], 0.38177], [[22, 0], [23, 0], 0.81048], [[18, 1], [23, 1], 0.13902]], [[[18, 0], [23, 0], 0.98684], [[18, 1], [24, 1], -0.16098]], [[[18, 1], [19, 1], -0.38563], [[18, 1], [20, 1], 0.90039]], [[[18, 1], [19, 1], 0.8738], [[18, 1], [20, 1], 0.39698], [[18, 1], [21, 1], 0.21718]], [[[22, 0], [26, 0], -0.10196], [[18, 1], [19, 1], -0.23675], [[18, 1], [21, 1], 0.95511]], [[[21, 0], [23, 0], -0.15744], [[18, 1], [22, 1], -0.69749], [[18, 1], [23, 1], 0.70307]], [[[22, 0], [23, 0], -0.15744], [[18, 1], [22, 1], 0.70307], [[18, 1], [23, 1], 0.6975]]], "et_energies": [6974.276147563, 6974.276147563, 6974.276147563, 6974.276147563, 6974.276147563, 16486.779083188998, 16486.779083188998, 16486.779083188998, 19020.973099107, 19020.973099107], "et_sym": ["5.085-EG", "5.085-T2G", "5.085-T2G", "5.085-EG", "5.085-T2G", "5.385-?Sym", "5.385-?Sym", "5.385-?Sym", "5.046-EG", "5.046-EG"]}, "freq": {}, "wavefunction": {"SCF_values": [8.66e-11, 1.21e-09, null], "MO_number": 39, "homo_indexes": [22, 18], "virial_ratio": [2.0016], "MO_number_kept": 39, "total_molecular_energy": -3958.51740783, "MO_energies": [[-19285.97636336448, -2706.739056373092, -2482.8960260409876, -2482.8960260409876, -2482.8960260409876, -470.1308273949995, -380.574077487692, -380.574077487692, -380.574077487692, -234.31614821014801, -234.31614821014801, -234.31614821014801, -234.31614821014801, -234.31614821014801, -65.436850312838, -40.0265868392975, -40.0265868392975, -40.0265868392975, -5.5301697837115, -5.5301697837115, -5.5301697837115, -5.5301697837115, -5.5301697837115, -2.5864421490025, 0.2408207576925, 0.2408207576925, 0.2408207576925, 2.309158135343, 3.5059148498420005, 3.5059148498420005, 3.5059148498420005, 12.090018377715, 21.994418308214, 21.994418308214, 21.994418308214, 21.994418308214, 21.994418308214, 66.225436251587, 3465.3671649789953], [-19285.99296230936, -2706.1798624103144, -2482.4581948555333, -2482.4581948555333, -2482.4581948555333, -469.8402098026655, -380.205635334115, -380.205635334115, -380.205635334115, -233.67885757227702, -233.67885757227702, -233.67885757227702, -233.67885757227702, -233.67885757227702, -61.7880756914835, -35.5987502639615, -35.5987502639615, -35.5987502639615, -3.5785692479254996, -0.41878321591949996, -0.41878321591949996, -0.41878321591949996, 0.7132104021605, 0.7132104021605, 0.7132104021605, 0.7132104021605, 0.7132104021605, 1.7864274285325001, 3.424824922393, 3.424824922393, 3.424824922393, 12.6731583593365, 23.997176247894, 23.997176247894, 23.997176247894, 23.997176247894, 23.997176247894, 68.3052024109585, 3466.1503086407342]], "MO_sym": [["A1g", "A1g", "T1u", "T1u", "T1u", "A1g", "T1u", "T1u", "T1u", "T2g", "T2g", "T2g", "Eg", "Eg", "A1g", "T1u", "T1u", "T1u", "T2g", "T2g", "T2g", "Eg", "Eg", "A1g", "T1u", "T1u", "T1u", "A1g", "T1u", "T1u", "T1u", "A1g", "T2g", "T2g", "T2g", "Eg", "Eg", "A1g", "A1g"], ["A1g", "A1g", "T1u", "T1u", "T1u", "A1g", "T1u", "T1u", "T1u", "Eg", "Eg", "T2g", "T2g", "T2g", "A1g", "T1u", "T1u", "T1u", "A1g", "T1u", "T1u", "T1u", "Eg", "Eg", "T2g", "T2g", "T2g", "A1g", "T1u", "T1u", "T1u", "A1g", "Eg", "Eg", "T2g", "T2g", "T2g", "A1g", "A1g"]]}}, "comp_details": {"geometry": {}, "excited_states": {"nb_et_states": 10}, "freq": {}, "general": {"scf_targets": [[1e-08, 1e-06, 1e-06]], "list_theory": ["DFT"], "solvent": "Gas", "package": "Gaussian", "integration_grid": "Default", "package_version": "09revisionD.01", "basis_set_size": 39, "job_type": ["TD"], "functional": "PBE1PBE", "is_closed_shell": "False", "core_electrons_per_atoms": [0], "basis_set_md5": "982c304daf5dd0c7d3d43337a80a1bf0", "basis_set": "(lp0\n(lp1\n(VS\np2\n(lp3\n(F8899.4911\nF0.06170640004\ntp4\na(F1346.7637\nF0.3694536002\ntp5\na(F295.63519\nF0.6884343004\ntp6\natp7\na(g2\n(lp8\n(F399.313877\nF-0.112144025\ntp9\na(F86.593558\nF0.08601148352\ntp10\na(F27.6390393\nF0.9674334852\ntp11\natp12\na(VP\np13\n(lp14\n(F399.313877\nF0.150066516\ntp15\na(F86.593558\nF0.6007695369\ntp16\na(F27.6390393\nF0.410386471\ntp17\natp18\na(g2\n(lp19\n(F22.5029154\nF-1.422306435\ntp20\na(F19.4917089\nF1.284184615\ntp21\na(F4.27818027\nF1.010866226\ntp22\natp23\na(g13\n(lp24\n(F22.5029154\nF-0.6680660696\ntp25\na(F19.4917089\nF1.030345622\ntp26\na(F4.27818027\nF0.7283479918\ntp27\natp28\na(g2\n(lp29\n(F4.16302071\nF-0.3964232509\ntp30\na(F1.43530544\nF0.4370791899\ntp31\na(F0.543782114\nF0.8148461598\ntp32\natp33\na(g13\n(lp34\n(F4.16302071\nF0.002962629458\ntp35\na(F1.43530544\nF0.4791471367\ntp36\na(F0.543782114\nF0.5864869047\ntp37\natp38\na(g2\n(lp39\n(F0.631801425\nF-0.3033617372\ntp40\na(F0.0732579138\nF1.108413491\ntp41\natp42\na(g13\n(lp43\n(F0.631801425\nF-0.001079133201\ntp44\na(F0.0732579138\nF1.000313431\ntp45\natp46\na(g2\n(lp47\n(F0.0280251457\nF1.0\ntp48\natp49\na(g13\n(lp50\n(F0.0280251457\nF1.0\ntp51\natp52\na(VD\np53\n(lp54\n(F63.780447\nF0.1317387929\ntp55\na(F17.373576\nF0.4985315731\ntp56\na(F5.2307839\nF0.5781774688\ntp57\natp58\na(g53\n(lp59\n(F2.2709367\nF0.311264411\ntp60\na(F0.75465299\nF0.7810341741\ntp61\natp62\na(g53\n(lp63\n(F0.2351422\nF1.0\ntp64\natp65\naa.", "last_theory": "DFT", "all_unique_theory": ["DFT"]}}, "metadata": {"archivable_for_new_entry": "False", "archivable": "True", "parser_version": "v7.1", "log_file": "TD_T.log"}}
