{"molecule": {"atoms_masses": [14.003074, 12.0, 1.007825], "nb_atoms": 3, "starting_geometry": [[0.0, 0.0, 0.648971], [0.0, 0.0, -0.496417], [0.0, 0.0, -1.564291]], "atoms_Z": [7, 6, 1], "atoms_Zeff": [-4.55, -3.6, -1.0], "multiplicity": 1, "chirality": false, "nuclear_spins": [2.0, 0.0, 1.0], "nuclear_QMom": [2.044, 0.0, 0.0], "connectivity": {"bond_orders": [3, 3, 1, 1], "atom_pairs": [[0, 1], [1, 0], [1, 2], [2, 1]]}, "charge": 0, "can": "C#N", "smi": "N#C", "starting_nuclear_repulsion": 24.05118, "inchi": "InChI=1S/CHN/c1-2/h1H", "formula": "CHN", "nuclear_gfactors": [0.403761, 0.0, 2.792846], "starting_energy": -93.3415115373, "nb_heavy_atoms": 2, "atoms_valence": [1, 2, 1], "monoisotopic_mass": 27.010899037}, "results": {"geometry": {"geometric_values": [[3.9e-05, 2.2e-05, 7e-05, 4.3e-05]], "nuclear_repulsion_energy_from_xyz": 24.05118, "elements_3D_coords_converged": [0.0, 0.0, 0.648971, 0.0, 0.0, -0.496417, 0.0, 0.0, -1.564291], "OPT_DONE": true}, "excited_states": {}, "freq": {"electronic_thermal_energy": -93.322533, "vibrational_freq": [766.7865, 766.7865, 2221.0259, 3461.9868], "zero_point_energy": -93.325071, "enthalpy": -93.321589, "polarizabilities": [[13.668, 0.0, 0.0], [0.0, 13.668, 0.0], [0.0, 0.0, 22.522]], "entropy": 7.6602e-05, "vibrational_sym": ["PI", "PI", "SG", "SG"], "vibration_disp": [[[0.0548, -0.03695, 0.0], [-0.13253, 0.08935, 0.0], [0.81666, -0.5506, 0.0]], [[0.03695, 0.0548, 0.0], [-0.08935, -0.13253, 0.0], [0.5506, 0.81666, 0.0]], [[0.0, 0.0, 0.40895], [0.0, 0.0, -0.40869], [0.0, 0.0, -0.81592]], [[0.0, 0.0, -0.03554], [0.0, 0.0, 0.12475], [0.0, 0.0, -0.99155]]], "vibrational_int": [36.4227, 36.4227, 1.5409, 67.7371], "free_energy": -93.344428}, "wavefunction": {"Mulliken_partial_charges": [-0.884408, 0.783387, 0.101021], "MO_number": 96, "homo_indexes": [6], "SCF_values": [9.73e-10, 3.1e-08, null], "MO_number_kept": 37, "total_molecular_energy": -93.3415115373, "MO_energies": [[-392.0200023812735, -279.6636492821225, -26.0140841078, -17.0803142820345, -10.984691916984, -10.4565189331635, -10.4565189331635, 0.049524720791, 0.049524720791, 0.1379617222035, 1.0032837667935, 2.1407196618835003, 2.1407196618835003, 3.0748865106500003, 3.3967971957915, 5.048800382177, 5.048800382177, 5.5078564479705, 6.599849330027, 8.9832945465565, 8.9832945465565, 9.5237126536495, 10.904146217236, 10.904146217236, 14.311555853197, 14.311555853197, 15.188034565657501, 16.831330108827, 17.413653748896998, 18.198702207589502, 18.198702207589502, 18.6433362393065, 18.6433362393065, 21.530736306962, 21.530736306962, 22.483134783712, 25.0712096158175]], "virial_ratio": [2.0037], "MO_sym": [["sigma", "sigma", "sigma", "sigma", "sigma", "pi", "pi", "pi", "pi", "sigma", "sigma", "pi", "pi", "sigma", "sigma", "pi", "pi", "sigma", "sigma", "delta", "delta", "sigma", "pi", "pi", "pi", "pi", "sigma", "sigma", "sigma", "delta", "delta", "pi", "pi", "pi", "pi", "sigma", "sigma"]]}}, "comp_details": {"geometry": {"geometric_targets": [0.00045, 0.0003, 0.0018, 0.0012]}, "excited_states": {}, "freq": {"temperature": 298.15}, "general": {"scf_targets": [[1e-08, 1e-06, 1e-06]], "list_theory": ["DFT"], "solvent": "Gas", "package": "Gaussian", "integration_grid": "Default", "package_version": "09revisionD.01", "basis_set_size": 96, "job_type": ["FREQ", "OPT"], "functional": "PBE1PBE", "is_closed_shell": "True", "core_electrons_per_atoms": [0, 0, 0], "basis_set_md5": "9b750a4cbc80975a1c59bcbd8021156b", "basis_set": "(lp0\n(lp1\n(VS\np2\n(lp3\n(F6293.48\nF0.001969788147\ntp4\na(F949.044\nF0.01496128592\ntp5\na(F218.776\nF0.07350053084\ntp6\na(F63.6916\nF0.2489367658\ntp7\na(F18.8282\nF0.6024594331\ntp8\na(F2.72023\nF0.2562017589\ntp9\natp10\na(g2\n(lp11\n(F30.6331\nF0.1119060795\ntp12\na(F7.02614\nF0.9216666549\ntp13\na(F2.11205\nF-0.002569191826\ntp14\natp15\na(VP\np16\n(lp17\n(F30.6331\nF0.03831191864\ntp18\na(F7.02614\nF0.2374031155\ntp19\na(F2.11205\nF0.8175923978\ntp20\natp21\na(g2\n(lp22\n(F0.684009\nF1.0\ntp23\natp24\na(g16\n(lp25\n(F0.684009\nF1.0\ntp26\natp27\na(g2\n(lp28\n(F0.200878\nF1.0\ntp29\natp30\na(g16\n(lp31\n(F0.200878\nF1.0\ntp32\natp33\na(g2\n(lp34\n(F0.0639\nF1.0\ntp35\natp36\na(g16\n(lp37\n(F0.0639\nF1.0\ntp38\natp39\na(VD\np40\n(lp41\n(F3.652\nF1.0\ntp42\natp43\na(g40\n(lp44\n(F0.913\nF1.0\ntp45\natp46\na(g40\n(lp47\n(F0.22825\nF1.0\ntp48\natp49\na(VF\np50\n(lp51\n(F1.0\nF1.0\ntp52\natp53\naa(lp54\n(g2\n(lp55\n(F4563.24\nF0.001966650249\ntp56\na(F682.024\nF0.01523060193\ntp57\na(F154.973\nF0.07612690966\ntp58\na(F44.4553\nF0.2608010331\ntp59\na(F13.029\nF0.6164620782\ntp60\na(F1.82773\nF0.221006028\ntp61\natp62\na(g2\n(lp63\n(F20.9642\nF0.1146600807\ntp64\na(F4.80331\nF0.9199996477\ntp65\na(F1.45933\nF-0.003030682134\ntp66\natp67\na(g16\n(lp68\n(F20.9642\nF0.04024869267\ntp69\na(F4.80331\nF0.2375939567\ntp70\na(F1.45933\nF0.8158538515\ntp71\natp72\na(g2\n(lp73\n(F0.483456\nF1.0\ntp74\natp75\na(g16\n(lp76\n(F0.483456\nF1.0\ntp77\natp78\na(g2\n(lp79\n(F0.145585\nF1.0\ntp80\natp81\na(g16\n(lp82\n(F0.145585\nF1.0\ntp83\natp84\na(g2\n(lp85\n(F0.0438\nF1.0\ntp86\natp87\na(g16\n(lp88\n(F0.0438\nF1.0\ntp89\natp90\na(g40\n(lp91\n(F2.504\nF1.0\ntp92\natp93\na(g40\n(lp94\n(F0.626\nF1.0\ntp95\natp96\na(g40\n(lp97\n(F0.1565\nF1.0\ntp98\natp99\na(g50\n(lp100\n(F0.8\nF1.0\ntp101\natp102\naa(lp103\n(g2\n(lp104\n(F33.865\nF0.02549381454\ntp105\na(F5.09479\nF0.1903731086\ntp106\na(F1.15879\nF0.852161486\ntp107\natp108\na(g2\n(lp109\n(F0.32584\nF1.0\ntp110\natp111\na(g2\n(lp112\n(F0.102741\nF1.0\ntp113\natp114\na(g2\n(lp115\n(F0.036\nF1.0\ntp116\natp117\na(g16\n(lp118\n(F3.0\nF1.0\ntp119\natp120\na(g16\n(lp121\n(F0.75\nF1.0\ntp122\natp123\na(g16\n(lp124\n(F0.1875\nF1.0\ntp125\natp126\na(g40\n(lp127\n(F1.0\nF1.0\ntp128\natp129\naa.", "last_theory": "DFT", "all_unique_theory": ["DFT"]}}, "metadata": {"archivable_for_new_entry": "False", "archivable": "True", "parser_version": "v7.1", "log_file": "freq.log"}}
