{"molecule": {"atoms_masses": [14.003074, 12.0, 1.007825], "nb_atoms": 3, "starting_geometry": [[0.0, 0.0, 0.656071], [0.0, 0.0, -0.503929], [0.0, 0.0, -1.568929]], "atoms_Z": [7, 6, 1], "atoms_Zeff": [0.0, 0.0, 0.0], "multiplicity": 1, "chirality": false, "nuclear_spins": [2.0, 0.0, 1.0], "nuclear_QMom": [2.044, 0.0, 0.0], "connectivity": {"bond_orders": [3, 3, 1, 1], "atom_pairs": [[0, 1], [1, 0], [1, 2], [2, 1]]}, "charge": 0, "can": "C#N", "smi": "N#C", "starting_nuclear_repulsion": 23.80597, "inchi": "InChI=1S/CHN/c1-2/h1H", "formula": "CHN", "nuclear_gfactors": [0.403761, 0.0, 2.792846], "starting_energy": -93.3410180036, "nb_heavy_atoms": 2, "atoms_valence": [1, 2, 1], "monoisotopic_mass": 27.010899037}, "results": {"geometry": {"geometric_values": [[0.034707, 0.017403, 0.015786, 0.009972], [0.000582, 0.000402, 0.00115, 0.000724], [3.9e-05, 2.2e-05, 7e-05, 4.3e-05]], "nuclear_repulsion_energy_from_xyz": 24.05118, "elements_3D_coords_converged": [0.0, 0.0, 0.648971, 0.0, 0.0, -0.496417, 0.0, 0.0, -1.564291], "OPT_DONE": true}, "excited_states": {}, "freq": {}, "wavefunction": {"Mulliken_partial_charges": [-0.884407, 0.783386, 0.101021], "MO_number": 96, "homo_indexes": [6], "SCF_values": [5.66e-09, 9.27e-08, -2.39e-11], "MO_number_kept": 37, "total_molecular_energy": -93.3415115373, "MO_energies": [[-392.0200023812735, -279.6636492821225, -26.0140841078, -17.0803142820345, -10.984691916984, -10.4565189331635, -10.4565189331635, 0.049524720791, 0.049524720791, 0.1379617222035, 1.0032837667935, 2.1407196618835003, 2.1407196618835003, 3.0748865106500003, 3.3967971957915, 5.048800382177, 5.048800382177, 5.5078564479705, 6.599849330027, 8.9832945465565, 8.9832945465565, 9.5237126536495, 10.904146217236, 10.904146217236, 14.311555853197, 14.311555853197, 15.188034565657501, 16.831330108827, 17.413653748896998, 18.198702207589502, 18.198702207589502, 18.6433362393065, 18.6433362393065, 21.530736306962, 21.530736306962, 22.483134783712, 25.0712096158175]], "MO_coefs": [[[0.55778, 0.46497, 0.02316, -0.0115, -0.01087, -0.02004, 0.01762, -0.01334, 0.01128, -0.04606, 0.01761, -0.01083, 0.56332, 0.46148, 0.02989, 0.05828, 0.00953, 0.01094, 0.01321, -0.02189, -0.01161, -0.10069, -0.15944, -0.09791, 0.42164, -0.14071, 0.41825, -0.11711, 0.03272, 0.02604, -0.08346, -0.12754, 0.10701, 0.30452, 0.07696, -0.0207, -0.08435, -0.02067, 0.02039, -0.02541, 0.03865, 0.06234, -0.17474, -0.29371, 0.03562, -0.05396, -0.07054, -0.11263, -0.15993, 0.29589, -0.19176, 0.32511, 0.03981, 0.18322, 0.26725, 0.09873, 0.02871, 0.04029, -0.06221, -0.10096, 0.23661, 0.29576, 0.33221, 0.50741, 0.20489, 0.09002, 0.03759, 0.06029, -0.12149, -0.16641, -0.14742, -0.20039, -0.09894, -0.06891, 0.049, 0.10788, 0.06704, 0.04733, 0.20701, 0.30426, 0.29608, 0.02772, -0.02441, -0.04736, 0.18768, 0.28318, 0.14577, 0.02419, -0.04826, 0.20701, 0.30426, 0.29608, 0.02772, -0.02441, -0.04736, 0.18768, 0.28318, 0.14577, 0.02419, -0.04826, -0.18679, -0.28786, -0.35975, -0.52826, 0.15124, 0.24773, 0.40731, 0.6858, 0.11574, -0.18679, -0.28786, -0.35975, -0.52826, 0.15124, 0.24773, 0.40731, 0.6858, 0.11574, 0.17481, -0.0987, -0.21541, -0.13535, 0.07269, -0.29825, -0.07306, -2.53263, 0.92968, 0.23313, 3.32531, -0.09821, -0.1348, -1.0764, 0.55864, -4.06042, 0.62019, -0.11503, 1.63803, 0.7447, 4.09081, 1.58827, -0.13562, -0.31896, 0.04367, 0.05563, 0.25343, -0.09428, -0.14748, -0.20895, -0.59982, 1.22121, -0.04636, 0.04367, 0.05563, 0.25343, -0.09428, -0.14748, -0.20895, -0.59982, 1.22121, -0.04636, -3.10852, 0.59044, -1.78917, 1.45139, -4.59254, 4.15768, -0.61343, 0.91766, 4.75701, 4.69955, 0.61293, -1.86715, 0.63931, -4.26895, 1.7521, 1.11648, 1.96611, 10.0533, -1.78999, 0.46657, 1.0708, -6.72897, -0.13414, -0.17978, 2.38752, -0.25078, -0.24429, -1.57061, -0.61946, -0.30837, -0.13414, -0.17978, 2.38752, -0.25078, -0.24429, -1.57061, -0.61946, -0.30837, 1.83984, -1.04162, 5.51004, 1.57736, -1.87215, -1.76393, 1.13326, -4.86771, -0.87513, -1.58147, -4.06039, -2.15734, 1.65167, -8.4845, 3.48867, 8.00979, 12.34754, -2.41653, 0.73617, -5.04944, -4.83734, -0.68817, 0.02585, 0.04933, 0.9591, 0.02585, 0.04932, 0.95911, -0.69013, 1.46077, -8.86268, 0.72753, 0.53462, -2.90617, 5.04286, -1.02918, 5.36372, -1.28946, 1.22422, 10.49827, 3.00256, 1.97207, 0.07501, 0.50404, 0.51498, 0.07171, -0.12191, -0.28697, -0.70668, -0.69006, -0.31244, 1.21352, 0.07501, 0.50404, 0.51498, 0.07171, -0.12191, -0.28697, -0.70668, -0.69006, -0.31244, 1.21352, -1.96559, -0.90708, 0.91314, -0.19798, -0.57744, 3.06555, 1.84644, 0.39681, -1.96559, -0.90708, 0.91314, -0.19798, -0.57744, 3.06555, 1.84644, 0.39681, 12.39817, -3.45719, 6.34316, -1.27755, -9.33658, -9.79618, -7.50082, -3.33958, -2.74235, 3.54019, -0.7441, 1.38221, -5.97531, 3.22333, -1.31079, 0.73048, 6.29827, 5.6345, -1.39195, -1.9454, 1.79487, -3.58037, -1.92145, -1.60689, -2.97497, 1.82093, -1.96357, 11.50139, -1.24157, 2.91172, -0.79491, 0.81374, -1.66733, -7.81269, -0.47881, -3.40829, 1.25861, -0.8221, 1.25861, -0.8221, -2.62202, -0.7537, 0.64691, 0.3156, -0.50753, 0.41821, 4.42848, 3.69208, -2.62202, -0.7537, 0.64691, 0.3156, -0.50753, 0.41821, 4.42848, 3.69208, 0.14866, 0.46137, -0.49154, 1.27334, -1.2303, -0.51039, -0.8285, -0.68791, 0.57107, 0.14866, 0.46137, -0.49154, 1.27334, -1.2303, -0.51039, -0.8285, -0.68791, 0.57107, -9.18343, 3.84961, -4.92928, 0.87706, -1.14755, -0.50065, 15.39422, 1.53139, 3.92796, 4.08784, -3.92564, -3.7448, -6.47694, 4.7248, -9.87865, 1.4555, 10.36843, 1.15682, 4.08901, -0.79, 3.80429, 10.85348, 1.72536, 3.40759], [0, 1, 5, 8, 9, 47, 48, 79, 8, 9, 12, 13, 39, 40, 44, 48, 51, 52, 61, 79, 80, 0, 1, 4, 5, 8, 9, 12, 13, 22, 39, 40, 43, 44, 47, 48, 51, 52, 61, 80, 0, 1, 5, 9, 12, 13, 39, 40, 43, 44, 47, 48, 66, 78, 79, 80, 87, 90, 0, 1, 4, 5, 8, 9, 12, 13, 39, 40, 43, 44, 47, 48, 51, 52, 78, 79, 80, 81, 3, 7, 11, 15, 24, 29, 42, 46, 50, 63, 68, 2, 6, 10, 14, 23, 28, 41, 45, 49, 62, 67, 3, 7, 11, 15, 42, 46, 50, 54, 89, 2, 6, 10, 14, 41, 45, 49, 53, 88, 9, 13, 16, 44, 47, 48, 51, 52, 55, 80, 81, 90, 5, 9, 12, 13, 16, 27, 48, 51, 52, 55, 79, 81, 3, 7, 11, 15, 42, 46, 50, 54, 68, 2, 6, 10, 14, 41, 45, 49, 53, 67, 13, 16, 48, 51, 52, 55, 66, 79, 80, 81, 90, 9, 12, 13, 16, 48, 51, 52, 55, 66, 80, 81, 2, 6, 14, 28, 49, 53, 67, 88, 3, 7, 15, 29, 50, 54, 68, 89, 9, 12, 13, 16, 48, 51, 52, 55, 66, 80, 81, 9, 12, 13, 16, 48, 52, 55, 66, 80, 81, 90, 26, 31, 70, 25, 30, 69, 9, 12, 13, 16, 47, 48, 51, 52, 55, 66, 79, 80, 81, 90, 7, 11, 15, 29, 42, 46, 50, 54, 68, 89, 6, 10, 14, 28, 41, 45, 49, 53, 67, 88, 11, 15, 29, 42, 46, 50, 68, 89, 10, 14, 28, 41, 45, 49, 67, 88, 9, 12, 13, 16, 48, 51, 52, 66, 80, 81, 90, 12, 13, 16, 27, 47, 48, 52, 55, 66, 79, 80, 81, 90, 9, 12, 13, 48, 51, 52, 55, 66, 79, 80, 81, 90, 31, 70, 30, 69, 11, 15, 29, 46, 50, 54, 68, 89, 10, 14, 28, 45, 49, 53, 67, 88, 3, 7, 11, 15, 29, 46, 50, 54, 89, 2, 6, 10, 14, 28, 45, 49, 53, 88, 9, 12, 13, 16, 27, 44, 48, 51, 52, 66, 79, 80, 9, 12, 13, 47, 51, 52, 55, 66, 79, 80, 81, 90], [0, 8, 21, 40, 58, 78, 89, 100, 109, 118, 130, 142, 151, 160, 171, 182, 190, 198, 209, 220, 223, 226, 240, 250, 260, 268, 276, 287, 300, 312, 314, 316, 324, 332, 341, 350, 362, 374]]], "virial_ratio": [2.0044, 2.0037, 2.0037], "MO_sym": [["sigma", "sigma", "sigma", "sigma", "sigma", "pi", "pi", "pi", "pi", "sigma", "sigma", "pi", "pi", "sigma", "sigma", "pi", "pi", "sigma", "sigma", "delta", "delta", "sigma", "pi", "pi", "pi", "pi", "sigma", "sigma", "sigma", "delta", "delta", "pi", "pi", "pi", "pi", "sigma", "sigma"]]}}, "comp_details": {"geometry": {"geometric_targets": [0.00045, 0.0003, 0.0018, 0.0012]}, "excited_states": {}, "freq": {}, "general": {"scf_targets": [[1e-08, 1e-06, 1e-06], [1e-08, 1e-06, 1e-06], [1e-08, 1e-06, 1e-06]], "list_theory": ["DFT"], "solvent": "Gas", "package": "Gaussian", "integration_grid": "Default", "package_version": "09revisionD.01", "basis_set_size": 96, "job_type": ["OPT"], "functional": "PBE1PBE", "is_closed_shell": "True", "core_electrons_per_atoms": [0, 0, 0],