{"molecule": {"atoms_masses": [14.003074, 12.0, 1.007825], "nb_atoms": 3, "starting_geometry": [[0.0, 0.0, 0.648971], [0.0, 0.0, -0.496417], [0.0, 0.0, -1.564291]], "atoms_Z": [7, 6, 1], "atoms_Zeff": [-4.55, -3.6, -1.0], "multiplicity": 2, "chirality": false, "nuclear_spins": [2.0, 0.0, 1.0], "nuclear_QMom": [2.044, 0.0, 0.0], "connectivity": {"bond_orders": [3, 3, 1, 1], "atom_pairs": [[0, 1], [1, 0], [1, 2], [2, 1]]}, "charge": -1, "can": "C#N", "smi": "N#C", "starting_nuclear_repulsion": 24.05118, "inchi": "InChI=1S/CHN/c1-2/h1H", "formula": "CHN-", "nuclear_gfactors": [0.403761, 0.0, 2.792846], "starting_energy": -93.31593246029999, "nb_heavy_atoms": 2, "atoms_valence": [1, 2, 1], "monoisotopic_mass": 27.010899037}, "results": {"geometry": {"nuclear_repulsion_energy_from_xyz": 24.05118, "elements_3D_coords_converged": [0.0, 0.0, 0.648971, 0.0, 0.0, -0.496417, 0.0, 0.0, -1.564291]}, "excited_states": {}, "freq": {}, "wavefunction": {"SCF_values": [1.64e-09, 8.6e-08, 8.53e-14], "MO_number": 96, "homo_indexes": [7, 6], "virial_ratio": [2.0026], "MO_number_kept": 38, "total_molecular_energy": -93.31593246029999, "MO_energies": [[-388.002785606342, -275.595275103297, -22.0741476664105, -12.696288036629, -7.228432324682, -6.5380794859635, -6.5380794859635, 1.9154093936694998, 3.7301366626540005, 3.7821104080995003, 3.7821104080995003, 5.1119307954930004, 5.1119307954930004, 5.928544460843501, 6.8861131007530005, 7.8790565412274995, 7.8790565412274995, 8.3215136621405, 9.5732373744405, 12.8663591931915, 12.9082647261685, 12.90908106772, 15.28191384408, 15.28191384408, 17.860464691418002, 17.860464691418002, 18.937219197846503, 20.2907134902335, 21.4134552373965, 21.84529991814, 21.846116259691502, 22.7691264405875, 22.7691264405875, 24.95828236786, 24.95828236786, 26.381982033676003, 28.737943751305, 33.8485139775455], [-388.005506744847, -275.56724737669555, -22.07387555256, -12.585809813326, -7.214826632157, -6.528011273495, -6.528011273495, 3.6977551144445004, 3.9695968510940003, 3.9695968510940003, 4.623214319995, 5.388398467601, 5.388398467601, 6.311408648497, 7.881777679732501, 8.209674869585001, 8.209674869585001, 8.5909063741355, 10.0314770986825, 12.924319443348, 12.924319443348, 13.1798343489675, 15.325452060160002, 15.325452060160002, 17.967677548515, 17.967677548515, 19.2305579286855, 20.344864146483, 21.563934196723, 21.8368643887745, 21.8368643887745, 22.7963378256375, 22.7963378256375, 25.008351316351998, 25.008351316351998, 26.47123537664, 28.882708319771, 33.952733582287]], "MO_coefs": [[[0.55778, 0.46495, 0.02324, -0.01163, -0.01069, -0.02014, 0.01749, -0.01335, 0.0111, -0.04544, 0.01729, -0.01046, 0.56331, 0.46149, 0.02991, 0.05825, 0.01086, 0.01326, 0.00928, -0.02252, -0.01205, -0.10099, -0.15987, -0.09708, 0.42139, -0.13905, 0.41916, -0.11497, 0.03422, 0.02584, -0.08284, -0.1266, 0.10756, 0.30254, 0.07871, -0.02154, -0.08098, -0.02087, 0.02065, -0.02536, 0.03956, 0.06382, -0.17816, -0.31606, 0.03381, -0.0672, -0.0734, -0.11746, -0.15931, 0.31171, -0.19302, 0.33837, 0.04269, 0.03909, 0.17915, 0.25535, 0.1055, 0.04681, -0.05971, -0.09686, 0.23604, 0.28264, 0.33073, 0.479, 0.2165, 0.08579, 0.03517, 0.05627, -0.12639, -0.15442, -0.15398, -0.17264, -0.08722, -0.06467, 0.03291, 0.05162, 0.1078, 0.07352, 0.0545, 0.20871, 0.30626, 0.3014, 0.03678, -0.02365, -0.04553, 0.18383, 0.27778, 0.13585, 0.02529, -0.04209, 0.20871, 0.30626, 0.3014, 0.03678, -0.02365, -0.04553, 0.18383, 0.27778, 0.13585, 0.02529, -0.04209, 0.17302, -0.14235, -0.28776, 0.15109, -0.24658, -3.386, 1.28223, -0.20751, 4.27053, -0.12494, 1.67666, -0.8925, 6.29298, -1.08279, -2.04486, -1.6401, -5.30373, -2.40811, -1.0855, 0.48278, -0.22144, -0.15638, -0.24706, -0.27579, -0.75197, 0.11143, 0.20445, 0.24343, 1.15375, 0.07494, -0.15638, -0.24706, -0.27579, -0.75197, 0.11143, 0.20445, 0.24343, 1.15375, 0.07494, 0.08438, 0.11585, 0.39703, 0.12054, -0.17789, -0.24498, -0.78453, 0.97792, -0.10475, -0.10867, 0.08438, 0.11585, 0.39703, 0.12054, -0.17789, -0.24498, -0.78453, 0.97792, -0.10475, -0.10867, -1.61573, 0.68181, 3.53288, -0.60503, 8.44572, -4.27943, 1.05605, -1.00537, -5.12309, -6.37907, -0.72545, -1.59299, 0.62589, -4.34352, 2.35465, 0.39242, 0.67051, 2.22895, 8.71554, -1.82203, 0.60944, 1.92237, -5.75196, -0.1447, -0.19397, 2.38726, -0.28591, -0.29372, -1.53465, -0.68401, -0.27542, -0.1447, -0.19397, 2.38726, -0.28591, -0.29372, -1.53465, -0.68401, -0.27542, 2.17373, -1.31536, 6.92086, 1.21155, -1.5467, -2.7033, 0.57927, -5.27043, -0.79545, -3.29315, -3.81282, -2.04958, 1.65626, -7.8957, 3.34479, 8.49879, 11.21901, -2.36916, 0.69275, -5.63113, -4.21314, -0.86981, -0.53294, 1.45286, -8.37035, 0.92589, 0.59277, -3.06054, 4.99969, -0.58607, 4.63594, -1.48122, 1.43743, 10.14529, 2.3984, 1.99856, 0.02392, 0.08134, 0.93958, 0.02392, 0.08145, 0.93949, 0.06809, 0.54354, 0.39191, 0.10849, -0.12408, -0.29066, -0.60183, -0.57938, -0.3867, 1.11137, 0.06809, 0.54354, 0.39191, 0.10849, -0.12408, -0.29066, -0.60183, -0.57938, -0.3867, 1.11137, -2.12328, -0.93823, 0.97847, -0.19204, -0.54829, 3.07245, 2.07126, 0.53675, -2.12328, -0.93823, 0.97847, -0.19204, -0.54829, 3.07245, 2.07126, 0.53675, 12.71354, -3.58684, 6.42351, -1.24288, -9.1398, -10.1527, -7.04572, -3.3996, -3.35504, 3.22576, -1.02481, -1.0609, -0.91815, 4.94072, -2.94841, 1.37636, -0.72581, -4.01448, -4.66379, 1.30268, 1.95843, -1.92612, 2.39974, 1.72721, 0.98592, -4.04025, 2.54203, -3.89892, 1.04041, 13.52484, 4.25526, -0.81968, -1.35041, -7.78223, -0.84579, -3.49856, 1.25922, -0.84505, 1.25921, -0.84513, -2.45366, -0.7484, 0.65843, 0.35406, -0.63799, 0.42698, 4.30118, 3.66, -2.45366, -0.7484, 0.65843, 0.35406, -0.63799, 0.42698, 4.30118, 3.66, -0.14371, -0.45806, 0.619, -1.18817, 1.19149, 0.5188, 0.83792, 0.6485, -0.20775, -0.79918, -0.14371, -0.45806, 0.619, -1.18817, 1.19149, 0.5188, 0.83792, 0.6485, -0.20775, -0.79918, -8.67205, 3.831, -4.87349, 0.76344, -1.1545, -0.4413, 14.23757, 1.5505, 3.35382, 0.45712, 3.84631, -3.74439, -2.88522, -5.39364, 4.4527, -9.35621, 1.42854, -1.03494, 9.70157, 0.86056, 3.93602, -1.19023, 4.02764, 10.58858, 1.74425, 3.27165, 0.25233, 0.93893, -4.49838, 0.37043, 0.2938, -0.45123, 1.37234, -3.82297, 5.30655, 1.1601, 2.30119, 5.6706, -0.55088, 3.2711], [0, 1, 5, 8, 9, 47, 48, 79, 8, 9, 12, 13, 39, 40, 44, 48, 52, 61, 66, 79, 80, 0, 1, 4, 5, 8, 9, 12, 13, 22, 39, 40, 43, 44, 47, 48, 51, 52, 61, 80, 0, 1, 5, 9, 12, 13, 39, 40, 43, 44, 47, 48, 51, 66, 78, 79, 80, 90, 0, 1, 4, 5, 8, 9, 12, 13, 39, 40, 43, 44, 47, 48, 51, 52, 55, 78, 79, 80, 81, 3, 7, 11, 15, 24, 29, 42, 46, 50, 63, 68, 2, 6, 10, 14, 23, 28, 41, 45, 49, 62, 67, 9, 13, 16, 48, 51, 52, 55, 80, 81, 90, 9, 12, 13, 16, 48, 51, 52, 55, 80, 81, 90, 3, 7, 11, 15, 42, 46, 50, 54, 89, 2, 6, 10, 14, 41, 45, 49, 53, 88, 3, 7, 11, 15, 42, 46, 50, 54, 68, 89, 2, 6, 10, 14, 41, 45, 49, 53, 67, 88, 9, 13, 48, 51, 52, 55, 66, 79, 80, 81, 90, 9, 12, 13, 16, 47, 48, 51, 52, 55, 79, 80, 81, 2, 6, 14, 28, 49, 53, 67, 88, 3, 7, 15, 29, 50, 54, 68, 89, 9, 12, 13, 16, 48, 51, 52, 55, 66, 80, 81, 9, 12, 13, 16, 48, 52, 55, 66, 80, 81, 90, 9, 12, 13, 16, 47, 48, 51, 52, 55, 66, 79, 80, 81, 90, 26, 31, 70, 25, 30, 69, 3, 11, 15, 29, 42, 46, 50, 54, 68, 89, 2, 10, 14, 28, 41, 45, 49, 53, 67, 88, 11, 15, 29, 42, 46, 50, 68, 89, 10, 14, 28, 41, 45, 49, 67, 88, 9, 12, 13, 16, 48, 51, 52, 66, 80, 81, 90, 9, 12, 13, 16, 27, 47, 48, 52, 55, 66, 79, 80, 81, 90, 9, 12, 13, 16, 48, 52, 55, 79, 80, 81, 90, 31, 70, 30, 69, 11, 15, 29, 46, 50, 54, 68, 89, 10, 14, 28, 45, 49, 53, 67, 88, 2, 6, 10, 14, 28, 45, 49, 53, 67, 88, 3, 7, 11, 15, 29, 46, 50, 54, 68, 89, 9, 12, 13, 16, 27, 44, 48, 51, 52, 55, 66, 79, 80, 9, 12, 13, 47, 48, 51, 52, 55, 66, 79, 80, 81, 90, 4, 8, 9, 13, 43, 44, 47, 48, 51, 66, 79, 80, 81, 90], [0, 8, 21, 40, 58, 79, 90, 101, 111, 122, 131, 140, 150, 160, 171, 183, 191, 199, 210, 221, 235, 238, 241, 251, 261, 269, 277, 288, 302, 313, 315, 317, 325, 333, 343, 353, 366, 379, 393]], [[0.55778, 0.46495, 0.02326, -0.01164, -0.01067, -0.02016, 0.01748, 