{"molecule": {"atoms_masses": [14.003074, 12.0, 1.007825], "nb_atoms": 3, "starting_geometry": [[0.0, 0.0, 0.648971], [0.0, 0.0, -0.496417], [0.0, 0.0, -1.564291]], "atoms_Z": [7, 6, 1], "atoms_Zeff": [-4.55, -3.6, -1.0], "multiplicity": 2, "chirality": false, "nuclear_spins": [2.0, 0.0, 1.0], "nuclear_QMom": [2.044, 0.0, 0.0], "connectivity": {"bond_orders": [3, 3, 1, 1], "atom_pairs": [[0, 1], [1, 0], [1, 2], [2, 1]]}, "charge": 1, "can": "C#N", "smi": "N#C", "starting_nuclear_repulsion": 24.05118, "inchi": "InChI=1S/CHN/c1-2/h1H", "formula": "CHN+", "nuclear_gfactors": [0.403761, 0.0, 2.792846], "starting_energy": -92.8397508483, "nb_heavy_atoms": 2, "atoms_valence": [1, 2, 1], "monoisotopic_mass": 27.010899037}, "results": {"geometry": {"nuclear_repulsion_energy_from_xyz": 24.05118, "elements_3D_coords_converged": [0.0, 0.0, 0.648971, 0.0, 0.0, -0.496417, 0.0, 0.0, -1.564291]}, "excited_states": {}, "freq": {}, "wavefunction": {"SCF_values": [8.61e-09, 2.34e-07, -3.55e-11], "MO_number": 96, "homo_indexes": [6, 5], "virial_ratio": [1.9997], "MO_number_kept": 37, "total_molecular_energy": -92.8397508483, "MO_energies": [[-403.8340973145815, -291.54822170271, -38.209138431808, -26.706069629621503, -22.4420455922865, -21.349508482529004, -21.123381872763503, -10.269032490169, -9.3038446624455, -5.8039163173145, -4.6215816368919995, -3.211487663601, -3.02046374055, -1.9886080194540001, -0.992127098923, -0.4089871173015, -0.20843920948300002, 0.4525253333815, 1.200566308406, 1.2762139588449999, 1.4163525918525, 3.779661383445, 3.8651051325020003, 4.041979135327, 6.6033868100835, 7.0295170999665, 8.5337624655305, 9.170780989551, 10.256243139195501, 10.292978509013, 10.5425069099215, 11.835864041348001, 12.137638301552501, 13.516983409737001, 13.940936788816, 15.520557690968502, 18.1943483859815], [-403.49068963525053, -291.334340216217, -36.689110462915, -26.364566747243998, -20.8169816771005, -20.712489958508502, -16.8588136077275, -9.036628861254501, -8.062733390315, -5.516836205037, -4.471102677565501, -2.9777418660215003, -2.8552906332965, -1.9344573632045001, -0.9175679038860001, -0.1646288795525, -0.0465314684355, 0.5379690824385, 1.4751291835605, 1.720303762861, 1.7937745024960001, 3.9649709156355004, 4.062659787965, 4.14701508162, 7.128294427698001, 7.322039489254, 8.7334940317975, 9.617319818221501, 10.671760988909, 10.7199251404475, 10.7286327836635, 12.199408145616, 12.2894778301315, 14.0005297220755, 14.145566404392, 15.689268278278501, 18.320881326464]], "MO_coefs": [[[0.5575, 0.46507, 0.02403, -0.01159, -0.0121, -0.02062, 0.019, -0.01394, -0.00618, 0.01099, -0.04492, 0.01692, -0.00988, 0.5631, 0.46161, 0.03027, 0.05875, 0.0107, 0.01358, 0.00948, -0.02382, -0.01281, -0.10149, -0.16122, -0.1064, 0.43474, -0.15472, 0.41006, -0.12471, 0.02385, 0.02496, -0.08282, -0.12716, 0.11547, 0.31663, 0.09844, -0.06511, -0.09129, -0.02068, 0.02254, -0.02309, 0.03955, 0.06423, -0.18687, -0.3174, 0.03535, -0.05, -0.0814, -0.13118, -0.16506, 0.36895, -0.20724, 0.35911, 0.05519, 0.04521, 0.17409, 0.23432, 0.06457, 0.0453, 0.22922, 0.34585, 0.30111, -0.03294, -0.06561, 0.19196, 0.3, 0.07109, 0.03958, -0.05753, -0.06938, -0.11323, 0.24263, 0.34404, 0.34216, 0.5946, 0.14074, 0.03544, 0.05259, -0.13348, -0.15638, -0.17082, -0.23897, -0.13436, -0.06959, 0.03876, -0.04599, 0.05295, 0.11341, 0.05172, 0.05065, 0.22376, 0.33228, 0.30035, -0.03037, -0.06222, 0.19674, 0.30231, 0.08827, 0.03459, -0.05736, -0.22192, -0.35014, -0.37503, -0.09262, 0.23557, 0.40644, 0.44008, 0.06386, -0.04065, -0.03855, -0.22167, -0.34402, -0.38445, -0.1209, 0.22625, 0.3823, 0.44928, 0.09228, -0.04508, -0.04614, 0.04547, 0.08663, -0.19798, 0.12491, -0.41263, 0.18755, -0.23154, -0.08192, -0.08748, 0.24903, -0.12139, 1.08564, 1.07624, 0.08047, -0.07805, -0.06907, -0.14788, -0.39613, -0.86545, -0.57958, -0.13229, -0.33966, 0.08771, -0.62403, -0.04414, 0.04854, 0.05187, -0.1962, 0.11121, 0.06259, 0.17567, 0.78368, 0.47071, -0.03913, -0.03906, -0.0931, 0.08021, 0.86109, -0.06497, -0.0216, -0.03886, 0.03399, -0.11425, -0.20669, -0.13422, 1.03294, 0.08199, -0.03306, 0.02366, 0.02893, -0.1159, -0.20246, -0.18048, 1.07163, 0.07867, 0.86112, -0.31961, 3.32202, -0.93704, -0.1949, 0.21053, -1.33707, -1.29605, -2.32285, -0.5771, -2.46144, -0.47621, -0.32306, -0.8957, 0.18793, -1.10085, -0.30098, 0.6969, 0.37429, 7.98028, -2.18419, 0.45802, -0.98979, -6.51422, -0.11574, -0.17382, -0.08921, 2.16435, -0.12997, -0.11551, -1.56616, -0.2638, -0.29527, -0.11826, -0.17358, -0.08977, 2.20159, -0.13973, -0.12139, -1.57451, -0.30877, -0.30449, 0.21882, -1.02612, 0.56197, -3.9798, -1.57917, 1.44249, 0.74881, -2.21509, 4.38403, 0.67109, 4.87765, -0.70685, 0.78156, -5.29075, 2.15652, 3.55828, 8.71433, -1.58239, 0.27785, -0.6544, -0.28007, -2.43504, -3.88265, 0.03607, 0.13318, 0.05117, 0.87749, -0.96113, 1.01009, -6.89343, 2.47379, 4.31141, 0.38712, 9.77189, -1.22175, 0.33811, 0.58203, -2.46588, -3.86799, -0.06988, -0.47774, -0.77028, -0.08506, 0.11012, 0.27829, 0.30684, 1.05722, 0.56224, -0.84485, -0.51093, 1.14236, -8.42405, -2.74186, 4.37141, -2.743, 6.52297, -1.08347, 0.98543, 10.17896, 4.37489, 1.53384, -0.06945, -0.48679, -0.74416, -0.08077, 0.11364, 0.27985, 0.37348, 1.01561, 0.53004, -0.9005, -1.62284, -0.93984, 0.65132, -0.56218, 2.88608, -0.24059, 1.56502, 0.19382, -1.65929, -0.92232, 0.68227, -0.56666, 2.9205, -0.24755, 1.57442, 0.19998, 10.3327, -3.00202, 7.60472, -2.10267, -8.54115, -8.7425, -9.56614, 0.96774, -2.646, -2.25125, 4.6418, 4.53489, -0.92194, -2.1731, 2.03303, -0.9196, -0.2092, -0.21868, 0.30777, -4.29096, -1.07016, 0.71655, -0.20859, -2.3941, 1.85029, 2.35293, -0.28817, 0.26532, 0.92151, 1.23101, -0.88191, -0.05173, 0.47666, -0.073, 0.48331, -0.23547, 0.08955, 1.21726, 0.34676, -0.82292, -0.53344, 0.05565, -0.8712, -0.22115, -0.89301, 0.36783, -0.29844, -1.42023, 1.91575, -5.52682, 2.64254, -0.63906, 11.75943, -0.94058, 6.44955, -1.81684, -0.72833, -8.13308, -1.89073, -3.15071, -0.29104, -1.85032, -1.08927, 0.69459, -0.60606, 0.59395, 3.91857, 3.39122, -2.03225, -1.01552, 0.67596, 0.27827, -0.58644, 0.55057, 4.05449, 3.48635, 0.10886, 0.36177, -0.88512, 1.31278, -1.10364, -0.38273, -1.10205, -0.70537, 0.67499, 1.28969, 0.12046, 0.3857, -0.77426, 1.34766, -1.14852, -0.40582, -1.05941, -0.72278, 0.46104, 1.09275, -8.90911, 3.89411, -5.72933, 0.9058, -1.11404, -0.50999, 14.68131, 1.96926, 4.19529, 0.49961, 3.98427, -3.56053, -3.08472, -5.78137, 4.62121, -10.50723, 1.11739, 10.1161, 1.18407, 4.47325, -0.97448, 3.42984, 10.93667, 1.94375, 3.04458], [0, 1, 5, 8, 9, 47, 48, 79, 80, 8, 9, 12, 13, 39, 40, 44, 48, 52, 61, 66, 79, 80, 0, 1, 4, 5, 8, 9, 12, 13, 22, 39, 40, 43, 44, 47, 48, 51, 52, 61, 80, 0, 1, 5, 9, 12, 13, 39, 40, 43, 44, 47, 48, 51, 66, 78, 79, 80, 90, 2, 6, 10, 23, 28, 41, 45, 49, 62, 67, 0, 1, 4, 5, 8, 9, 12, 13, 40, 43, 44, 47, 48, 51, 52, 55, 66, 78, 79, 80, 81, 3, 7, 11, 24, 29, 42, 46, 50, 63, 68, 2, 6, 10, 14, 41, 45, 49, 53, 62, 67, 3, 7, 11, 15, 42, 46, 50, 54, 63, 68, 89, 4, 5, 8, 9, 12, 13, 40, 43, 44, 47, 48, 52, 55, 61, 66, 78, 79, 80, 81, 5, 9, 12, 13, 27, 40, 43, 44, 47, 48, 51, 52, 55, 66, 78, 79, 80, 81, 90, 2, 6, 28, 41, 45, 49, 53, 88, 7, 11, 29, 42, 46, 50, 54, 89, 9, 12, 13, 16, 47, 48, 51, 52, 55, 79, 80, 81, 90, 9, 12, 13, 44, 48, 51, 52, 55, 66, 80, 81, 2, 6, 10, 14, 28, 49, 53, 67, 88, 3, 7, 11, 15, 29, 50, 54, 68, 89, 5, 9, 12, 13, 16, 48, 51, 52, 55, 66, 81, 9, 12, 13, 16, 48, 52, 55, 66, 69, 79, 80, 81, 26, 31, 65, 70, 9, 12, 13, 16, 48, 51, 52, 55, 66, 69, 80, 81, 6, 10, 14, 28, 41, 45, 49, 53, 67, 88, 9, 12, 13, 48, 51, 52, 55, 66, 79, 80, 81, 90, 7, 11, 15, 29, 42, 46, 50, 54, 68, 89, 10, 14, 28, 45, 49, 53, 67, 88, 11, 15, 29, 46, 50, 54, 68, 89, 9, 12, 13, 16, 48, 51, 52, 55, 66, 80, 81, 9, 12, 13, 16, 27, 43, 44, 47, 48, 51, 52, 55, 66, 79, 80, 81, 87, 90, 31, 70, 5, 9, 12, 13, 16, 27, 30, 48, 51, 52, 55, 69, 79, 80, 81, 90, 9, 12, 13, 16, 27, 48, 51, 52, 55, 66, 80, 81, 90, 6, 10, 14, 28, 49, 53, 67, 88, 11, 15, 29, 46, 50, 54, 68, 89, 2, 6, 10, 14, 