{"molecule": {"atoms_masses": [92.906], "nb_atoms": 1, "starting_geometry": [[0.0, 0.0, 0.0]], "atoms_Z": [41], "atoms_Zeff": [0.0], "multiplicity": 4, "chirality": false, "nuclear_spins": [9.0], "nuclear_QMom": [-32.0], "connectivity": {"bond_orders": [], "atom_pairs": []}, "charge": 0, "can": "[Nb]", "smi": "[Nb]", "starting_nuclear_repulsion": 0.0, "inchi": "InChI=1S/Nb", "formula": "Nb", "nuclear_gfactors": [6.1705], "starting_energy": -3737.4671305099996, "nb_heavy_atoms": 1, "atoms_valence": [0], "monoisotopic_mass": 92.906378}, "results": {"geometry": {"geometric_values": [[0.0, 0.0, 0.0, 0.0]], "nuclear_repulsion_energy_from_xyz": 0.0, "elements_3D_coords_converged": [0.0, 0.0, 0.0], "OPT_DONE": true}, "excited_states": {}, "freq": {}, "wavefunction": {"SCF_values": [5.32e-10, 6.44e-09, -9.09e-13], "MO_number": 39, "homo_indexes": [21, 18], "virial_ratio": [2.0014], "MO_number_kept": 39, "total_molecular_energy": -3737.4671305099996, "MO_energies": [[-18326.357617705315, -2552.502476885037, -2336.013595476546, -2336.013595476546, -2335.933049776798, -437.46219907322205, -351.797493569616, -351.797493569616, -351.606469646565, -211.749202360482, -211.6166829152885, -211.6166829152885, -211.57940331777002, -211.4539588326895, -61.563581764821, -37.5933447881265, -37.567221858478504, -37.567221858478504, -6.232495631852, -5.976708612382001, -5.976708612382001, -4.985669968861, -2.75923444407, -2.6667157349000004, -0.667223161426, -0.667223161426, -0.4949750940595, 1.4158083641515, 2.6386880082985003, 2.6386880082985003, 2.783724690615, 10.250528748335, 18.085230731931, 18.261560507055002, 18.261560507055002, 18.747011616347, 18.7549029180115, 55.730549265503, 2961.2406100133294], [-18326.36224364077, -2552.1707701012774, -2335.7542709770196, -2335.7542709770196, -2335.676718529627, -437.274984744078, -351.613000378977, -351.613000378977, -351.29870888164953, -211.4632107036065, -211.282799220725, -211.153273027887, -211.09177529767402, -211.09177529767402, -59.2568726541325, -34.855063110545, -34.855063110545, -34.539955271666, -4.0885106037625, -1.1676405324955, -1.154851181522, -0.7009652788880001, -0.674298121539, -0.674298121539, -0.5379690824385, -0.484906881591, -0.484906881591, 1.4930886976935, 2.7535200532095003, 2.975837069068, 2.975837069068, 10.763735470378, 19.5434888567605, 19.562264712445, 19.895876293158, 19.895876293158, 20.030300535305, 57.132751937129505, 2961.821573084147]], "MO_coefs": [[[0.97858, 0.07942, 0.11177, 0.06973, -0.06598, -0.06598, -0.06598, -0.02618, -0.02618, -0.33495, 1.01865, 0.07728, -0.03491, 0.01305, 0.97935, 0.0512, 0.97935, 0.0512, 0.97935, 0.0512, 0.13838, -0.50973, 1.0425, 0.13206, -0.037, -0.0371, -0.4707, 1.08235, -0.4707, 1.08235, -0.47069, 1.08231, 0.97846, 0.07256, 0.97847, 0.07256, 0.97847, 0.07256, 0.84724, -0.84724, 0.06327, -0.06327, -0.48921, -0.48921, 0.97834, -0.03604, 0.07327, -0.05489, 0.21735, -0.49481, 1.11485, -0.01609, -0.01678, 0.17757, -0.54861, 1.10309, 0.17722, -0.54756, 1.10061, 0.17722, -0.54756, 1.10061, -0.24675, 0.67423, 0.5011, -0.24839, 0.67992, 0.49511, -0.24839, 0.67992, 0.49511, 0.12989, -0.35568, 0.56414, 0.20946, -0.06905, 0.14964, 0.23076, 0.23076, -0.36357, 0.19327, 0.19327, -0.27521, -0.2281, 0.35417, 0.28905, 0.09944, 0.09944, -0.19158, -0.25545, -0.25545, 0.53662, -0.19887, -0.19887, 0.4121, -0.20603, 0.20603, 0.55688, -0.55688, 0.46178, -0.46178, 0.10529, -0.2591, 0.48846, 0.59314, 0.10529, -0.2591, 0.48846, 0.59314, 0.09646, -0.23775, 0.41447, 0.66161, 0.20914, 2.9071, -2.40635, -0.35062, -0.35062, -0.30638, 0.13928, -0.35585, 1.59098, -1.49367, 0.13928, -0.35585, 1.59098, -1.49367, 0.14179, -0.36299, 1.61214, -1.46468, 1.58613, 5.58796, -1.94285, -0.39595, -0.4195, -1.89242, -1.89242, -1.90709, 0.28904, -0.99552, 1.04376, 0.28763, -0.99165, 1.04661, 0.28763, -0.99165, 1.04661, 0.2571, -0.2571, -0.87981, 0.87981, 0.89003, -0.89003, -0.14593, 0.29258, 0.51024, 0.51024, -0.99561, -0.52018, -0.52018, 1.03585, -0.55528, 4.48608, -2.02853, 0.53815, -2.21289, -2.21289, -2.22039, 1.06169, 1.06169, 1.06531, 2.66052, 17.98823, 5.18771, -9.00479, -9.00479, -9.00479, -1.86295, -1.86295, -1.86298], [0, 1, 5, 9, 21, 22, 23, 27, 28, 0, 1, 5, 9, 29, 3, 7, 2, 6, 4, 8, 0, 1, 5, 9, 28, 29, 3, 7, 2, 6, 4, 8, 24, 30, 26, 32, 25, 31, 21, 22, 27, 28, 21, 22, 23, 28, 29, 0, 1, 5, 9, 22, 23, 4, 8, 12, 3, 7, 11, 2, 6, 10, 24, 30, 36, 26, 32, 38, 25, 31, 37, 5, 9, 13, 17, 21, 23, 27, 28, 29, 33, 34, 35, 9, 13, 17, 21, 22, 23, 27, 28, 29, 33, 34, 35, 21, 22, 27, 28, 33, 34, 7, 11, 15, 19, 6, 10, 14, 18, 8, 12, 16, 20, 5, 13, 17, 33, 34, 35, 7, 11, 15, 19, 6, 10, 14, 18, 8, 12, 16, 20, 9, 13, 17, 28, 29, 33, 34, 35, 24, 30, 36, 26, 32, 38, 25, 31, 37, 21, 22, 27, 28, 33, 34, 21, 23, 27, 28, 29, 33, 34, 35, 5, 9, 13, 17, 27, 28, 29, 33, 34, 35, 1, 5, 9, 21, 22, 23, 27, 28, 29], [0, 9, 14, 16, 18, 20, 26, 28, 30, 32, 34, 36, 38, 42, 47, 53, 56, 59, 62, 65, 68, 71, 83, 95, 101, 105, 109, 113, 119, 123, 127, 131, 139, 142, 145, 148, 154, 162, 172, 181]], [[0.97858, 0.07941, 0.11177, 0.06973, -0.06598, -0.06598, -0.06598, -0.02617, -0.02617, -0.33496, 1.01873, 0.07754, -0.0347, 0.01298, 0.97938, 0.05113, 0.97938, 0.05113, 0.97939, 0.0511, 0.13839, -0.50979, 1.04247, 0.13182, -0.03708, -0.0373, -0.47074, 1.0826, -0.47074, 1.0826, -0.47075, 1.08271, 0.84737, -0.84737, 0.06289, -0.06289, 0.97861, 0.07215, -0.48932, -0.48932, 0.97853, -0.0359, 0.07251, 0.97865, 0.07203, 0.97865, 0.07203, -0.05536, 0.21937, -0.50134, 1.15278, -0.02778, -0.02778, -0.03652, 0.17728, -0.54805, 1.10308, 0.17728, -0.54805, 1.10308, 0.17683, -0.5467, 1.1002, -0.05431, 0.13292, -0.35018, 0.64757, 0.41845, -0.04746, -0.04746, 0.12614, -0.06459, -0.06459, 0.11111, -0.2417, 0.11208, 0.11208, -0.22597, -0.2996, -0.2996, 0.60955, -0.26876, -0.26877, 0.54603, -0.20453, 0.20453, 0.55296, -0.55296, 0.46576, -0.46576, 0.09586, -0.23481, 0.37594, 0.69617, -0.22879, 0.61453, 0.56163, -0.22879, 0.61453, 0.56163, -0.23273, 0.62775, 0.54858, 0.0864, -0.21182, 0.29694, 0.76566, 0.0864, -0.21182, 0.29694, 0.76566, 0.21682, 0.24138, 3.18989, -2.45509, -0.39521, -0.39521, -0.45319, 0.14646, -0.37356, 1.62121, -1.44853, 0.14813, -0.37876, 1.63789, -1.4131, 0.14813, -0.37876, 1.63789, -1.4131, 1.54549, 5.44769, -1.85559, -0.38912, -0.38912, -1.89543, -1.89543, -1.88254, 0.15144, -0.30146, -0.50242, -0.50242, 1.0435, 0.50262, 0.50262, -1.01982, 0.25788, -0.25788, -0.88231, 0.88231, 0.88795, -0.88795, -0.30286, 1.03348, -1.01247, -0.30286, 1.03348, -1.01247, -0.29998, 1.0255, -1.0196, -0.55452, 4.49315, -1.99058, 0.52727, -2.22185, -2.22185, -2.21239, 1.0493, 1.0493, 1.04135, 2.66055, 17.98814, 5.18824, -9.00479, -9.00479, -9.00482, -1.86315, -1.86315, -1.8631], [0, 1, 5, 9, 21, 22, 23, 28, 29, 0, 1, 5, 9, 29, 3, 7, 2, 6, 4, 8, 0, 1, 5, 9, 28, 29, 3, 7, 2, 6, 4, 8, 21, 22, 27, 28, 24, 30, 21, 22, 23, 28, 29, 26, 32, 25, 31, 0, 1, 5, 9, 27, 28, 29, 3, 7, 11, 2, 6, 10, 4, 8, 12, 1, 5, 9, 13, 17, 27, 28, 29, 33, 34, 35, 17, 21, 22, 23, 27, 28, 29, 33, 34, 35, 21, 22, 27, 28, 33, 34, 8, 12, 16, 20, 26, 32, 38, 25, 31, 37, 24, 30, 36, 7, 11, 15, 19, 6, 10, 14, 18, 5, 9, 13, 17, 33, 34, 35, 8, 12, 16, 20, 7, 11, 15, 19, 6, 10, 14, 18, 9, 13, 17, 27, 28, 33, 34, 35, 21, 23, 27, 28, 29, 33, 34, 35, 21, 22, 27, 28, 33, 34, 26, 32, 38, 25, 31, 37, 24, 30, 36, 5, 9, 13, 17, 27, 28, 29, 33, 34, 35, 1, 5, 9, 21, 22, 23, 27, 28, 29], [0, 9, 14, 16, 18, 20, 26, 28, 30, 32, 36, 38, 43, 45, 47, 54, 57, 60, 63, 74, 84, 90, 94, 97, 100, 103, 107, 111, 118, 122, 126, 130, 138, 146, 152, 155, 158, 161, 171, 180]]],