{"molecule": {"atoms_masses": [12.0, 1.007825, 1.007825, 1.007825, 1.007825], "nb_atoms": 5, "starting_geometry": [[-1.6e-05, 1.1e-05, 3e-06], [0.552307, 0.796992, 0.494872], [0.681083, -0.810749, -0.25277], [-0.775669, -0.372283, 0.666997], [-0.457805, 0.386128, -0.909103]], "atoms_Z": [6, 1, 1, 1, 1], "atoms_Zeff": [-3.6, -1.0, -1.0, -1.0, -1.0], "multiplicity": 1, "chirality": false, "nuclear_spins": [0.0, 1.0, 1.0, 1.0, 1.0], "nuclear_QMom": [0.0, 0.0, 0.0, 0.0, 0.0], "connectivity": {"bond_orders": [1, 1, 1, 1, 1, 1, 1, 1], "atom_pairs": [[0, 1], [0, 2], [0, 3], [0, 4], [1, 0], [2, 0], [3, 0], [4, 0]]}, "charge": 0, "can": "C", "smi": "C", "starting_nuclear_repulsion": 13.45223, "inchi": "InChI=1S/CH4/h1H4", "formula": "CH4", "nuclear_gfactors": [0.0, 2.792846, 2.792846, 2.792846, 2.792846], "starting_energy": -40.4735092009, "nb_heavy_atoms": 1, "atoms_valence": [4, 1, 1, 1, 1], "monoisotopic_mass": 16.031300127999998}, "results": {"geometry": {"geometric_values": [[0.069757, 0.029063, 0.146467, 0.076535], [0.042854, 0.016965, 0.492652, 0.228641], [0.008135, 0.004514, 0.130918, 0.066642], [0.006333, 0.003401, 0.033977, 0.022407], [0.004311, 0.002029, 0.04492, 0.027483], [0.00175, 0.000874, 0.031423, 0.013072], [0.001721, 0.000827, 0.046168, 0.024383], [0.00121, 0.000696, 0.015457, 0.007726], [0.000872, 0.000327, 0.006376, 0.003395], [0.000476, 0.000162, 0.003448, 0.00163], [0.000112, 3.3e-05, 0.00056, 0.000286]], "nuclear_repulsion_energy_from_xyz": 12.92712, "elements_3D_coords_converged": [-0.018111, -0.232925, 0.081335, 0.337784, 0.935115, 0.141919, 0.765538, -0.917369, -0.222841, -0.872692, -0.465242, 0.706508, -0.212619, 0.680522, -0.706921], "OPT_DONE": true}, "excited_states": {"et_oscs": [0.1032, 0.1032, 0.1032, 0.023, 0.023, 0.023, 0.0, 0.0, 0.0, 0.0, 0.1077, 0.1008, 0.0217, 0.1069, 0.0086, 0.0058, 0.0192, 0.0097, 0.0257, 0.0007, 0.0883, 0.0027, 0.0121, 0.0461, 0.014, 0.0749, 0.0134, 0.0834, 0.0872, 0.1059, 0.0773, 0.0031, 0.009, 0.0514, 0.0088, 0.002, 0.0943, 0.016, 0.215, 0.077, 0.077, 0.0028, 0.0062, 0.0518, 0.0122, 0.0011, 0.0951, 0.0156, 0.2205, 0.0763, 0.0778, 0.0022, 0.0029, 0.053, 0.0138, 0.0003, 0.0977, 0.0174, 0.2204, 0.0764, 0.077, 0.0023, 0.0016, 0.0541, 0.01, 0.0002, 0.1029, 0.0131, 0.2276, 0.0753, 0.0773, 0.0021, 0.0001, 0.0561, 0.0005, 0.0008, 0.1128, 0.0112, 0.2289, 0.0745, 0.0765, 0.0023, 0.0, 0.0567, 0.0004, 0.0, 0.1139, 0.0085, 0.2331, 0.0737, 0.0764, 0.0023, 0.0, 0.0569, 0.0004, 0.0, 0.114, 0.0081, 0.233, 0.0735, 0.0764, 0.0023, 0.0, 0.0569, 0.0004, 0.0, 0.114, 0.0081, 0.2333, 0.0735], "et_rot": [-0.033, 0.0132, -0.0331, -0.0134, 0.0049, -0.3313, 0.433, -0.006, 0.022, 0.0164], "et_transitions": [[[[4, 0], [5, 0], 0.9924243673953195]], [[[3, 0], [5, 0], 0.9913495650879159]], [[[2, 0], [5, 0], 0.9915899813935194]], [[[2, 0], [6, 0], -0.2225972147175252], [[2, 0], [8, 0], -0.34957945048300537], [[3, 0], [6, 0], 0.23915765553291413], [[3, 0], [7, 0], -0.40651568850414616], [[3, 0], [8, 0], -0.16441646876149604], [[4, 0], [6, 0], 0.555856640690745], [[4, 0], [7, 0], 0.40890570942455673], [[4, 0], [8, 0], 0.28121636687789]], [[[2, 0], [7, 0], 0.28714192170423325], [[2, 0], [8, 0], 0.41145129383682827], [[3, 0], [6, 0], 0.3377566251015663], [[3, 0], [7, 0], -0.258192970082456], [[3, 0], [8, 0], 0.37688791437242986], [[4, 0], [6, 0], -0.3018780270241609], [[4, 0], [8, 0], 0.5643277799293599]], [[[2, 0], [7, 0], 0.6990740481522684], [[2, 0], [8, 0], -0.24686511944784748], [[3, 0], [6, 0], -0.5949030771478662], [[3, 0], [8, 0], 0.23468874067581513]], [[[2, 0], [6, 0], -0.18312651419169207], [[2, 0], [8, 0], -0.36126085450820716], [[3, 0], [7, 0], 0.2666075407785759], [[3, 0], [8, 0], 0.4888087756986366], [[4, 0], [6, 0], -0.3482218054631272], [[4, 0], [7, 0], 0.5796578549454843], [[4, 0], [8, 0], -0.15974956400566484]], [[[2, 0], [6, 0], 0.6514150511002951], [[2, 0], [8, 0], -0.23369879118215398], [[3, 0], [6, 0], 0.23788486332677833], [[3, 0], [7, 0], 0.4816245708017812], [[3, 0], [8, 0], -0.19340784679014447], [[4, 0], [8, 0], 0.4068833840303632]], [[[3, 0], [6, 0], 0.3588991178590441], [[3, 0], [7, 0], 0.29254421751249843], [[3, 0], [8, 0], 0.5294391313456156], [[4, 0], [6, 0], 0.5531979191934836], [[4, 0], [7, 0], -0.3941271776977579], [[4, 0], [8, 0], -0.16105064048304807]], [[[2, 0], [6, 0], 0.38063558031271855], [[2, 0], [7, 0], 0.21162291747350995], [[2, 0], [8, 0], 0.5518685584448529], [[4, 0], [6, 0], 0.2681207492903151], [[4, 0], [7, 0], 0.521010418513872], [[4, 0], [8, 0], -0.38163967194200343]], [[[4, 0], [5, 0], -0.994135565805791]], [[[3, 0], [5, 0], -0.9896949352199395]], [[[2, 0], [5, 0], 0.27905262012745913], [[4, 0], [6, 0], -0.942205643795451]], [[[2, 0], [5, 0], -0.8265512586645791], [[4, 0], [6, 0], -0.2955989188072244], [[4, 0], [7, 0], 0.4234155405745047], [[4, 0], [8, 0], -0.1774130913997048]], [[[2, 0], [5, 0], -0.4089198515601805], [[4, 0], [7, 0], -0.8907141279894465], [[4, 0], [8, 0], -0.14284971193530635]], [[[2, 0], [5, 0], -0.2430891692363113], [[4, 0], [8, 0], 0.9492201430648215]], [[[3, 0], [6, 0], -0.9804318363863957]], [[[3, 0], [8, 0], -0.33928397574892927], [[4, 0], [9, 0], -0.5966001334227139], [[4, 0], [10, 0], -0.7098644976331752]], [[[2, 0], [6, 0], 0.3984405290629958], [[3, 0], [7, 0], -0.8305393409104713], [[4, 0], [9, 0], -0.27380588781105497], [[4, 0], [10, 0], 0.18058092977942053]], [[[3, 0], [8, 0], 0.9226612123634548], [[4, 0], [9, 0], -0.22487409855294588], [[4, 0], [10, 0], -0.25305937485104163]], [[[4, 0], [5, 0], -0.9928486314640314]], [[[4, 0], [6, 0], 0.9889454020318816]], [[[4, 0], [7, 0], 0.9834158270030029]], [[[4, 0], [8, 0], -0.9892565290156037]], [[[4, 0], [9, 0], 0.9380902823289452], [[4, 0], [10, 0], 0.30638936828813107]], [[[4, 0], [9, 0], -0.2929543394455867], [[4, 0], [10, 0], 0.9014197246566108], [[4, 0], [11, 0], 0.27830308693940137]], [[[4, 0], [10, 0], 0.25967789432294774], [[4, 0], [11, 0], -0.9495595543197911]], [[[3, 0], [5, 0], -0.9787489222471717], [[4, 0], [12, 0], -0.1732128771194567]], [[[3, 0], [5, 0], 0.1742735372912365], [[4, 0], [12, 0], -0.95023837682973], [[4, 0], [13, 0], 0.2272216930664852]], [[[4, 0], [12, 0], 0.23611709637381195], [[4, 0], [13, 0], 0.954919423721185]], [[[4, 0], [5, 0], -0.9916041235291431]], [[[4, 0], [6, 0], 0.9866260917895898]], [[[4, 0], [7, 0], 0.9811106588963348]], [[[4, 0], [8, 0], -0.9870786401295492]], [[[4, 0], [9, 0], 0.9412298364374134], [[4, 0], [11, 0], -0.2649246266393519]], [[[4, 0], [10, 0], -0.951030336424659], [[4, 0], [11, 0], -0.24004861007720918]], [[[4, 0], [9, 0], -0.28947537408214885], [[4, 0], [10, 0], 0.22013648311899597], [[4, 0], [11, 0], -0.9216712628697935]], [[[4, 0], [12, 0], -0.8718909454742606], [[4, 0], [13, 0], 0.45724352898646914]], [[[4, 0], [12, 0], 0.47408681251433266], [[4, 0], [13, 0], 0.8701938891994129]], [[[3, 0], [5, 0], 0.9933577483464857]], [[[4, 0], [5, 0], -0.9913778493591635]], [[[4, 0], [6, 0], 0.9856361422959286]], [[[4, 0], [7, 0], 0.982567298865579]], [[[4, 0], [8, 0], -0.9896383666774444]], [[[4, 0], [9, 0], 0.9266917210162181], [[4, 0], [11, 0], -0.32662676436569005]], [[[4, 0], [10, 0], -0.9727385146070862]], [[[4, 0], [9, 0], -0.34059919436193625], [[4, 0], [11, 0], -0.926111893455645]], [[[4, 0], [12, 0], -0.8835440652282149], [[4, 0], [13, 0], 0.43525250809156746]], [[[4, 0], [12, 0], 0.45174223822883774], [[4, 0], [13, 0], 0.8821722780727129]], [[[3, 0], [5, 0], 0.9931456163121298]], [[[4, 0], [5, 0], -0.9912222858673023]], [[[4, 0], [6, 0], 0.9844340607679116]], [[[4, 0], [7, 0], 0.9851411675490981]], [[[4, 0], [8, 0], -0.9918586819703703]], [[[4, 0], [9, 0], 0.865399705222968], [[4, 0], [11, 0], -0.47004216172594565]], [[[4, 0], [10, 0], -0.9769811552942054]], [[[4, 0], [9, 0], -0.47920626561012325], [[4, 0], [11, 0], -0.8672523249896769]], [[[4, 0], [12, 0], -0.8967386777651559], [[4, 0], [13, 0], 0.40901884650954656]], [[[4, 0], [12, 0], 0.42495703335749135], [[4, 0], [13, 0], 0.8949567686765658]], [[[3, 0], [5, 0], 0.9930041949558925]], [[[4, 0], [5, 0],