{"molecule": {"atoms_masses": [4.0026033], "nb_atoms": 1, "starting_geometry": [[0.0, 0.0, 0.0]], "atoms_Z": [2], "atoms_Zeff": [-2.0], "multiplicity": 2, "chirality": false, "nuclear_spins": [0.0], "nuclear_QMom": [0.0], "connectivity": {"bond_orders": [], "atom_pairs": []}, "charge": -1, "can": "[He]", "smi": "[He]", "starting_nuclear_repulsion": 0.0, "inchi": "InChI=1S/He", "formula": "He-", "nuclear_gfactors": [0.0], "starting_energy": -2.72464428365, "nb_heavy_atoms": 1, "atoms_valence": [0], "monoisotopic_mass": 4.002603254}, "results": {"geometry": {"nuclear_repulsion_energy_from_xyz": 0.0, "elements_3D_coords_converged": [0.0, 0.0, 0.0]}, "excited_states": {}, "freq": {}, "wavefunction": {"SCF_values": [4.14e-09, 6.64e-08, -1.04e-13], "MO_number": 18, "homo_indexes": [1, 0], "virial_ratio": [1.8717], "MO_number_kept": 18, "total_molecular_energy": -2.72464428365, "MO_energies": [[-10.0837229579785, 6.355218978427501, 14.373597811111, 14.373597811111, 14.373597811111, 34.575330072231004, 53.043152877965, 53.043152877965, 53.043152877965, 173.3297199222375, 173.3297199222375, 173.3297199222375, 173.3297199222375, 173.3297199222375, 175.3966967306355, 214.9489891285115, 214.9489891285115, 214.9489891285115], [-9.511467530377, 9.11581399175, 14.775509968299499, 14.775509968299499, 14.775509968299499, 34.8885331141565, 53.436629505788, 53.436629505788, 53.436629505788, 173.5365264486175, 173.5365264486175, 173.5365264486175, 173.5365264486175, 173.5365264486175, 175.9561628072635, 215.47253617687352, 215.47253617687352, 215.47253617687352]], "MO_coefs": [[[0.26637, 0.48179, 0.35262, 0.07023, -0.10279, -1.02711, 1.63081, -0.09409, 1.04712, -0.09409, 1.04712, -0.09409, 1.04712, -1.33067, 2.4558, -1.17379, 1.25122, -0.64925, 1.25122, -0.64925, 1.25122, -0.64925, 1.0, 1.0, 1.0, 0.99998, 0.99998, -1.47621, 1.98765, -1.33747, 0.50779, 1.26223, -0.86336, 0.28022, 1.26223, -0.86336, 0.28022, 1.26223, -0.86336, 0.28022], [0, 1, 2, 3, 0, 2, 3, 9, 12, 7, 10, 8, 11, 1, 2, 3, 9, 12, 7, 10, 8, 11, 17, 14, 15, 16, 13, 0, 1, 2, 3, 4, 7, 10, 6, 9, 12, 5, 8, 11], [0, 4, 7, 9, 11, 13, 16, 18, 20, 22, 23, 24, 25, 26, 27, 31, 34, 37, 40]], [[0.26108, 0.46683, 0.37416, 0.06942, -0.1047, -0.99764, 1.61474, -0.0828, 1.04138, -0.0828, 1.04138, -0.0828, 1.04138, -1.34079, 2.4666, -1.19592, 1.25223, -0.65809, 1.25223, -0.65809, 1.25223, -0.65809, -0.63698, 0.77088, 0.77088, 0.63698, 1.0, 1.0, 1.0, -1.47715, 1.9838, -1.33404, 0.50761, 1.26224, -0.86306, 0.28098, 1.26224, -0.86306, 0.28098, 1.26224, -0.86306, 0.28098], [0, 1, 2, 3, 0, 2, 3, 8, 11, 9, 12, 7, 10, 1, 2, 3, 9, 12, 8, 11, 7, 10, 13, 16, 13, 16, 17, 14, 15, 0, 1, 2, 3, 4, 7, 10, 5, 8, 11, 6, 9, 12], [0, 4, 7, 9, 11, 13, 16, 18, 20, 22, 24, 26, 27, 28, 29, 33, 36, 39, 42]]], "MO_sym": [["A1g", "A1g", "T1u", "T1u", "T1u", "A1g", "T1u", "T1u", "T1u", "T2g", "T2g", "T2g", "Eg", "Eg", "A1g", "T1u", "T1u", "T1u"], ["A1g", "A1g", "T1u", "T1u", "T1u", "A1g", "T1u", "T1u", "T1u", "Eg", "Eg", "T2g", "T2g", "T2g", "A1g", "T1u", "T1u", "T1u"]]}}, "comp_details": {"geometry": {}, "excited_states": {}, "freq": {}, "general": {"scf_targets": [[1e-08, 1e-06, 1e-06]], "list_theory": ["DFT"], "solvent": "Gas", "package": "Gaussian", "integration_grid": "Default", "package_version": "09revisionD.01", "basis_set_size": 18, "job_type": ["SP"], "functional": "PBE1PBE", "is_closed_shell": "False", "core_electrons_per_atoms": [0], "basis_set_md5": "182fcd8d02f1061fd0543e8c83f4affb", "basis_set": "(lp0\n(lp1\n(VS\np2\n(lp3\n(F98.1243\nF0.0287452025\ntp4\na(F14.7689\nF0.2080610181\ntp5\na(F3.31883\nF0.8376350728\ntp6\natp7\na(g2\n(lp8\n(F0.874047\nF1.0\ntp9\natp10\na(g2\n(lp11\n(F0.244564\nF1.0\ntp12\natp13\na(g2\n(lp14\n(F0.086\nF1.0\ntp15\natp16\na(VP\np17\n(lp18\n(F3.0\nF1.0\ntp19\natp20\na(g17\n(lp21\n(F0.75\nF1.0\ntp22\natp23\na(g17\n(lp24\n(F0.1875\nF1.0\ntp25\natp26\na(VD\np27\n(lp28\n(F2.0\nF1.0\ntp29\natp30\naa.", "last_theory": "DFT", "all_unique_theory": ["DFT"]}}, "metadata": {"archivable_for_new_entry": "False", "archivable": "True", "parser_version": "v7.1", "log_file": "SP_plus.log"}}
