{"molecule": {"atoms_masses": [4.0026033], "nb_atoms": 1, "starting_geometry": [[0.0, 0.0, 0.0]], "atoms_Z": [2], "atoms_Zeff": [-2.0], "multiplicity": 2, "chirality": false, "nuclear_spins": [0.0], "nuclear_QMom": [0.0], "connectivity": {"bond_orders": [], "atom_pairs": []}, "charge": 1, "can": "[He]", "smi": "[He]", "starting_nuclear_repulsion": 0.0, "inchi": "InChI=1S/He", "formula": "He+", "nuclear_gfactors": [0.0], "starting_energy": -1.99506997939, "nb_heavy_atoms": 1, "atoms_valence": [0], "monoisotopic_mass": 4.002603254}, "results": {"geometry": {"nuclear_repulsion_energy_from_xyz": 0.0, "elements_3D_coords_converged": [0.0, 0.0, 0.0]}, "excited_states": {}, "freq": {}, "wavefunction": {"SCF_values": [5.83e-09, 5.86e-08, -8.63e-09], "MO_number": 18, "homo_indexes": [0, -1], "virial_ratio": [2.0028], "MO_number_kept": 18, "total_molecular_energy": -1.99506997939, "MO_energies": [[-45.1521233273155, -5.437378960691, -3.359517598273, -3.359517598273, -3.359517598273, 12.163761231200501, 27.435062635111, 27.435062635111, 27.435062635111, 138.9519445054695, 141.2186528801345, 141.2186528801345, 141.2186528801345, 141.2186528801345, 141.2186528801345, 179.0658798907775, 179.0658798907775, 179.0658798907775], [-25.354480134188, -3.27080848301, -0.1303425343895, -0.1303425343895, -0.1303425343895, 17.9706708008705, 34.478185427602504, 34.478185427602504, 34.478185427602504, 151.170672734471, 151.170672734471, 151.170672734471, 151.170672734471, 151.170672734471, 155.16884153986751, 192.349661730636, 192.349661730636, 192.349661730636]], "MO_coefs": [[[0.34123, 0.59266, 0.20455, -0.11283, -0.25491, -0.35009, 1.29525, 0.09322, 0.93826, 0.09322, 0.93826, 0.09322, 0.93826, -1.13479, 2.59789, -1.51961, 1.2216, -0.78943, 1.2216, -0.78943, 1.2216, -0.78943, -1.45913, 2.06184, -1.44417, 0.55947, 0.24013, 0.97074, 0.97074, -0.24013, 1.0, 1.0, 1.0, 1.26322, -0.90488, 0.3049, 1.26322, -0.90488, 0.3049, 1.26322, -0.90488, 0.3049], [0, 1, 2, 0, 1, 2, 3, 7, 10, 9, 12, 8, 11, 1, 2, 3, 9, 12, 8, 11, 7, 10, 0, 1, 2, 3, 13, 16, 13, 16, 17, 14, 15, 5, 8, 11, 4, 7, 10, 6, 9, 12], [0, 3, 7, 9, 11, 13, 16, 18, 20, 22, 26, 28, 30, 31, 32, 33, 36, 39, 42]], [[0.2646, 0.50031, 0.37328, -0.17102, -0.73322, 1.49283, 0.99485, 0.99485, 0.99485, -1.29963, 2.54182, -1.34036, 1.24489, -0.72245, 1.24489, -0.72245, 1.24489, -0.72245, 0.75454, 0.65626, -0.65626, 0.75454, 1.0, 1.0, 1.0, -1.47632, 1.99664, -1.36428, 0.52423, 1.26279, -0.87753, 0.29129, 1.26279, -0.87753, 0.29129, 1.26279, -0.87753, 0.29129], [0, 1, 2, 1, 2, 3, 11, 12, 10, 1, 2, 3, 7, 10, 8, 11, 9, 12, 13, 16, 13, 16, 14, 15, 17, 0, 1, 2, 3, 4, 7, 10, 6, 9, 12, 5, 8, 11], [0, 3, 6, 7, 8, 9, 12, 14, 16, 18, 20, 22, 23, 24, 25, 29, 32, 35, 38]]], "MO_sym": [["A1g", "A1g", "T1u", "T1u", "T1u", "A1g", "T1u", "T1u", "T1u", "A1g", "Eg", "Eg", "T2g", "T2g", "T2g", "T1u", "T1u", "T1u"], ["A1g", "A1g", "T1u", "T1u", "T1u", "A1g", "T1u", "T1u", "T1u", "Eg", "Eg", "T2g", "T2g", "T2g", "A1g", "T1u", "T1u", "T1u"]]}}, "comp_details": {"geometry": {}, "excited_states": {}, "freq": {}, "general": {"scf_targets": [[1e-08, 1e-06, 1e-06]], "list_theory": ["DFT"], "solvent": "Gas", "package": "Gaussian", "integration_grid": "Default", "package_version": "09revisionD.01", "basis_set_size": 18, "job_type": ["SP"], "functional": "PBE1PBE", "is_closed_shell": "False", "core_electrons_per_atoms": [0], "basis_set_md5": "182fcd8d02f1061fd0543e8c83f4affb", "basis_set": "(lp0\n(lp1\n(VS\np2\n(lp3\n(F98.1243\nF0.0287452025\ntp4\na(F14.7689\nF0.2080610181\ntp5\na(F3.31883\nF0.8376350728\ntp6\natp7\na(g2\n(lp8\n(F0.874047\nF1.0\ntp9\natp10\na(g2\n(lp11\n(F0.244564\nF1.0\ntp12\natp13\na(g2\n(lp14\n(F0.086\nF1.0\ntp15\natp16\na(VP\np17\n(lp18\n(F3.0\nF1.0\ntp19\natp20\na(g17\n(lp21\n(F0.75\nF1.0\ntp22\natp23\na(g17\n(lp24\n(F0.1875\nF1.0\ntp25\natp26\na(VD\np27\n(lp28\n(F2.0\nF1.0\ntp29\natp30\naa.", "last_theory": "DFT", "all_unique_theory": ["DFT"]}}, "metadata": {"archivable_for_new_entry": "False", "archivable": "True", "parser_version": "v7.1", "log_file": "SP_moins.log"}}
