{"molecule": {"atoms_masses": [4.0026033], "nb_atoms": 1, "starting_geometry": [[0.0, 0.0, 0.0]], "atoms_Z": [2], "atoms_Zeff": [-2.0], "multiplicity": 1, "chirality": false, "nuclear_spins": [0.0], "nuclear_QMom": [0.0], "connectivity": {"bond_orders": [], "atom_pairs": []}, "charge": 0, "can": "[He]", "smi": "[He]", "starting_nuclear_repulsion": 0.0, "inchi": "InChI=1S/He", "formula": "He", "nuclear_gfactors": [0.0], "starting_energy": -2.89354252267, "nb_heavy_atoms": 1, "atoms_valence": [0], "monoisotopic_mass": 4.002603254}, "results": {"geometry": {"nuclear_repulsion_energy_from_xyz": 0.0, "elements_3D_coords_converged": [0.0, 0.0, 0.0]}, "excited_states": {"et_oscs": [0.0, 0.0, 0.0, 0.0, 0.0, 0.0, 0.0, 0.0, 0.0, 0.0], "et_rot": [0.0, 0.0, 0.0, 0.0, 0.0, 0.0, 0.0, 0.0, 0.0, 0.0], "et_transitions": [[[[0, 0], [1, 0], 0.997289262049883]], [[[0, 0], [2, 0], -0.44197002251283973], [[0, 0], [3, 0], 0.8956921597289997]], [[[0, 0], [4, 0], 0.9988024705616222]], [[[0, 0], [2, 0], 0.8956921597289997], [[0, 0], [3, 0], 0.44197002251283973]], [[[0, 0], [5, 0], 0.9972609777786354]], [[[0, 0], [7, 0], 0.9987741862903747]], [[[0, 0], [6, 0], 0.9987317598835035]], [[[0, 0], [8, 0], 0.9986893334766324]], [[[0, 0], [9, 0], 0.9531233724969712], [[0, 0], [11, 0], -0.15154712534390088], [[0, 0], [12, 0], -0.2492127139613868]], [[[0, 0], [9, 0], 0.19319571475578853], [[0, 0], [11, 0], 0.9325465651644428], [[0, 0], [12, 0], 0.20105874216258293], [[0, 0], [13, 0], -0.18352249398915654]]], "et_energies": [150866.812498879, 181627.18531208098, 181627.18531208098, 181627.18531208098, 319610.903916543, 454253.06752165797, 454253.06752165797, 454253.06752165797, 1384296.6254825608, 1384296.6254825608], "et_sym": ["Triplet-A1G", "Triplet-T1U", "Triplet-T1U", "Triplet-T1U", "Triplet-A1G", "Triplet-T1U", "Triplet-T1U", "Triplet-T1U", "Triplet-EG", "Triplet-T2G"]}, "freq": {}, "wavefunction": {"Mulliken_partial_charges": [0.0], "MO_number": 18, "homo_indexes": [0], "SCF_values": [0.0, 0.0, null], "MO_number_kept": 18, "total_molecular_energy": -2.89354252267, "MO_energies": [[-18.215845380171, 3.456934356752, 8.089944775365, 8.089944775365, 8.089944775365, 27.207575456093, 45.542062475082, 45.542062475082, 45.542062475082, 164.9616747916615, 164.9616747916615, 164.9616747916615, 164.9616747916615, 164.9616747916615, 167.1679738915155, 206.6696531131985, 206.6696531131985, 206.6696531131985]], "virial_ratio": [2.0146], "MO_sym": [["A1g", "A1g", "T1u", "T1u", "T1u", "A1g", "T1u", "T1u", "T1u", "Eg", "Eg", "T2g", "T2g", "T2g", "A1g", "T1u", "T1u", "T1u"]]}}, "comp_details": {"geometry": {}, "excited_states": {"nb_et_states": 10}, "freq": {}, "general": {"scf_targets": [[1e-08, 1e-06, 1e-06]], "list_theory": ["DFT"], "solvent": "Gas", "package": "Gaussian", "integration_grid": "Default", "package_version": "09revisionD.01", "basis_set_size": 18, "job_type": ["TD"], "functional": "PBE1PBE", "is_closed_shell": "True", "core_electrons_per_atoms": [0], "basis_set_md5": "182fcd8d02f1061fd0543e8c83f4affb", "basis_set": "(lp0\n(lp1\n(VS\np2\n(lp3\n(F98.1243\nF0.0287452025\ntp4\na(F14.7689\nF0.2080610181\ntp5\na(F3.31883\nF0.8376350728\ntp6\natp7\na(g2\n(lp8\n(F0.874047\nF1.0\ntp9\natp10\na(g2\n(lp11\n(F0.244564\nF1.0\ntp12\natp13\na(g2\n(lp14\n(F0.086\nF1.0\ntp15\natp16\na(VP\np17\n(lp18\n(F3.0\nF1.0\ntp19\natp20\na(g17\n(lp21\n(F0.75\nF1.0\ntp22\natp23\na(g17\n(lp24\n(F0.1875\nF1.0\ntp25\natp26\na(VD\np27\n(lp28\n(F2.0\nF1.0\ntp29\natp30\naa.", "last_theory": "DFT", "all_unique_theory": ["DFT"]}}, "metadata": {"archivable_for_new_entry": "False", "archivable": "True", "parser_version": "v7.1", "log_file": "TD_T.log"}}
