{"molecule": {"atoms_masses": [14.003074, 14.003074], "nb_atoms": 2, "starting_geometry": [[0.0, 0.0, 0.545484], [0.0, 0.0, -0.545484]], "atoms_Z": [7, 7], "atoms_Zeff": [-4.55, -4.55], "multiplicity": 1, "chirality": false, "nuclear_spins": [2.0, 2.0], "nuclear_QMom": [2.044, 2.044], "connectivity": {"bond_orders": [3, 3], "atom_pairs": [[0, 1], [1, 0]]}, "charge": 0, "can": "N#N", "smi": "N#N", "starting_nuclear_repulsion": 23.76777, "inchi": "InChI=1S/N2/c1-2", "formula": "N2", "nuclear_gfactors": [0.403761, 0.403761], "starting_energy": -109.439103645, "nb_heavy_atoms": 2, "atoms_valence": [1, 1], "monoisotopic_mass": 28.00614801}, "results": {"geometry": {"geometric_values": [[0.004177, 0.004177, 0.001296, 0.001833]], "nuclear_repulsion_energy_from_xyz": 23.76777, "elements_3D_coords_converged": [0.0, 0.0, 0.545484, 0.0, 0.0, -0.545484]}, "excited_states": {}, "freq": {"electronic_thermal_energy": -109.431125, "vibrational_freq": [2466.2522], "zero_point_energy": -109.433485, "enthalpy": -109.43018, "polarizabilities": [[8.735, 0.0, 0.0], [0.0, 8.735, 0.0], [0.0, 0.0, 14.894]], "entropy": 7.2883e-05, "vibrational_sym": ["SGG"], "vibration_disp": [[[0.0, 0.0, 0.70711], [0.0, 0.0, -0.70711]]], "vibrational_int": [0.0], "free_energy": -109.45191}, "wavefunction": {"Mulliken_partial_charges": [0.0, 0.0], "MO_number": 68, "homo_indexes": [6], "SCF_values": [6.78e-09, 1.06e-07, -3.3e-12], "MO_number_kept": 37, "total_molecular_energy": -109.439103645, "MO_energies": [[-394.099768540645, -394.0472505674985, -31.626704388213003, -15.627498434215001, -13.2636454149215, -13.2636454149215, -12.232878149227501, -0.560010304329, -0.560010304329, 2.0977256735045002, 2.4735149010449997, 2.8332494114060003, 2.8332494114060003, 4.2060637871785005, 5.036283145054, 5.036283145054, 7.41238128762, 13.826648971606001, 18.289316119806003, 19.4803584434445, 19.4803584434445, 22.156053935411002, 22.156053935411002, 22.218640121026002, 22.218640121026002, 23.7155384126265, 24.132961059293503, 29.735241013387505, 29.735241013387505, 32.2065790036285, 34.0172245648555, 34.017496678705996, 47.3807357629105, 47.3807357629105, 49.372337034720005, 54.906316412338505, 87.274531043164]], "virial_ratio": [2.0027], "MO_sym": [["sigma.g", "sigma.u", "sigma.g", "sigma.u", "pi.u", "pi.u", "sigma.g", "pi.g", "pi.g", "sigma.g", "sigma.u", "pi.u", "pi.u", "sigma.g", "pi.g", "pi.g", "sigma.u", "sigma.u", "sigma.g", "pi.u", "pi.u", "pi.g", "pi.g", "delta.g", "delta.g", "sigma.u", "sigma.g", "pi.u", "pi.u", "sigma.u", "delta.u", "delta.u", "pi.g", "pi.g", "sigma.g", "sigma.u", "sigma.g"]]}}, "comp_details": {"geometry": {"geometric_targets": [0.00045, 0.0003, 0.0018, 0.0012]}, "excited_states": {}, "freq": {"temperature": 298.15}, "general": {"scf_targets": [[1e-08, 1e-06, 1e-06]], "list_theory": ["DFT"], "solvent": "Gas", "package": "Gaussian", "integration_grid": "Default", "package_version": "09revisionD.01", "basis_set_size": 68, "job_type": ["FREQ", "OPT"], "functional": "PBE1PBE", "is_closed_shell": "True", "core_electrons_per_atoms": [0, 0], "basis_set_md5": "8f54b668e806199bfe76ef6623225561", "basis_set": "(lp0\n(lp1\n(VS\np2\n(lp3\n(F6293.48\nF0.001969788147\ntp4\na(F949.044\nF0.01496128592\ntp5\na(F218.776\nF0.07350053084\ntp6\na(F63.6916\nF0.2489367658\ntp7\na(F18.8282\nF0.6024594331\ntp8\na(F2.72023\nF0.2562017589\ntp9\natp10\na(g2\n(lp11\n(F30.6331\nF0.1119060795\ntp12\na(F7.02614\nF0.9216666549\ntp13\na(F2.11205\nF-0.002569191826\ntp14\natp15\na(VP\np16\n(lp17\n(F30.6331\nF0.03831191864\ntp18\na(F7.02614\nF0.2374031155\ntp19\na(F2.11205\nF0.8175923978\ntp20\natp21\na(g2\n(lp22\n(F0.684009\nF1.0\ntp23\natp24\na(g16\n(lp25\n(F0.684009\nF1.0\ntp26\natp27\na(g2\n(lp28\n(F0.200878\nF1.0\ntp29\natp30\na(g16\n(lp31\n(F0.200878\nF1.0\ntp32\natp33\na(g2\n(lp34\n(F0.0639\nF1.0\ntp35\natp36\na(g16\n(lp37\n(F0.0639\nF1.0\ntp38\natp39\na(VD\np40\n(lp41\n(F1.826\nF1.0\ntp42\natp43\na(g40\n(lp44\n(F0.4565\nF1.0\ntp45\natp46\na(VF\np47\n(lp48\n(F1.0\nF1.0\ntp49\natp50\naa(lp51\n(g2\n(lp52\n(F6293.48\nF0.001969788147\ntp53\na(F949.044\nF0.01496128592\ntp54\na(F218.776\nF0.07350053084\ntp55\na(F63.6916\nF0.2489367658\ntp56\na(F18.8282\nF0.6024594331\ntp57\na(F2.72023\nF0.2562017589\ntp58\natp59\na(g2\n(lp60\n(F30.6331\nF0.1119060795\ntp61\na(F7.02614\nF0.9216666549\ntp62\na(F2.11205\nF-0.002569191826\ntp63\natp64\na(g16\n(lp65\n(F30.6331\nF0.03831191864\ntp66\na(F7.02614\nF0.2374031155\ntp67\na(F2.11205\nF0.8175923978\ntp68\natp69\na(g2\n(lp70\n(F0.684009\nF1.0\ntp71\natp72\na(g16\n(lp73\n(F0.684009\nF1.0\ntp74\natp75\na(g2\n(lp76\n(F0.200878\nF1.0\ntp77\natp78\na(g16\n(lp79\n(F0.200878\nF1.0\ntp80\natp81\na(g2\n(lp82\n(F0.0639\nF1.0\ntp83\natp84\na(g16\n(lp85\n(F0.0639\nF1.0\ntp86\natp87\na(g40\n(lp88\n(F1.826\nF1.0\ntp89\natp90\na(g40\n(lp91\n(F0.4565\nF1.0\ntp92\natp93\na(g47\n(lp94\n(F1.0\nF1.0\ntp95\natp96\naa.", "last_theory": "DFT", "all_unique_theory": ["DFT"]}}, "metadata": {"archivable_for_new_entry": "False", "archivable": "True", "parser_version": "v7.1", "log_file": "freq.log"}}
