{"molecule": {"atoms_masses": [14.003074, 14.003074], "nb_atoms": 2, "starting_geometry": [[-0.545484, 0.0, 0.0], [0.545484, 0.0, 0.0]], "atoms_Z": [7, 7], "atoms_Zeff": [-4.55, -4.55], "multiplicity": 1, "chirality": false, "nuclear_spins": [2.0, 2.0], "nuclear_QMom": [2.044, 2.044], "connectivity": {"bond_orders": [3, 3], "atom_pairs": [[0, 1], [1, 0]]}, "charge": 0, "can": "N#N", "smi": "N#N", "starting_nuclear_repulsion": 23.76777, "inchi": "InChI=1S/N2/c1-2", "formula": "N2", "nuclear_gfactors": [0.403761, 0.403761], "starting_energy": -109.439103645, "nb_heavy_atoms": 2, "atoms_valence": [1, 1], "monoisotopic_mass": 28.00614801}, "results": {"geometry": {"geometric_values": [[0.278005, 0.278005, 0.073078, 0.103347], [0.070584, 0.070584, 0.037706, 0.053325], [0.001865, 0.001865, 0.001112, 0.001573], [4e-06, 4e-06, 2e-06, 3e-06]], "nuclear_repulsion_energy_from_xyz": 21.48204, "elements_3D_coords_converged": [-0.603519, 0.0, 0.0, 0.603519, 0.0, 0.0], "OPT_DONE": true}, "excited_states": {"et_oscs": [0.0, 0.0, 0.0, 0.0, 0.0, 0.0, 0.3634, 0.0528, 0.0528, 0.1632, 0.0, 0.0, 0.0, 0.0, 0.0, 0.0, 0.7699, 0.1407, 0.1407, 0.0037, 0.0, 0.0, 0.0, 0.0, 0.0, 0.5845, 0.1364, 0.1364, 0.0, 0.181, 0.0, 0.0, 0.0, 0.0, 0.0, 0.5894, 0.1364, 0.1364, 0.0, 0.1765], "et_rot": [0.0, 0.0, 0.0, 0.0, 0.0, 0.0, 0.0, 0.0, 0.0, 0.0], "et_transitions": [[[[6, 0], [7, 0], 0.5760374682258091], [[6, 0], [8, 0], 0.8135404938907467]], [[[6, 0], [7, 0], 0.8135404938907467], [[6, 0], [8, 0], -0.5760374682258091]], [[[4, 0], [7, 0], 0.3889228717882249], [[4, 0], [8, 0], 0.5869410547917057], [[5, 0], [7, 0], 0.5869410547917057], [[5, 0], [8, 0], -0.3889228717882249]], [[[4, 0], [8, 0], -0.7032884045681402], [[5, 0], [7, 0], 0.7032884045681402]], [[[4, 0], [7, 0], 0.7032884045681402], [[5, 0], [8, 0], 0.7032884045681402]], [[[6, 0], [9, 0], 0.9830481314767858]], [[[6, 0], [10, 0], 0.963701689943522]], [[[3, 0], [8, 0], 0.1787000257414643], [[6, 0], [11, 0], 0.885014847333083], [[6, 0], [12, 0], 0.4054833126036138]], [[[3, 0], [7, 0], 0.1787000257414643], [[6, 0], [11, 0], -0.4054833126036138], [[6, 0], [12, 0], 0.885014847333083]], [[[3, 0], [7, 0], 0.2635104130769788], [[4, 0], [9, 0], -0.6305129746484207], [[5, 0], [9, 0], 0.7230308258988687]], [[[6, 0], [7, 0], 0.9524304078514084], [[6, 0], [8, 0], -0.2971262694545873]], [[[4, 0], [7, 0], -0.5778618037212704], [[4, 0], [8, 0], -0.40511561707739685], [[5, 0], [7, 0], 0.40511561707739685], [[5, 0], [8, 0], -0.5778618037212704]], [[[6, 0], [7, 0], -0.2971262694545873], [[6, 0], [8, 0], -0.9524304078514084]], [[[4, 0], [7, 0], 0.6289149133229391], [[4, 0], [8, 0], 0.3207719202174654], [[5, 0], [7, 0], 0.3207719202174654], [[5, 0], [8, 0], -0.6289149133229391]], [[[4, 0], [7, 0], -0.3207719202174654], [[4, 0], [8, 0], 0.6289149133229391], [[5, 0], [7, 0], 0.6289149133229391], [[5, 0], [8, 0], 0.3207719202174654]], [[[4, 0], [12, 0], 0.1492702415084802], [[5, 0], [11, 0], 0.1492702415084802], [[6, 0], [9, 0], 0.9755669417318323]], [[[3, 0], [9, 0], 0.21795859423294142], [[4, 0], [7, 0], 0.30439532716518497], [[4, 0], [8, 0], -0.4341918479197877], [[5, 0], [7, 0], 0.4341918479197877], [[5, 0], [8, 0], 0.30439532716518497], [[6, 0], [10, 0], 0.5713422791987305]], [[[4, 0], [9, 0], 0.4590112959394355], [[5, 0], [9, 0], -0.8802489476278856]], [[[4, 0], [9, 0], 0.8802489476278856], [[5, 0], [9, 0], 0.4590112959394355]], [[[4, 0], [7, 0], -0.2126977197809135], [[4, 0], [8, 0], 0.3033912355359001], [[5, 0], [7, 0], -0.3033912355359001], [[5, 0], [8, 0], -0.2126977197809135], [[6, 0], [10, 0], 0.817316444102283]], [[[6, 0], [7, 0], -0.597957778442592], [[6, 0], [8, 0], -0.7991296576901649]], [[[4, 0], [8, 0], 0.70161963256454], [[5, 0], [7, 0], 0.70161963256454]], [[[4, 0], [7, 0], 0.70161963256454], [[5, 0], [8, 0], -0.70161963256454]], [[[4, 0], [8, 0], -0.7023125972101028], [[5, 0], [7, 0], 0.7023125972101028]], [[[6, 0], [7, 0], 0.7991296576901649], [[6, 0], [8, 0], -0.597957778442592]], [[[3, 0], [9, 0], 0.19230476021149345], [[4, 0], [7, 0], 0.6542717624962887], [[4, 0], [15, 0], 0.19155522702343572], [[5, 0], [8, 0], 0.6542717624962887], [[5, 0], [14, 0], 0.19155522702343572], [[6, 0], [17, 0], 0.20134158487505754]], [[[4, 0], [9, 0], 0.4665914806337553], [[5, 0], [9, 0], -0.8789195868792549]], [[[4, 0], [9, 0], 0.8789195868792549], [[5, 0], [9, 0], 0.4665914806337553]], [[[4, 0], [12, 0], 0.1632568136403501], [[5, 0], [11, 0], 0.1632568136403501], [[6, 0], [9, 0], 0.97063133639915]], [[[6, 0], [10, 0], 0.9952952209269369]], [[[6, 0], [7, 0], -0.8212055313988088], [[6, 0], [8, 0], -0.5672269177322248]], [[[4, 0], [8, 0], 0.705975410336649], [[5, 0], [7, 0], 0.705975410336649]], [[[4, 0], [7, 0], -0.705975410336649], [[5, 0], [8, 0], 0.705975410336649]], [[[4, 0], [7, 0], -0.23105421182051628], [[4, 0], [8, 0], 0.6674946593044772], [[5, 0], [7, 0], -0.6674946593044772], [[5, 0], [8, 0], -0.23105421182051628]], [[[6, 0], [7, 0], -0.5672269177322248], [[6, 0], [8, 0], 0.8212055313988088]], [[[3, 0], [9, 0], 0.19364826309574792], [[4, 0], [7, 0], 0.6213205864929956], [[4, 0], [8, 0], 0.2150735985657003], [[4, 0], [14, 0], 0.1827729608010988], [[5, 0], [7, 0], -0.2150735985657003], [[5, 0], [8, 0], 0.6213205864929956], [[5, 0], [15, 0], 0.1827729608010988], [[6, 0], [17, 0], 0.19980009209207086]], [[[4, 0], [9, 0], -0.6321676045163973], [[5, 0], [9, 0], 0.7684270812510449]], [[[4, 0], [9, 0], 0.7684270812510449], [[5, 0], [9, 0], 0.6321676045163973]], [[[4, 0], [11, 0], 0.16387906760779425], [[5, 0], [12, 0], 0.16387906760779425], [[6, 0], [9, 0], 0.9707868998910112]], [[[6, 0], [10, 0], 0.9948992411294725]]], "et_energies": [75950.810915643, 75950.810915643, 76681.549228317, 80850.629071818, 80850.629071818, 105871.560568256, 106921.69443481401, 108766.284413937, 108766.284413937, 110605.228512057, 67332.776841778, 64154.145837089, 67332.776841778, 68659.55887748301, 68659.55887748301, 104288.294224129, 104628.660193167, 105183.569640319, 105183.569640319, 106716.82960984799, 63229.027907026, 63011.258211196, 63011.258211196, 58346.953948288996, 63229.027907026, 100259.55485127399, 102627.598654818, 102627.598654818, 103437.379301534, 105238.415341491, 63346.78485366, 63171.762542567, 63171.762542567, 58512.297606233995, 63346.78485366, 100407.96086620999, 102700.995107857, 102700.995107857, 103462.382488833, 105266.64474650599], "et_sym": ["Singlet-?Sym", "Singlet-?Sym", "Singlet-?Sym", "Singlet-?Sym", "Singlet-?Sym", "Singlet-?Sym", "Singlet-?Sym", "Singlet-?Sym", "Singlet-?Sym", "Singlet-?Sym", "Singlet-?Sym", "Singlet-?Sym", "Singlet-?Sym", "Singlet-?Sym", "Singlet-?Sym", "Singlet-?Sym", "Singlet-?Sym", "Singlet-?Sym", "Singlet-?Sym", "Singlet-?Sym", "Singlet-?Sym", "Singlet-?Sym", "Singlet-?Sym", "Singlet-?Sym", "Singlet-?Sym", "Singlet-?Sym", "Singlet-?Sym", "Singlet-?Sym", "Singlet-?Sym", "Singlet-?Sym", "Singlet-?Sym", "Singlet-?Sym", "Singlet-?Sym", "Singlet-?Sym", "Singlet-?Sym", "Singlet-?Sym", "Singlet-?Sym", "Singlet-?Sym", "Singlet-?Sym", "Singlet-?Sym"]}, "freq": {}, "wavefunction": {"Mulliken_partial_charges": [0.0, 0.0], "MO_number": 68, "homo_indexes": [6], "SCF_values": [1.19e-09, 1.91e-08, -3.47e-12], "MO_number_kept": 37, "total_molecular_energy": -109.408383912, "MO_energies": [[-394.9506685511585, -394.9288994431185, -29.810072322274998, -16.4794869001305, -12.319682467537, -12.319682467537, -12.082943417602, -1.865612559028, -1.865612559028, 2.01908477071, 2.370655865556, 2.8928423446655, 2.8928423446655, 4.1660630511550005, 4.8240343416639995, 4.8240343416639995, 7.325032741609499, 11.2701393461585, 19.020213922249003, 19.919278084301002, 19.919278084301002, 20.5236429462615, 22.0806783988225, 22.0806783988225, 22.4665358388315, 22.4665358388315, 24.108742926599, 27.7368368953155, 27.7368368953155, 31.618540972698003, 32.902918347058, 32.903190460908505, 46.16139359882, 46.16139359882, 48.4060607515945, 51.6104734550825, 86.6903026061405]], "virial_ratio": [2.0027, 2.0063, 2.0076, 2.0076]}},