{"molecule": {"atoms_masses": [14.003074, 14.003074], "nb_atoms": 2, "starting_geometry": [[0.0, 0.0, 0.545484], [0.0, 0.0, -0.545484]], "atoms_Z": [7, 7], "atoms_Zeff": [-4.55, -4.55], "multiplicity": 2, "chirality": false, "nuclear_spins": [2.0, 2.0], "nuclear_QMom": [2.044, 2.044], "connectivity": {"bond_orders": [3, 3], "atom_pairs": [[0, 1], [1, 0]]}, "charge": 1, "can": "N#N", "smi": "N#N", "starting_nuclear_repulsion": 23.76777, "inchi": "InChI=1S/N2/c1-2", "formula": "N2+", "nuclear_gfactors": [0.403761, 0.403761], "starting_energy": -108.859423841, "nb_heavy_atoms": 2, "atoms_valence": [1, 1], "monoisotopic_mass": 28.00614801}, "results": {"geometry": {"nuclear_repulsion_energy_from_xyz": 23.76777, "elements_3D_coords_converged": [0.0, 0.0, 0.545484, 0.0, 0.0, -0.545484]}, "excited_states": {}, "freq": {}, "wavefunction": {"SCF_values": [4.62e-09, 1.07e-07, -1.73e-12], "MO_number": 68, "homo_indexes": [6, 5], "virial_ratio": [2.0017], "MO_number_kept": 37, "total_molecular_energy": -108.859423841, "MO_energies": [[-407.475252748122, -407.4216463195735, -43.761349437410004, -28.086503193208, -25.098965228568503, -24.589840214283, -24.589840214283, -11.670418820244, -11.670418820244, -4.3072901395645, -2.983456256882, -2.90073364633, -2.90073364633, -1.5311846367635, -0.38531321230800003, -0.38531321230800003, 1.9728254161249998, 4.796822956614, 9.9340603402035, 11.118027703729, 11.118027703729, 12.433970284747, 12.433970284747, 13.0922136891065, 13.748280182662, 13.748280182662, 14.692515243896999, 18.9715055430095, 18.9715055430095, 23.3073676368765, 24.209969278985003, 24.209969278985003, 37.466811847644, 37.466811847644, 38.971873554759505, 44.223398755559, 75.70098475369801], [-407.092116446618, -407.0472176612855, -42.8914014573615, -25.2883564685165, -24.234731639380502, -24.234731639380502, -19.3595398938225, -10.996664926406, -10.996664926406, -4.001706285453, -2.8367868914625, -2.8367868914625, -2.7524315978075, -1.320840630327, -0.2740186474535, -0.2740186474535, 2.1837136502625003, 5.5633676734724995, 10.5397857714165, 11.289459429544001, 11.289459429544001, 12.538734117189499, 12.538734117189499, 13.951821342835999, 13.951821342835999, 14.575234174331502, 15.560014199291, 19.892610926952003, 19.892610926952003, 23.7155384126265, 24.5106550837875, 24.510927197638, 38.255942014094, 38.255942014094, 40.0418252149255, 45.3660048138085, 76.77284121081749]], "MO_coefs": [[[0.39411, 0.32963, 0.39411, 0.32963, 0.39432, 0.32897, 0.0141, -0.39432, -0.32897, -0.0141, -0.01358, -0.09115, -0.14361, -0.11746, 0.39203, -0.14403, 0.15049, -0.03983, 0.02488, -0.09115, -0.14361, 0.11746, 0.39203, 0.14403, 0.15049, 0.03983, 0.02488, -0.14181, 0.10909, 0.44127, 0.16036, 0.46193, -0.44358, 0.11352, 0.08666, 0.14181, 0.10909, -0.44127, 0.16036, -0.46193, 0.44358, 0.11352, -0.03651, -0.06031, 0.22811, 0.194, 0.32358, 0.25308, 0.14197, -0.06031, -0.22811, 0.194, -0.32358, 0.25308, -0.14197, 0.21796, 0.33303, 0.17935, -0.03325, 0.21796, 0.33303, 0.17935, 0.03325, 0.21796, 0.33303, 0.17935, -0.03325, 0.21796, 0.33303, 0.17935, 0.03325, 0.24623, 0.38379, 0.39843, 0.08125, -0.24623, -0.38379, -0.39843, -0.08125, 0.24623, 0.38379, 0.39843, 0.08125, -0.24623, -0.38379, -0.39843, -0.08125, 0.05139, -0.04152, -0.19811, -0.05103, -0.51369, -0.15226, 0.8252, 0.05139, 0.04152, -0.19811, 0.05103, -0.51369, 0.15226, 0.8252, 0.18288, 6.05075, -2.2974, -0.18288, -6.05075, -2.2974, -0.0772, -0.11254, -0.11969, 0.5852, -0.0772, -0.11254, -0.11969, 0.5852, -0.0772, -0.11254, -0.11969, 0.5852, -0.0772, -0.11254, -0.11969, 0.5852, -0.04599, -0.06157, 0.23543, 0.16751, 1.4622, 0.05578, 0.04599, 0.06157, 0.23543, 0.16751, -1.4622, 0.05578, -0.13705, -0.27016, 2.16171, 0.13705, 0.27016, -2.16171, -0.13705, -0.27016, 2.16171, 0.13705, 0.27016, -2.16171, 38.81235, -10.29427, -38.81235, -10.29427, -5.28869, 3.10234, 13.39735, -4.0291, 5.28869, 3.10234, -13.39735, -4.0291, -0.11856, 0.2979, -0.41263, 1.34239, -0.17315, -1.23952, 0.11856, 0.2979, 0.41263, -1.34239, -0.17315, 1.23952, -0.14978, -0.50573, 1.00355, -0.5106, 0.13593, -0.14978, -0.50573, 1.00355, -0.5106, -0.14978, -0.50573, 1.00355, -0.5106, 0.13593, -0.14978, -0.50573, 1.00355, -0.5106, 0.59315, 0.59315, 0.59315, 0.59315, 5.71534, -4.06553, 5.63489, -0.95884, 0.56772, -5.71534, -4.06553, -5.63489, -0.95884, -0.56772, -0.47973, 2.00033, -1.51061, -0.25239, 0.18675, 0.47973, -2.00033, 1.51061, -0.25239, -0.47973, 2.00033, -1.51061, -0.25239, 0.18675, 0.47973, -2.00033, 1.51061, -0.25239, -0.992, -0.24011, 1.65513, 0.46603, -0.72486, 0.19533, -0.28157, 0.14203, -0.992, 0.24011, 1.65513, -0.46603, -0.72486, -0.19533, -0.28157, 0.08685, 0.32438, -0.12905, 0.03406, 0.61923, 0.08685, 0.32438, -0.12905, -0.61923, 0.08685, 0.32438, -0.12905, 0.61923, 0.08685, 0.32438, -0.12905, -0.03406, -0.61923, 1.25682, -11.03323, 4.43963, 21.84903, -5.76969, -1.25682, 11.03323, 4.43963, -21.84903, -5.76969, 0.88867, -0.88867, 0.88867, -0.88867, -0.46846, -1.78481, 0.53962, 1.86573, 0.46846, 1.78481, -0.53962, 1.86573, -0.46846, -1.78481, 0.53962, 1.86573, 0.46846, 1.78481, -0.53962, 1.86573, 1.80398, -0.58549, -0.77151, 1.55358, -0.4848, -1.43369, 1.80398, 0.58549, -0.77151, -1.55358, 0.4848, -1.43369, -1.42278, 10.78412, -5.42845, -4.1112, 1.34526, 1.82842, -1.42278, -10.78412, -5.42845, 4.1112, 1.34526, -1.82842, 0.49325, 0.58881, -0.7687, -0.26558, 0.88347, -0.43755, -0.29612, 0.54909, -0.49325, 0.58881, 0.7687, -0.26558, -0.88347, 0.43755, -0.29612, -0.54909], [0, 1, 34, 35, 0, 1, 5, 34, 35, 39, 43, 0, 1, 4, 5, 8, 9, 12, 22, 34, 35, 38, 39, 42, 43, 46, 56, 1, 4, 5, 8, 9, 13, 16, 34, 35, 38, 39, 42, 43, 47, 50, 0, 1, 4, 5, 8, 9, 12, 35, 38, 39, 42, 43, 46, 2, 6, 10, 23, 36, 40, 44, 57, 3, 7, 11, 24, 37, 41, 45, 58, 2, 6, 10, 14, 36, 40, 44, 48, 3, 7, 11, 15, 37, 41, 45, 49, 1, 4, 5, 8, 9, 12, 13, 35, 38, 39, 42, 43, 46, 47, 5, 13, 16, 39, 47, 50, 3, 7, 11, 15, 37, 41, 45, 49, 2, 6, 10, 14, 36, 40, 44, 48, 4, 8, 9, 13, 16, 22, 38, 42, 43, 47, 50, 56, 6, 10, 14, 40, 44, 48, 7, 11, 15, 41, 45, 49, 13, 16, 47, 50, 9, 12, 13, 16, 43, 46, 47, 50, 4, 5, 8, 12, 13, 16, 38, 39, 42, 46, 47, 50, 3, 7, 11, 15, 24, 37, 41, 45, 49, 2, 6, 10, 14, 23, 36, 40, 44, 48, 26, 60, 25, 59, 9, 12, 13, 16, 22, 43, 46, 47, 50, 56, 7, 11, 15, 24, 37, 41, 45, 49, 58, 6, 10, 14, 23, 36, 40, 44, 48, 57, 5, 8, 9, 12, 13, 16, 22, 35, 39, 42, 43, 46, 47, 50, 56, 2, 6, 10, 18, 23, 36, 40, 44, 57, 3, 7, 11, 24, 37, 41, 45, 53, 58, 5, 9, 12, 13, 16, 39, 43, 46, 47, 50, 26, 60, 25, 59, 7, 11, 15, 24, 41, 45, 49, 58, 6, 10, 14, 23, 40, 44, 48, 57, 5, 8, 9, 12, 16, 22, 39, 42, 43, 46, 50, 56, 8, 9, 12, 13, 16, 22, 42, 43, 46, 47, 50, 56, 4, 5, 8, 9, 12, 16, 22, 27, 38, 39, 42, 43, 46, 50, 56, 61], [0, 4, 11, 27, 42, 55, 63, 71, 79, 87, 101, 107, 115, 123, 135, 141, 147, 151, 159, 171, 180, 189, 191, 193, 203, 212, 221, 236, 245, 254, 264, 266, 268, 276, 284, 296, 308, 324]], [[0.39437, 0.32961, 0.39437, 0.32961, 0.39457, 0.32906, 0.01284, -0.39457, -0.32906, -0.0127, -0.01284, -0.09102, -0.14333, -0.11225, 0.39286, -0.14277, 0.15634, -0.03996, -0.09102, -0.14333, 0.11225, 0.39286, 0.14277, 0.15634, 0.03996, 0.01909, -0.14382, 0.09144, 0.44281, 0.12208, 0.53173, -0.4021, 0.10612, 0.088, 0.14382, 0.09144, -0.44281, 0.12208, -0.53173, 0.4021, 0.10612, 0.21668, 0.32899, 0.18141, -0.03992, 0.21668, 0.32899, 0.18141, 0.03992, 0.21668, 0.32899, 0.18141, -0.03992, 0.21668, 0.32899, 0.18141, 0.03992, -0.0321, -0.05208, 0.22033, 0.15497, 0.31052, 0.2736, 0.16798, -0.0321, -0.05208, -0.22033, 0.15497, -0.31052, 0.2736, -0.16798, 0.24641, 0.38148, 0.41198, 0.08972, -0.24641, -0.38148, -0.41198, -0.08972, 0.24641, 0.38148, 0.41198, 0.08972, -0.24641, -0.38148, -0.41198, -0.08972, 0.0522, -0.04822, -0.19289, -0.05506, -0.56858, -0.18483, 0.83642, 0.0522, -0.19289, 0.05506, -0.56858, 0.18483, 0.83642, -0.07653, -0.1113, -0.12459, 0.5876, -0.07653, -0.1113, -0.12459, 0.5876, -0.07653, -0.1113, -0.12459, 0.5876, -0.07653, -0.1113, -0.12459, 0.5876, 6.48093, -2.42523, -0.17857, -6.48093, 