{"molecule": {"atoms_masses": [14.003074, 14.003074], "nb_atoms": 2, "starting_geometry": [[0.0, 0.0, 0.545484], [0.0, 0.0, -0.545484]], "atoms_Z": [7, 7], "atoms_Zeff": [-4.55, -4.55], "multiplicity": 2, "chirality": false, "nuclear_spins": [2.0, 2.0], "nuclear_QMom": [2.044, 2.044], "connectivity": {"bond_orders": [3, 3], "atom_pairs": [[0, 1], [1, 0]]}, "charge": -1, "can": "N#N", "smi": "N#N", "starting_nuclear_repulsion": 23.76777, "inchi": "InChI=1S/N2/c1-2", "formula": "N2-", "nuclear_gfactors": [0.403761, 0.403761], "starting_energy": -109.36007933200001, "nb_heavy_atoms": 2, "atoms_valence": [1, 1], "monoisotopic_mass": 28.00614801}, "results": {"geometry": {"nuclear_repulsion_energy_from_xyz": 23.76777, "elements_3D_coords_converged": [0.0, 0.0, 0.545484, 0.0, 0.0, -0.545484]}, "excited_states": {}, "freq": {}, "wavefunction": {"SCF_values": [1.43e-09, 4.44e-08, 2.27e-13], "MO_number": 68, "homo_indexes": [7, 6], "virial_ratio": [1.999], "MO_number_kept": 38, "total_molecular_energy": -109.36007933200001, "MO_energies": [[-384.5847635302115, -384.53551092327103, -22.674430820613498, -7.3478903050515, -5.1731564118555005, -4.6784534316465, -3.8049679715415, 4.593826024141, 6.7574032494665, 6.943257009358, 7.1530567880935, 7.682590341166501, 7.819463607968, 9.4230305289645, 9.579495993002, 10.276107450282, 12.024711053595, 20.5263640847665, 25.2001915809545, 26.4807593614075, 26.54742725478, 28.76243399785, 29.121896394360505, 30.296884000819503, 30.3153877426535, 31.607656418677998, 31.790789040064503, 37.864642297075, 37.9574331200955, 39.319362941848, 41.7485232852615, 41.787979793584, 54.94958251456799, 55.0630539902265, 57.215746661532, 62.9206135372645, 95.874417174366, 96.69075872586599], [-384.3790454592335, -384.3273438276385, -22.3146963102525, -6.5435217629735, -4.5064774781305, -3.7551711369000005, -3.3815588201635003, 7.108974344312499, 7.20013248423, 7.498369264378001, 7.645854971349, 7.974024275052001, 8.1593338072425, 9.568883552832501, 10.556656830147501, 11.018978262147002, 12.45192979888, 20.8371181020375, 25.405637538082, 26.691647595545, 27.190432283511498, 29.352648939584498, 29.8865363142655, 30.671856886808502, 30.696075019503002, 31.964669790534, 32.1069853343455, 38.008046296288505, 38.61295538595, 39.817875515964, 42.4837749093125, 42.499829626492, 55.16700148111751, 55.7025215389015, 57.469356770198, 63.1551756763955, 95.996868407091, 97.0055944508945]], "MO_coefs": [[[0.3941, 0.32955, 0.3941, 0.32955, 0.3943, 0.32892, 0.01421, 0.0132, -0.3943, -0.32892, -0.01421, -0.0132, -0.08994, -0.14126, -0.10876, 0.37087, -0.13661, 0.17729, -0.04008, -0.08994, -0.14126, 0.10876, 0.37087, 0.13661, 0.17729, 0.04008, -0.08132, -0.13228, 0.0918, 0.38069, 0.11876, 0.5153, -0.04404, 0.04722, 0.08132, 0.13228, 0.0918, -0.38069, 0.11876, -0.5153, 0.04404, 0.04722, 0.2008, 0.29937, 0.20829, 0.03267, -0.02484, 0.2008, 0.29937, 0.20829, 0.03267, 0.19605, 0.29342, 0.21415, 0.0319, -0.03253, 0.19605, 0.29342, 0.21415, 0.03253, -0.04128, 0.20883, 0.11894, 0.28746, 0.24055, 0.1947, 0.10249, 0.03518, -0.02537, -0.04128, -0.20883, 0.11894, -0.28746, 0.24055, -0.1947, 0.10249, -0.03518, 0.18409, 0.28327, 0.29786, 0.93413, -0.18409, -0.28327, -0.29786, -0.93413, -1.41316, 0.93626, 17.1889, -5.36278, 1.41316, -17.1889, -5.36278, 0.15197, 0.2419, 0.18517, 1.28006, -0.15197, -0.2419, -0.18517, -1.28006, -0.07224, -0.10874, -0.53235, -0.34227, 0.87538, 0.87866, 0.07224, -0.10874, 0.04614, -0.53235, 0.34227, 0.87538, -0.87866, -0.0742, -0.05087, -0.30637, 0.66156, -0.0742, -0.30637, 0.66156, -0.07339, -0.05164, -0.30806, 0.66201, -0.07339, -0.30806, 0.66201, 0.6329, -0.08449, -0.31601, 1.43981, 0.04024, 0.6329, 0.08449, -0.31601, -1.43981, 0.04024, -0.14639, -0.19347, -0.75327, 2.17112, 0.19347, 0.75327, -2.17112, -0.17093, -0.23369, -0.82095, 1.99545, 0.17093, 0.23369, 0.82095, -1.99545, 39.68638, -10.37586, -39.68638, -10.37586, -0.39529, 8.13617, -4.87634, -3.64475, 1.44741, -0.39529, -8.13617, -4.87634, 3.64475, 1.44741, -0.1236, 0.3483, -0.50641, 1.4429, -0.16494, -0.95007, -0.09463, 0.1236, 0.3483, 0.50641, -1.4429, -0.16494, 0.95007, -0.15147, -0.5611, 0.97119, -0.41126, 0.1448, -0.15147, -0.5611, 0.97119, -0.41126, -0.1506, -0.56697, 0.97109, -0.4108, -0.1506, -0.56697, 0.97109, -0.4108, -0.14171, -0.19641, -0.51274, 2.01827, -1.21722, -0.36565, 0.51274, -2.01827, 1.21722, -0.36565, -0.51895, 2.01212, -1.20514, -0.37278, 0.19887, 0.51895, -2.01212, 1.20514, -0.37278, 0.59813, 0.59813, -0.07543, -0.0276, 0.12027, 0.05723, -0.04973, -0.01844, 0.59627, -0.07543, 0.0276, 0.12027, -0.05723, -0.04973, -0.01844, 0.59627, 0.15446, -1.01512, -0.24668, 1.53021, 0.38005, -0.60099, 0.21424, -0.30906, 0.15446, -1.01512, 0.24668, 1.53021, -0.38005, -0.60099, -0.21424, -0.30906, 4.16163, -2.96656, 4.87364, -0.95956, 0.62335, 0.34452, -4.16163, -2.96656, -4.87364, -0.95956, -0.62335, 0.08165, 0.33784, -0.1356, 0.62709, 0.08165, 0.33784, -0.1356, -0.62709, 0.08322, 0.34091, -0.12895, 0.62804, 0.08322, 0.34091, -0.12895, -0.62804, 1.22341, -11.06, 4.43755, 18.47438, -4.86408, -1.22341, 11.06, 4.43755, -18.47438, -4.86408, 0.89877, -0.89877, 0.0331, 0.8988, -0.0331, -0.8988, -0.53237, -1.70881, 0.47927, 1.90759, 0.53237, 1.70881, -0.47927, 1.90759, -0.53699, -1.70103, 0.47456, 1.90702, 0.53699, 1.70103, -0.47456, 1.90702, 1.83874, -0.56818, -0.804, 1.5055, -0.43961, -1.46397, 1.83874, 0.56818, -0.804, -1.5055, 0.43961, -1.46397, -1.51526, 10.01463, -4.98813, -3.49935, 1.14497, 1.80539, -0.94202, -1.51526, -10.01463, -4.98813, 3.49935, 1.14497, -1.80539, 0.48477, 0.56526, -0.73125, -0.25938, 0.81924, -0.39298, -0.28022, 0.54901, -0.48477, 0.56526, 0.73125, -0.25938, -0.81924, 0.39298, -0.28022, -0.54901, -0.09383, 0.15652, 0.60409, -0.09383, 0.15652, -0.60409], [0, 1, 34, 35, 0, 1, 5, 9, 34, 35, 39, 43, 0, 1, 4, 5, 8, 9, 12, 34, 35, 38, 39, 42, 43, 46, 0, 1, 4, 5, 8, 9, 13, 16, 34, 35, 38, 39, 42, 43, 47, 50, 3, 7, 11, 15, 24, 37, 41, 45, 49, 2, 6, 10, 14, 23, 36, 40, 44, 57, 1, 4, 5, 8, 9, 12, 13, 16, 34, 35, 38, 39, 42, 43, 46, 47, 50, 3, 7, 11, 15, 37, 41, 45, 49, 9, 12, 13, 16, 43, 47, 50, 2, 6, 10, 14, 36, 40, 44, 48, 4, 5, 9, 12, 13, 16, 38, 39, 42, 43, 46, 47, 50, 3, 7, 11, 15, 37, 45, 49, 2, 6, 10, 14, 36, 44, 48, 9, 12, 13, 16, 22, 43, 46, 47, 50, 56, 3, 7, 11, 15, 41, 45, 49, 2, 6, 10, 14, 36, 40, 44, 48, 13, 16, 47, 50, 8, 9, 12, 13, 16, 42, 43, 46, 47, 50, 4, 5, 8, 12, 13, 16, 22, 38, 39, 42, 46, 47, 50, 3, 7, 11, 15, 24, 37, 41, 45, 49, 2, 6, 10, 14, 36, 40, 44, 48, 57, 3, 7, 11, 15, 24, 41, 45, 49, 58, 6, 10, 14, 23, 36, 40, 44, 48, 57, 26, 60, 5, 8, 9, 12, 13, 22, 25, 39, 42, 43, 46, 47, 56, 59, 1, 5, 8, 9, 12, 13, 16, 22, 35, 39, 42, 43, 46, 47, 50, 56, 9, 12, 13, 16, 22, 42, 43, 46, 47, 50, 56, 3, 7, 11, 24, 37, 41, 45, 58, 2, 6, 10, 23, 36, 40, 44, 57, 5, 9, 12, 13, 16, 39, 43, 46, 47, 50, 26, 60, 13, 25, 47, 59, 7, 11, 15, 24, 41, 45, 49, 58, 6, 10, 14, 23, 40, 44, 48, 57, 5, 8, 9, 12, 16, 22, 39, 42, 43, 46, 50, 56, 8, 9, 12, 13, 16, 22, 39, 42, 43, 46, 47, 50, 56, 4, 5, 8, 9, 12, 16, 22, 27, 38, 39, 42, 43, 46, 50, 56, 61, 21, 26, 31, 55, 60, 65], [0, 4, 12, 26, 42, 51, 60, 77, 85, 92, 100, 113, 120, 127, 137, 144, 152, 156, 166, 179, 188, 197, 206, 215, 217, 231, 247, 258, 266, 274, 284, 286, 290, 298, 306, 318, 331, 347, 353]], [[0.39429, 0.3295, 0.39429, 0.3295, 0.39449, 0.32889, 0.0136, -0.39449, -0.32889, -0.0136, -0.01256, -0.08916, -0.13971, -0.11119, 0.3612, -0.14059, 0.17728, -0.04619, 0.02186, -0.08916, -0.13971, 0.11119, 0.3612, 0.14059, 0.17728, 0.04619, -0.08061, -0.13081, 0.09376, 0.37548, 0.12359, 0.48664, -0.14618, 0.07451, 0.08061, 0.13081, 0.09376, -0.37548, 0.12359, -0.48664, 0.14618, 0.07451, 0.19525, 0.29123, 0.2157, 0.03216, -0.03432, 0.19525, 0.29123, 0.2157, 0.03216, 0.03432, 0.19394, 0.28666, 0.21653, 0.03775, -0.03583, 0.19394, 0.28666, 0.21653, 0.03775, 0.03583, -0.04271, 0.20713, 0.1197, 0.28659, 0.24244, 0.18995, 0.10508, 0.03711, -0.02641, -0.04271, -0.20713, 0.1197, -0.28659, 0.24244, -0.18995, 0.10508, 