{"molecule": {"atoms_masses": [14.003074, 14.003074], "nb_atoms": 2, "starting_geometry": [[0.0, 0.0, 0.556], [0.0, 0.0, -0.556]], "atoms_Z": [7, 7], "atoms_Zeff": [0.0, 0.0], "multiplicity": 1, "chirality": false, "nuclear_spins": [2.0, 2.0], "nuclear_QMom": [2.044, 2.044], "connectivity": {"bond_orders": [3, 3], "atom_pairs": [[0, 1], [1, 0]]}, "charge": 0, "can": "N#N", "smi": "N#N", "starting_nuclear_repulsion": 23.31806, "inchi": "InChI=1S/N2/c1-2", "formula": "N2", "nuclear_gfactors": [0.403761, 0.403761], "starting_energy": -109.4377253, "nb_heavy_atoms": 2, "atoms_valence": [1, 1], "monoisotopic_mass": 28.00614801}, "results": {"geometry": {"geometric_values": [[0.063699, 0.063699, 0.019256, 0.027232], [0.006161, 0.006161, 0.001908, 0.002698], [4e-06, 4e-06, 1e-06, 2e-06]], "nuclear_repulsion_energy_from_xyz": 23.79743, "elements_3D_coords_converged": [0.0, 0.0, 0.5448, 0.0, 0.0, -0.5448], "OPT_DONE": true}, "excited_states": {}, "freq": {}, "wavefunction": {"Mulliken_partial_charges": [0.0, 0.0], "MO_number": 68, "homo_indexes": [6], "SCF_values": [3.8e-09, 6.03e-08, -2.53e-12], "MO_number_kept": 37, "total_molecular_energy": -109.43910904, "MO_energies": [[-394.088883986625, -394.035549671927, -31.648745610103504, -15.616885994045502, -13.275890538194, -13.275890538194, -12.2345108323305, -0.5434113594485, -0.5434113594485, 2.0988141289065, 2.474603356447, 2.8324330698545, 2.8324330698545, 4.2066080148795, 5.0395485112600005, 5.0395485112600005, 7.4134697430220005, 13.848418079646, 18.2803363627395, 19.4743719387335, 19.4743719387335, 22.1568702769625, 22.1568702769625, 22.216463210222003, 22.216463210222003, 23.7650631334175, 24.1340495146955, 29.7602754876335, 29.7602754876335, 32.2169193299475, 34.0308302573805, 34.031102371231, 47.3937972277345, 47.3937972277345, 49.372609148570504, 54.958562271634506, 87.2345303071405]], "MO_coefs": [[[0.39419, 0.32956, 0.39419, 0.32956, 0.3944, 0.32896, 0.01371, 0.01244, -0.3944, -0.32896, -0.01371, -0.09003, -0.14141, -0.11215, 0.37392, -0.14104, 0.1703, -0.0431, -0.09003, -0.14141, 0.11215, 0.37392, 0.14104, 0.1703, 0.0431, 0.02005, -0.0835, -0.13608, 0.09611, 0.40087, 0.12897, 0.50849, -0.27071, 0.08409, 0.0835, 0.13608, 0.09611, -0.40087, 0.12897, -0.50849, 0.27071, 0.08409, 0.20366, 0.3073, 0.20724, -0.03564, 0.20366, 0.3073, 0.20724, 0.03564, 0.20366, 0.3073, 0.20724, -0.03564, 0.20366, 0.3073, 0.20724, 0.03564, -0.04812, 0.21619, 0.13923, 0.30081, 0.26803, 0.18183, 0.0463, -0.02957, -0.04812, -0.21619, 0.13923, -0.30081, 0.26803, -0.18183, 0.0463, 0.21417, 0.33056, 0.43003, 0.43403, -0.21417, -0.33056, -0.43003, -0.43403, 0.21417, 0.33056, 0.43003, 0.43403, -0.21417, -0.33056, -0.43003, -0.43403, -0.05909, -0.12914, -0.61046, -0.24864, 0.90588, 0.39661, 0.05909, -0.12914, 0.05231, -0.61046, 0.24864, 0.90588, -0.39661, -0.76818, 12.68833, -4.1376, 0.76818, 0.60919, -12.68833, -4.1376, -0.07161, -0.07256, -0.23752, 0.63671, -0.07161, -0.07256, -0.23752, 0.63671, -0.07161, -0.07256, -0.23752, 0.63671, -0.07161, -0.07256, -0.23752, 0.63671, 0.41118, -0.08692, 1.56624, 0.04709, 0.41118, 0.08692, -0.03491, -1.56624, 0.04709, -0.15242, -0.5582, 2.26243, 0.10872, 0.15242, 0.5582, -2.26243, -0.15242, -0.5582, 2.26243, 0.10872, 0.15242, 0.5582, -2.26243, 40.66165, -10.70821, -40.66165, -10.70821, -0.40063, 7.35381, -4.42765, -5.13801, 1.85579, -0.40063, -7.35381, -4.42765, 5.13801, 1.85579, -0.12004, 0.37205, -0.46934, -0.0613, 1.40969, -0.14625, -1.06448, 0.12004, 0.37205, 0.46934, -0.0613, -1.40969, -0.14625, 1.06448, -0.15033, -0.54871, 0.98732, -0.44803, 0.13626, -0.15033, -0.54871, 0.98732, -0.44803, -0.15033, -0.54871, 0.98732, -0.44803, 0.13626, -0.15033, -0.54871, 0.98732, -0.44803, -0.5044, 2.02388, -1.32077, -0.33421, 0.19421, 0.5044, -2.02388, 1.32077, -0.33421, -0.5044, 2.02388, -1.32077, -0.33421, 0.19421, 0.5044, -2.02388, 1.32077, -0.33421, 0.59617, 0.59617, 0.59617, 0.59617, 4.83652, -3.38861, 4.889, -0.90351, 0.62505, 0.32376, -4.83652, -3.38861, -4.889, -0.90351, -0.62505, -1.00424, -0.26194, 1.57786, 0.45485, -0.64889, 0.17981, -0.30181, 0.15133, -1.00424, 0.26194, 1.57786, -0.45485, -0.64889, -0.17981, -0.30181, 0.08538, 0.33463, -0.12326, 0.62696, 0.08538, 0.33463, -0.12326, -0.62696, 0.08538, 0.33463, -0.12326, 0.62696, 0.08538, 0.33463, -0.12326, -0.62696, 1.23821, -11.04422, 4.41708, 19.84541, -5.22069, -1.23821, 11.04422, 4.41708, -19.84541, -5.22069, 0.89741, -0.89741, 0.89741, -0.89741, -0.52009, -1.73765, 0.49974, 1.90204, 0.52009, 1.73765, -0.49974, 1.90204, -0.52009, -1.73765, 0.49974, 1.90204, 0.52009, 1.73765, -0.49974, 1.90204, 1.83183, -0.57182, -0.79432, 1.52518, -0.45574, -1.46155, 1.83183, 0.57182, -0.79432, -1.52518, 0.45574, -1.46155, 0.91462, -1.50217, 10.36476, -5.1676, -3.83117, 1.24431, 1.82194, -1.50217, -10.36476, -5.1676, 3.83117, 1.24431, -1.82194, 0.48914, 0.57738, -0.74483, -0.26574, 0.84509, -0.41216, -0.2859, 0.55256, -0.48914, 0.57738, 0.74483, -0.26574, -0.84509, 0.41216, -0.2859, -0.55256], [0, 1, 34, 35, 0, 1, 5, 9, 34, 35, 39, 0, 1, 4, 5, 8, 9, 12, 34, 35, 38, 39, 42, 43, 46, 56, 0, 1, 4, 5, 8, 9, 13, 16, 34, 35, 38, 39, 42, 43, 47, 50, 2, 6, 10, 23, 36, 40, 44, 57, 3, 7, 11, 24, 37, 41, 45, 58, 1, 4, 5, 8, 9, 12, 13, 34, 35, 38, 39, 42, 43, 46, 47, 3, 7, 11, 15, 37, 41, 45, 49, 2, 6, 10, 14, 36, 40, 44, 48, 4, 5, 9, 12, 13, 16, 38, 39, 42, 43, 46, 47, 50, 9, 13, 16, 43, 46, 47, 50, 2, 6, 10, 14, 36, 40, 44, 48, 3, 7, 11, 15, 37, 41, 45, 49, 9, 12, 16, 22, 43, 46, 47, 50, 56, 6, 10, 14, 36, 40, 44, 48, 7, 11, 15, 37, 41, 45, 49, 13, 16, 47, 50, 8, 9, 12, 13, 16, 42, 43, 46, 47, 50, 4, 5, 8, 9, 12, 13, 16, 38, 39, 42, 43, 46, 47, 50, 2, 6, 10, 14, 23, 36, 40, 44, 48, 3, 7, 11, 15, 24, 37, 41, 45, 49, 6, 10, 14, 23, 36, 40, 44, 48, 57, 7, 11, 15, 24, 37, 41, 45, 49, 58, 26, 60, 25, 59, 9, 12, 13, 16, 22, 42, 43, 46, 47, 50, 56, 5, 8, 9, 12, 13, 16, 22, 35, 39, 42, 43, 46, 47, 50, 56, 3, 7, 11, 24, 37, 41, 45, 58, 2, 6, 10, 23, 36, 40, 44, 57, 5, 9, 12, 13, 16, 39, 43, 46, 47, 50, 26, 60, 25, 59, 6, 10, 14, 23, 40, 44, 48, 57, 7, 11, 15, 24, 41, 45, 49, 58, 5, 8, 9, 12, 16, 22, 39, 42, 43, 46, 50, 56, 5, 8, 9, 12, 13, 16, 22, 42, 43, 46, 47, 50, 56, 4, 5, 8, 9, 12, 16, 22, 27, 38, 39, 42, 43, 46, 50, 56, 61], [0, 4, 11, 26, 42, 50, 58, 73, 81, 89, 102, 109, 117, 125, 134, 141, 148, 152, 162, 176, 185, 194, 203, 212, 214, 216, 227, 242, 250, 258, 268, 270, 272, 280, 288, 300, 313, 329]]], "virial_ratio": [2.0038, 2.0027, 2.0026], "MO_sym": [["sigma.g", "sigma.u", "sigma.g", "sigma.u", "pi.u", "pi.u", "sigma.g", "pi.g", "pi.g", "sigma.g", "sigma.u", "pi.u", "pi.u", "sigma.g", "pi.g", "pi.g", "sigma.u", "sigma.u", "sigma.g", "pi.u", "pi.u", "pi.g", "pi.g", "delta.g", "delta.g", "sigma.u", "sigma.g", "pi.u", "pi.u", "sigma.u", "delta.u", "delta.u", "pi.g", "pi.g", "sigma.g", "sigma.u", "delta.g"]]}}, "comp_details": {"geometry": {"geometric_targets": [0.00045, 0.0003, 0.0018, 0.0012]}, "excited_states": {}, "freq": {}, "general": {"scf_targets": [[1e-08, 1e-06, 1e-06], [1e-08, 1e-06, 1e-06], [1e-08, 1e-06, 1e-06]], "list_theory": ["DFT"], "solvent": "Gas", "package": "Gaussian", "integration_grid": "Default", "package_version": "09revisionD.01", "basis_set_size": 68, "job_type": ["OPT"], "functional": "PBE1PBE", "is_closed_shell": "True", "core_electrons_per_atoms": [0, 0], "basis_set_md5": "8f54b668e806199bfe76ef6623225561",