{"molecule": {"atoms_masses": [14.003074, 14.003074], "nb_atoms": 2, "starting_geometry": [[0.0, 0.0, 0.5448], [0.0, 0.0, -0.5448]], "atoms_Z": [7, 7], "atoms_Zeff": [-4.55, -4.55], "multiplicity": 2, "chirality": false, "nuclear_spins": [2.0, 2.0], "nuclear_QMom": [2.044, 2.044], "connectivity": {"bond_orders": [3, 3], "atom_pairs": [[0, 1], [1, 0]]}, "charge": -1, "can": "N#N", "smi": "N#N", "starting_nuclear_repulsion": 23.79743, "inchi": "InChI=1S/N2/c1-2", "formula": "N2-", "nuclear_gfactors": [0.403761, 0.403761], "starting_energy": -109.359590288, "nb_heavy_atoms": 2, "atoms_valence": [1, 1], "monoisotopic_mass": 28.00614801}, "results": {"geometry": {"nuclear_repulsion_energy_from_xyz": 23.79743, "elements_3D_coords_converged": [0.0, 0.0, 0.5448, 0.0, 0.0, -0.5448]}, "excited_states": {}, "freq": {}, "wavefunction": {"SCF_values": [3.92e-09, 1.78e-07, -5.68e-14], "MO_number": 68, "homo_indexes": [7, 6], "virial_ratio": [1.9989], "MO_number_kept": 38, "total_molecular_energy": -109.359590288, "MO_energies": [[-384.5858519856135, -384.5357830371215, -22.704907571869498, -7.344897052696, -5.1908438121380005, -4.6985898565835, -3.8147640701595003, 4.603077895058, 6.7552263386625, 6.9478829448165005, 7.1497914218875, 7.6776922918575, 7.815654014061, 9.421125732011001, 9.581128676105001, 10.2796449303385, 12.0217178012395, 20.5377928664875, 25.184681091476, 26.4693305796865, 26.5351821315075, 28.757535948541005, 29.116726231201, 30.2881763576035, 30.3066800994375, 31.6024862555185, 31.836232053098005, 37.8823296973575, 37.975120520378, 39.323988877306505, 41.755870359225, 41.7953268675475, 54.955024791578, 55.069040494937504, 57.207311132166495, 62.9685055749525, 95.82734147822951, 96.7035480768395], [-384.380950256187, -384.328704396891, -22.347077858462, -6.542705421422, -4.5271581307685, -3.7777565864915004, -3.3918991464825, 7.108974344312499, 7.205030533539, 7.496736581275001, 7.6483039960034995, 7.971303136546999, 8.1560684410365, 9.568067211280999, 10.560738537905, 11.022515742203499, 12.4511134573285, 20.8480026560575, 25.3906712763045, 26.679674586123, 27.1773708186875, 29.347478776425, 29.880277695704, 30.6620607881905, 30.686278920884998, 31.9589553996735, 32.151884119678, 38.025733696571, 38.6295543308305, 39.8219572237215, 42.4897614140235, 42.505816131203, 55.173260099679, 55.707691702061, 57.4603770131315, 63.202523486382496, 95.954418646413, 97.017839574167]], "MO_coefs": [[[0.39409, 0.32955, 0.39409, 0.32955, 0.3943, 0.32891, 0.01427, 0.01333, -0.3943, -0.32891, -0.01427, -0.01333, -0.08998, -0.14132, -0.10899, 0.37082, -0.13674, 0.17695, -0.04008, -0.08998, -0.14132, 0.10899, 0.37082, 0.13674, 0.17695, 0.04008, -0.08129, -0.13223, 0.09192, 0.38055, 0.11894, 0.51578, -0.04416, 0.04727, 0.08129, 0.13223, 0.09192, -0.38055, 0.11894, -0.51578, 0.04416, 0.04727, 0.20085, 0.29939, 0.2081, 0.03255, -0.02488, 0.20085, 0.29939, 0.2081, 0.03255, 0.19613, 0.29348, 0.21395, 0.03173, -0.03256, 0.19613, 0.29348, 0.21395, 0.03256, -0.04128, 0.20891, 0.11898, 0.2874, 0.24083, 0.19453, 0.1024, 0.0351, -0.02536, -0.04128, -0.20891, 0.11898, -0.2874, 0.24083, -0.19453, 0.1024, -0.0351, 0.18372, 0.28274, 0.29681, 0.93994, -0.18372, -0.28274, -0.29681, -0.93994, -1.41898, 0.93818, 17.2517, -5.37342, 1.41898, -17.2517, -5.37342, 0.15165, 0.24138, 0.184, 1.28506, -0.15165, -0.24138, -0.184, -1.28506, -0.07224, -0.10896, -0.53206, -0.34267, 0.87528, 0.87981, 0.07224, -0.10896, 0.04615, -0.53206, 0.34267, 0.87528, -0.87981, -0.07415, -0.05079, -0.30604, 0.66142, -0.07415, -0.30604, 0.66142, -0.07332, -0.05156, -0.30768, 0.66186, -0.07332, -0.30768, 0.66186, 0.63318, -0.08434, -0.3161, 1.44128, 0.04048, 0.63318, 0.08434, -0.3161, -1.44128, 0.04048, -0.14674, -0.19437, -0.75542, 2.17182, 0.19437, 0.75542, -2.17182, -0.17115, -0.23441, -0.82276, 1.99572, 0.17115, 0.23441, 0.82276, -1.99572, 39.83488, -10.40182, -39.83488, -10.40182, -0.3957, 8.17836, -4.89278, -3.6511, 1.44831, -0.3957, -8.17836, -4.89278, 3.6511, 1.44831, -0.12372, 0.35051, -0.50574, 1.4452, -0.16499, -0.9514, -0.09624, 0.12372, 0.35051, 0.50574, -1.4452, -0.16499, 0.9514, -0.15138, -0.56073, 0.971, -0.41127, 0.14471, -0.15138, -0.56073, 0.971, -0.41127, -0.15052, -0.56658, 0.97092, -0.41084, -0.15052, -0.56658, 0.97092, -0.41084, -0.14159, -0.19655, -0.51144, 2.02178, -1.21875, -0.36804, 0.51144, -2.02178, 1.21875, -0.36804, -0.5176, 2.01565, -1.2067, -0.37515, 0.19901, 0.5176, -2.01565, 1.2067, -0.37515, 0.59792, 0.59792, -0.075, -0.02754, 0.11972, 0.0572, -0.04953, -0.0184, 0.59608, -0.075, 0.02754, 0.11972, -0.0572, -0.04953, -0.0184, 0.59608, 0.15445, -1.01453, -0.24697, 1.52981, 0.38089, -0.60091, 0.21447, -0.30923, 0.15445, -1.01453, 0.24697, 1.52981, -0.38089, -0.60091, -0.21447, -0.30923, 4.13454, -2.95147, 4.95588, -0.98044, 0.62195, 0.34653, -4.13454, -2.95147, -4.95588, -0.98044, -0.62195, 0.08159, 0.33851, -0.13594, 0.62752, 0.08159, 0.33851, -0.13594, -0.62752, 0.08315, 0.34153, -0.12926, 0.62848, 0.08315, 0.34153, -0.12926, -0.62848, 1.21916, -11.10914, 4.45763, 18.52402, -4.87204, -1.21916, 11.10914, 4.45763, -18.52402, -4.87204, 0.89953, -0.89953, 0.03276, 0.89956, -0.03276, -0.89956, -0.53708, -1.71362, 0.48082, 1.91156, 0.53708, 1.71362, -0.48082, 1.91156, -0.54168, -1.70585, 0.4761, 1.91097, 0.54168, 1.70585, -0.4761, 1.91097, 1.84491, -0.56689, -0.80678, 1.51084, -0.44149, -1.46814, 1.84491, 0.56689, -0.80678, -1.51084, 0.44149, -1.46814, -1.51866, 10.03125, -4.99029, -3.49771, 1.14315, 1.80427, -0.95084, -1.51866, -10.03125, -4.99029, 3.49771, 1.14315, -1.80427, 0.48398, 0.56551, -0.72961, -0.25978, 0.81913, -0.39326, -0.27997, 0.55005, -0.48398, 0.56551, 0.72961, -0.25978, -0.81913, 0.39326, -0.27997, -0.55005, -0.09435, 0.15683, 0.60385, -0.09435, 0.15683, -0.60385], [0, 1, 34, 35, 0, 1, 5, 9, 34, 35, 39, 43, 0, 1, 4, 5, 8, 9, 12, 34, 35, 38, 39, 42, 43, 46, 0, 1, 4, 5, 8, 9, 13, 16, 34, 35, 38, 39, 42, 43, 47, 50, 3, 7, 11, 15, 24, 37, 41, 45, 49, 2, 6, 10, 14, 23, 36, 40, 44, 57, 1, 4, 5, 8, 9, 12, 13, 16, 34, 35, 38, 39, 42, 43, 46, 47, 50, 3, 7, 11, 15, 37, 41, 45, 49, 9, 12, 13, 16, 43, 47, 50, 2, 6, 10, 14, 36, 40, 44, 48, 4, 5, 9, 12, 13, 16, 38, 39, 42, 43, 46, 47, 50, 3, 7, 11, 15, 37, 45, 49, 2, 6, 10, 14, 36, 44, 48, 9, 12, 13, 16, 22, 43, 46, 47, 50, 56, 3, 7, 11, 15, 41, 45, 49, 2, 6, 10, 14, 36, 40, 44, 48, 13, 16, 47, 50, 8, 9, 12, 13, 16, 42, 43, 46, 47, 50, 4, 5, 8, 12, 13, 16, 22, 38, 39, 42, 46, 47, 50, 3, 7, 11, 15, 24, 37, 41, 45, 49, 2, 6, 10, 14, 36, 40, 44, 48, 57, 3, 7, 11, 15, 24, 41, 45, 49, 58, 6, 10, 14, 23, 36, 40, 44, 48, 57, 26, 60, 5, 8, 9, 12, 13, 22, 25, 39, 42, 43, 46, 47, 56, 59, 1, 5, 8, 9, 12, 13, 16, 22, 35, 39, 42, 43, 46, 47, 50, 56, 9, 12, 13, 16, 22, 42, 43, 46, 47, 50, 56, 3, 7, 11, 24, 37, 41, 45, 58, 2, 6, 10, 23, 36, 40, 44, 57, 5, 9, 12, 13, 16, 39, 43, 46, 47, 50, 26, 60, 13, 25, 47, 59, 7, 11, 15, 24, 41, 45, 49, 58, 6, 10, 14, 23, 40, 44, 48, 57, 5, 8, 9, 12, 16, 22, 39, 42, 43, 46, 50, 56, 8, 9, 12, 13, 16, 22, 39, 42, 43, 46, 47, 50, 56, 4, 5, 8, 9, 12, 16, 22, 27, 38, 39, 42, 43, 46, 50, 56, 61, 21, 26, 31, 55, 60, 65], [0, 4, 12, 26, 42, 51, 60, 77, 85, 92, 100, 113, 120, 127, 137, 144, 152, 156, 166, 179, 188, 197, 206, 215, 217, 231, 247, 258, 266, 274, 284, 286, 290, 298, 306, 318, 331, 347, 353]], [[0.39428, 0.3295, 0.39428, 0.3295, 0.39449, 0.32889, 0.01366, -0.39449, -0.32889, -0.01366, -0.01269, -0.08921, -0.13978, -0.11141, 0.36119, -0.14071, 0.17693, -0.04617, 0.02185, -0.08921, -0.13978, 0.11141, 0.36119, 0.14071, 0.17693, 0.04617, -0.08059, -0.13077, 0.09388, 0.37538, 0.12377, 0.48695, -0.14694, 0.07465, 0.08059, 0.13077, 0.09388, -0.37538, 0.12377, -0.48695, 0.14694, 0.07465, 0.19534, 0.2913, 0.21549, 0.03197, -0.03434, 0.19534, 0.2913, 0.21549, 0.03197, 0.03434, 0.19405, 0.28676, 0.21631, 0.03751, -0.03585, 0.19405, 0.28676, 0.21631, 0.03751, 0.03585, -0.0427, 0.20722, 0.11972, 0.28655, 0.24274, 0.18975, 0.10493, 0.03699, -0.02641, -0.0427, -0.20722, 0.11972, -0.28655, 0.24274, -0.18975, 0.10493, 