{"molecule": {"atoms_masses": [14.003074, 14.003074], "nb_atoms": 2, "starting_geometry": [[0.0, 0.0, 0.5448], [0.0, 0.0, -0.5448]], "atoms_Z": [7, 7], "atoms_Zeff": [-4.55, -4.55], "multiplicity": 2, "chirality": false, "nuclear_spins": [2.0, 2.0], "nuclear_QMom": [2.044, 2.044], "connectivity": {"bond_orders": [3, 3], "atom_pairs": [[0, 1], [1, 0]]}, "charge": 1, "can": "N#N", "smi": "N#N", "starting_nuclear_repulsion": 23.79743, "inchi": "InChI=1S/N2/c1-2", "formula": "N2+", "nuclear_gfactors": [0.403761, 0.403761], "starting_energy": -108.85933246, "nb_heavy_atoms": 2, "atoms_valence": [1, 1], "monoisotopic_mass": 28.00614801}, "results": {"geometry": {"nuclear_repulsion_energy_from_xyz": 23.79743, "elements_3D_coords_converged": [0.0, 0.0, 0.5448, 0.0, 0.0, -0.5448]}, "excited_states": {}, "freq": {}, "wavefunction": {"SCF_values": [4.65e-09, 1.06e-07, -1.85e-12], "MO_number": 68, "homo_indexes": [6, 5], "virial_ratio": [2.0016], "MO_number_kept": 37, "total_molecular_energy": -108.85933246, "MO_energies": [[-407.46817778800903, -407.4140271317595, -43.787472367058, -28.079156119244498, -25.102502708625, -24.6058949314625, -24.6058949314625, -11.654091989214, -11.654091989214, -4.308106481116, -2.9820956876295, -2.904543240237, -2.904543240237, -1.5317288644645, -0.3839526430555, -0.3839526430555, 1.9758186684805, 4.8330140987305, 9.925624810838, 11.1101364020645, 11.1101364020645, 12.4293443492885, 12.4293443492885, 13.1254115788675, 13.7480080688115, 13.7480080688115, 14.690066219242501, 18.994907334152497, 18.994907334152497, 23.3166195077935, 24.2216701745565, 24.2216701745565, 37.4801454263185, 37.4801454263185, 38.974322579414, 44.269658110144, 75.6588071068705], [-407.0847693726545, -407.03959847347153, -42.9175243870095, -25.279376711450002, -24.250514242709503, -24.250514242709503, -19.363349487729497, -10.9795217538245, -10.9795217538245, -4.0014341716025, -2.839235916117, -2.839235916117, -2.7510710285549997, -1.321384858028, -0.2723859643505, -0.2723859643505, 2.185074219515, 5.5957492216819995, 10.5305339004995, 11.282384469431, 11.282384469431, 12.5343802955815, 12.5343802955815, 13.951821342835999, 13.951821342835999, 14.6122416579995, 15.558925743888999, 19.916012718095, 19.916012718095, 23.723973941992, 24.5231723209105, 24.5231723209105, 38.2687313650675, 38.2687313650675, 40.04427423958, 45.411447826842, 76.73011933628901]], "MO_coefs": [[[0.3941, 0.32963, 0.3941, 0.32963, 0.39432, 0.32896, 0.01415, 0.01372, -0.39432, -0.32896, -0.01415, -0.01372, -0.09119, -0.14366, -0.11769, 0.39192, -0.14414, 0.15018, -0.03981, 0.02487, -0.09119, -0.14366, 0.11769, 0.39192, 0.14414, 0.15018, 0.03981, 0.02487, -0.14176, 0.1092, 0.44109, 0.16055, 0.46234, -0.44522, 0.11381, 0.08662, 0.14176, 0.1092, -0.44109, 0.16055, -0.46234, 0.44522, 0.11381, -0.03651, -0.0603, 0.22816, 0.19402, 0.32346, 0.25333, 0.14183, -0.0603, -0.22816, 0.19402, -0.32346, 0.25333, -0.14183, 0.218, 0.333, 0.17913, -0.03325, 0.218, 0.333, 0.17913, 0.03325, 0.218, 0.333, 0.17913, -0.03325, 0.218, 0.333, 0.17913, 0.03325, 0.24619, 0.38379, 0.39899, 0.08176, -0.24619, -0.38379, -0.39899, -0.08176, 0.24619, 0.38379, 0.39899, 0.08176, -0.24619, -0.38379, -0.39899, -0.08176, 0.05137, -0.04156, -0.19806, -0.05112, -0.51381, -0.15257, 0.82514, 0.05137, 0.04156, -0.19806, 0.05112, -0.51381, 0.15257, 0.82514, 0.18246, 6.07534, -2.30189, -0.18246, -6.07534, -2.30189, -0.07716, -0.11242, -0.11954, 0.58509, -0.07716, -0.11242, -0.11954, 0.58509, -0.07716, -0.11242, -0.11954, 0.58509, -0.07716, -0.11242, -0.11954, 0.58509, -0.04597, -0.06149, 0.2355, 0.16763, 1.46368, 0.05581, 0.04597, 0.06149, 0.2355, 0.16763, -1.46368, 0.05581, -0.13726, -0.27079, 2.16435, 0.13726, 0.27079, -2.16435, -0.13726, -0.27079, 2.16435, 0.13726, 0.27079, -2.16435, 39.00451, -10.33342, -39.00451, -10.33342, -5.33796, 3.12903, 13.30385, -4.0012, 5.33796, 3.12903, -13.30385, -4.0012, -0.11865, 0.29962, -0.41204, 1.34411, -0.17319, -1.24118, 0.11865, 0.29962, 0.41204, -1.34411, -0.17319, 1.24118, -0.14968, -0.50535, 1.00327, -0.51054, 0.13594, -0.14968, -0.50535, 1.00327, -0.51054, -0.14968, -0.50535, 1.00327, -0.51054, 0.13594, -0.14968, -0.50535, 1.00327, -0.51054, 0.59294, 0.59294, 0.59294, 0.59294, 5.70446, -4.05532, 5.72151, -0.98149, 0.56762, -5.70446, -4.05532, -5.72151, -0.98149, -0.56762, -0.47876, 2.00367, -1.51247, -0.25434, 0.18685, 0.47876, -2.00367, 1.51247, -0.25434, -0.47876, 2.00367, -1.51247, -0.25434, 0.18685, 0.47876, -2.00367, 1.51247, -0.25434, -0.99139, -0.24042, 1.65465, 0.46705, -0.72473, 0.19538, -0.28176, 0.14202, -0.99139, 0.24042, 1.65465, -0.46705, -0.72473, -0.19538, -0.28176, 0.0868, 0.32512, -0.12956, 0.61962, 0.0868, 0.32512, -0.12956, -0.03403, -0.61962, 0.0868, 0.32512, -0.12956, 0.03403, 0.61962, 0.0868, 0.32512, -0.12956, -0.61962, 1.25337, -11.08135, 4.45863, 21.91402, -5.78045, -1.25337, 11.08135, 4.45863, -21.91402, -5.78045, 0.88941, -0.88941, 0.88941, -0.88941, -0.47285, -1.7899, 0.54137, 1.86966, 0.47285, 1.7899, -0.54137, 1.86966, -0.47285, -1.7899, 0.54137, 1.86966, 0.47285, 1.7899, -0.54137, 1.86966, 1.81007, -0.58444, -0.77419, 1.55922, -0.48691, -1.43784, 1.81007, 0.58444, -0.77419, -1.55922, 0.48691, -1.43784, -1.42603, 10.80172, -5.43065, -4.10697, 1.34251, 1.82736, -1.42603, -10.80172, -5.43065, 4.10697, 1.34251, -1.82736, 0.49187, 0.58856, -0.76616, -0.26579, 0.88246, -0.4374, -0.29562, 0.54955, -0.49187, 0.58856, 0.76616, -0.26579, -0.88246, 0.4374, -0.29562, -0.54955], [0, 1, 34, 35, 0, 1, 5, 9, 34, 35, 39, 43, 0, 1, 4, 5, 8, 9, 12, 22, 34, 35, 38, 39, 42, 43, 46, 56, 1, 4, 5, 8, 9, 13, 16, 34, 35, 38, 39, 42, 43, 47, 50, 0, 1, 4, 5, 8, 9, 12, 35, 38, 39, 42, 43, 46, 2, 6, 10, 23, 36, 40, 44, 57, 3, 7, 11, 24, 37, 41, 45, 58, 2, 6, 10, 14, 36, 40, 44, 48, 3, 7, 11, 15, 37, 41, 45, 49, 1, 4, 5, 8, 9, 12, 13, 35, 38, 39, 42, 43, 46, 47, 5, 13, 16, 39, 47, 50, 3, 7, 11, 15, 37, 41, 45, 49, 2, 6, 10, 14, 36, 40, 44, 48, 4, 8, 9, 13, 16, 22, 38, 42, 43, 47, 50, 56, 6, 10, 14, 40, 44, 48, 7, 11, 15, 41, 45, 49, 13, 16, 47, 50, 9, 12, 13, 16, 43, 46, 47, 50, 4, 5, 8, 12, 13, 16, 38, 39, 42, 46, 47, 50, 2, 6, 10, 14, 23, 36, 40, 44, 48, 3, 7, 11, 15, 24, 37, 41, 45, 49, 26, 60, 25, 59, 9, 12, 13, 16, 22, 43, 46, 47, 50, 56, 7, 11, 15, 24, 37, 41, 45, 49, 58, 6, 10, 14, 23, 36, 40, 44, 48, 57, 5, 8, 9, 12, 13, 16, 22, 35, 39, 42, 43, 46, 47, 50, 56, 3, 7, 11, 24, 37, 41, 45, 53, 58, 2, 6, 10, 18, 23, 36, 40, 44, 57, 5, 9, 12, 13, 16, 39, 43, 46, 47, 50, 26, 60, 25, 59, 7, 11, 15, 24, 41, 45, 49, 58, 6, 10, 14, 23, 40, 44, 48, 57, 5, 8, 9, 12, 16, 22, 39, 42, 43, 46, 50, 56, 8, 9, 12, 13, 16, 22, 42, 43, 46, 47, 50, 56, 4, 5, 8, 9, 12, 16, 22, 27, 38, 39, 42, 43, 46, 50, 56, 61], [0, 4, 12, 28, 43, 56, 64, 72, 80, 88, 102, 108, 116, 124, 136, 142, 148, 152, 160, 172, 181, 190, 192, 194, 204, 213, 222, 237, 246, 255, 265, 267, 269, 277, 285, 297, 309, 325]], [[0.39436, 0.32961, 0.39436, 0.32961, 0.39456, 0.32906, 0.01296, -0.39456, -0.32906, -0.01275, -0.01296, -0.09107, -0.14339, -0.11246, 0.39278, -0.14286, 0.15603, -0.03994, -0.09107, -0.14339, 0.11246, 0.39278, 0.14286, 0.15603, 0.03994, 0.01909, -0.14376, 0.09159, 0.4426, 0.12232, 0.5322, -0.40354, 0.10638, 0.08795, 0.14376, 0.09159, -0.4426, 0.12232, -0.5322, 0.40354, 0.10638, 0.21673, 0.32897, 0.18118, -0.03992, 0.21673, 0.32897, 0.18118, 0.03992, 0.21673, 0.32897, 0.18118, -0.03992, 0.21673, 0.32897, 0.18118, 0.03992, -0.03209, -0.05206, 0.2204, 0.15491, 0.31043, 0.27386, 0.16781, -0.03209, -0.05206, -0.2204, 0.15491, -0.31043, 0.27386, -0.16781, 0.24636, 0.38147, 0.41256, 0.09031, -0.24636, -0.38147, -0.41256, -0.09031, 0.24636, 0.38147, 0.41256, 0.09031, -0.24636, -0.38147, -0.41256, -0.09031, 0.05219, -0.04828, -0.19287, -0.05516, -0.56861, -0.1852, 0.83639, 0.05219, -0.19287, 0.05516, -0.56861, 0.1852, 0.83639, -0.0765, -0.11122, -0.12435, 0.58745, -0.0765, -0.11122, -0.12435, 0.58745, -0.0765, -0.11122, -0.12435, 0.58745, -0.0765, -0.11122, -0.12435, 0.58745, 0.17965, 6.51033, -2.43085, -6.51033, 