{"molecule": {"atoms_masses": [14.003074, 14.003074], "nb_atoms": 2, "starting_geometry": [[0.0, 0.0, 0.5448], [0.0, 0.0, -0.5448]], "atoms_Z": [7, 7], "atoms_Zeff": [-4.55, -4.55], "multiplicity": 1, "chirality": false, "nuclear_spins": [2.0, 2.0], "nuclear_QMom": [2.044, 2.044], "connectivity": {"bond_orders": [3, 3], "atom_pairs": [[0, 1], [1, 0]]}, "charge": 0, "can": "N#N", "smi": "N#N", "starting_nuclear_repulsion": 23.79743, "inchi": "InChI=1S/N2/c1-2", "formula": "N2", "nuclear_gfactors": [0.403761, 0.403761], "starting_energy": -109.43910904, "nb_heavy_atoms": 2, "atoms_valence": [1, 1], "monoisotopic_mass": 28.00614801}, "results": {"geometry": {"nuclear_repulsion_energy_from_xyz": 23.79743, "elements_3D_coords_converged": [0.0, 0.0, 0.5448, 0.0, 0.0, -0.5448]}, "excited_states": {"et_oscs": [0.0, 0.0, 0.0, 0.0, 0.0, 0.0, 0.361, 0.0529, 0.0529, 0.1654], "et_rot": [0.0, 0.0, 0.0, 0.0, 0.0, 0.0, 0.0, 0.0, 0.0, 0.0], "et_transitions": [[[[6, 0], [8, 0], 0.9968084294386761]], [[[6, 0], [7, 0], 0.9968084294386761]], [[[4, 0], [8, 0], -0.7040520798918217], [[5, 0], [7, 0], 0.7040520798918217]], [[[4, 0], [7, 0], -0.7051834507417202], [[5, 0], [8, 0], 0.7051834507417202]], [[[4, 0], [8, 0], 0.7051834507417202], [[5, 0], [7, 0], 0.7051834507417202]], [[[6, 0], [9, 0], 0.983147126426152]], [[[4, 0], [7, 0], -0.15682214193155253], [[5, 0], [8, 0], -0.15682214193155253], [[6, 0], [10, 0], 0.9642815175040949]], [[[3, 0], [7, 0], -0.2040993013216851], [[6, 0], [12, 0], 0.9740961596269643]], [[[3, 0], [8, 0], -0.20408515918606135], [[6, 0], [11, 0], 0.9740961596269643]], [[[3, 0], [7, 0], 0.2790950465343303], [[4, 0], [9, 0], 0.9577902772528024]]], "et_energies": [76110.508692585, 76110.508692585, 76918.676230443, 81081.30363851199, 81081.30363851199, 105898.17686441299, 106945.891067684, 108774.349958227, 108774.349958227, 110704.434706824], "et_sym": ["Singlet-?Sym", "Singlet-?Sym", "Singlet-?Sym", "Singlet-?Sym", "Singlet-?Sym", "Singlet-SGG", "Singlet-SGU", "Singlet-?Sym", "Singlet-?Sym", "Singlet-?Sym"]}, "freq": {}, "wavefunction": {"Mulliken_partial_charges": [0.0, 0.0], "MO_number": 68, "homo_indexes": [6], "SCF_values": [0.0, 0.0, null], "MO_number_kept": 37, "total_molecular_energy": -109.43910904, "MO_energies": [[-394.088883986625, -394.035549671927, -31.648745610103504, -15.616885994045502, -13.275890538194, -13.275890538194, -12.2345108323305, -0.5434113594485, -0.5434113594485, 2.0988141289065, 2.474603356447, 2.8324330698545, 2.8324330698545, 4.2066080148795, 5.0395485112600005, 5.0395485112600005, 7.4134697430220005, 13.848418079646, 18.2803363627395, 19.4743719387335, 19.4743719387335, 22.1568702769625, 22.1568702769625, 22.216463210222003, 22.216463210222003, 23.7650631334175, 24.1340495146955, 29.7602754876335, 29.7602754876335, 32.2169193299475, 34.0308302573805, 34.031102371231, 47.3937972277345, 47.3937972277345, 49.372609148570504, 54.958562271634506, 87.2345303071405]], "virial_ratio": [2.0026], "MO_sym": [["sigma.g", "sigma.u", "sigma.g", "sigma.u", "pi.u", "pi.u", "sigma.g", "pi.g", "pi.g", "sigma.g", "sigma.u", "pi.u", "pi.u", "sigma.g", "pi.g", "pi.g", "sigma.u", "sigma.u", "sigma.g", "pi.u", "pi.u", "pi.g", "pi.g", "delta.g", "delta.g", "sigma.u", "sigma.g", "pi.u", "pi.u", "sigma.u", "delta.u", "delta.u", "pi.g", "pi.g", "sigma.g", "sigma.u", "sigma.g"]]}}, "comp_details": {"geometry": {}, "excited_states": {"nb_et_states": 10}, "freq": {}, "general": {"scf_targets": [[1e-08, 1e-06, 1e-06]], "list_theory": ["DFT"], "solvent": "Gas", "package": "Gaussian", "integration_grid": "Default", "package_version": "09revisionD.01", "basis_set_size": 68, "job_type": ["TD"], "functional": "PBE1PBE", "is_closed_shell": "True", "core_electrons_per_atoms": [0, 0], "basis_set_md5": "8f54b668e806199bfe76ef6623225561", "basis_set": "(lp0\n(lp1\n(VS\np2\n(lp3\n(F6293.48\nF0.001969788147\ntp4\na(F949.044\nF0.01496128592\ntp5\na(F218.776\nF0.07350053084\ntp6\na(F63.6916\nF0.2489367658\ntp7\na(F18.8282\nF0.6024594331\ntp8\na(F2.72023\nF0.2562017589\ntp9\natp10\na(g2\n(lp11\n(F30.6331\nF0.1119060795\ntp12\na(F7.02614\nF0.9216666549\ntp13\na(F2.11205\nF-0.002569191826\ntp14\natp15\na(VP\np16\n(lp17\n(F30.6331\nF0.03831191864\ntp18\na(F7.02614\nF0.2374031155\ntp19\na(F2.11205\nF0.8175923978\ntp20\natp21\na(g2\n(lp22\n(F0.684009\nF1.0\ntp23\natp24\na(g16\n(lp25\n(F0.684009\nF1.0\ntp26\natp27\na(g2\n(lp28\n(F0.200878\nF1.0\ntp29\natp30\na(g16\n(lp31\n(F0.200878\nF1.0\ntp32\natp33\na(g2\n(lp34\n(F0.0639\nF1.0\ntp35\natp36\na(g16\n(lp37\n(F0.0639\nF1.0\ntp38\natp39\na(VD\np40\n(lp41\n(F1.826\nF1.0\ntp42\natp43\na(g40\n(lp44\n(F0.4565\nF1.0\ntp45\natp46\na(VF\np47\n(lp48\n(F1.0\nF1.0\ntp49\natp50\naa(lp51\n(g2\n(lp52\n(F6293.48\nF0.001969788147\ntp53\na(F949.044\nF0.01496128592\ntp54\na(F218.776\nF0.07350053084\ntp55\na(F63.6916\nF0.2489367658\ntp56\na(F18.8282\nF0.6024594331\ntp57\na(F2.72023\nF0.2562017589\ntp58\natp59\na(g2\n(lp60\n(F30.6331\nF0.1119060795\ntp61\na(F7.02614\nF0.9216666549\ntp62\na(F2.11205\nF-0.002569191826\ntp63\natp64\na(g16\n(lp65\n(F30.6331\nF0.03831191864\ntp66\na(F7.02614\nF0.2374031155\ntp67\na(F2.11205\nF0.8175923978\ntp68\natp69\na(g2\n(lp70\n(F0.684009\nF1.0\ntp71\natp72\na(g16\n(lp73\n(F0.684009\nF1.0\ntp74\natp75\na(g2\n(lp76\n(F0.200878\nF1.0\ntp77\natp78\na(g16\n(lp79\n(F0.200878\nF1.0\ntp80\natp81\na(g2\n(lp82\n(F0.0639\nF1.0\ntp83\natp84\na(g16\n(lp85\n(F0.0639\nF1.0\ntp86\natp87\na(g40\n(lp88\n(F1.826\nF1.0\ntp89\natp90\na(g40\n(lp91\n(F0.4565\nF1.0\ntp92\natp93\na(g47\n(lp94\n(F1.0\nF1.0\ntp95\natp96\naa.", "last_theory": "DFT", "all_unique_theory": ["DFT"]}}, "metadata": {"archivable_for_new_entry": "False", "archivable": "True", "parser_version": "v7.1", "log_file": "TD.log"}}
