{"molecule": {"atoms_masses": [1.007825, 1.007825], "nb_atoms": 2, "starting_geometry": [[2.136109, 0.0, 0.0], [2.863891, 0.0, 0.0]], "atoms_Z": [1, 1], "atoms_Zeff": [-1.0, -1.0], "multiplicity": 1, "chirality": false, "nuclear_spins": [1.0, 1.0], "nuclear_QMom": [0.0, 0.0], "connectivity": {"bond_orders": [], "atom_pairs": []}, "charge": 0, "can": "[H].[H]", "smi": "[H].[H]", "starting_nuclear_repulsion": 0.72711, "inchi": "InChI=1S/2H2/h2*1H", "formula": "H2", "nuclear_gfactors": [2.792846, 2.792846], "starting_energy": -1.15446321966, "nb_heavy_atoms": 0, "atoms_valence": [0, 0], "monoisotopic_mass": 2.015650064}, "results": {"geometry": {"geometric_values": [[0.672032, 0.672032, 0.15, 0.212132], [0.410391, 0.410391, 0.504538, 0.713524], [0.651756, 0.651756, 0.252269, 0.356762], [0.047024, 0.047024, 0.098204, 0.138882], [0.02807, 0.02807, 0.090535, 0.128036], [0.044969, 0.044969, 0.006755, 0.009553], [0.043261, 0.043261, 0.006214, 0.008788], [0.044828, 0.044828, 0.000496, 0.000701], [0.0447, 0.0447, 0.000456, 0.000645], [0.044818, 0.044818, 3.7e-05, 5.2e-05], [0.044809, 0.044809, 3.4e-05, 4.8e-05], [0.044817, 0.044817, 3e-06, 4e-06], [0.044817, 0.044817, 0.025, 0.035355], [0.038957, 0.038957, 0.023042, 0.032586], [0.044314, 0.044314, 0.001783, 0.002522], [0.043864, 0.043864, 0.001642, 0.002323], [0.044279, 0.044279, 0.00013, 0.000183], [0.044246, 0.044246, 0.000119, 0.000169], [0.044276, 0.044276, 9e-06, 1.3e-05], [0.044274, 0.044274, 0.025, 0.035355]], "nuclear_repulsion_energy_from_xyz": 0.31156, "elements_3D_coords_converged": [1.650758, 0.0, 0.0, 3.349242, 0.0, 0.0], "OPT_DONE": false}, "excited_states": {"et_oscs": [0.0, 0.0, 0.0, -0.0, -0.0, -0.0, -0.0, -0.0, -0.0, -0.0, -0.0, -0.0, -0.0, -0.0, -0.0, -0.0, -0.0, -0.0, -0.0, -0.0], "et_rot": [0.0], "et_transitions": [[[[0, 0], [1, 0], 1.0055199849828944]], [[[0, 0], [1, 0], 1.010172747603102]], [[[0, 0], [1, 0], 1.5182289698856364]], [[[0, 0], [1, 0], 1.0150942108001602]], [[[0, 0], [1, 0], 1.0020410196194567]], [[[0, 0], [1, 0], 1.0134537230678076]], [[[0, 0], [1, 0], 1.012110220183553]], [[[0, 0], [1, 0], 1.0133405859828175]], [[[0, 0], [1, 0], 1.0132415910334516]], [[[0, 0], [1, 0], 1.0133264438471938]], [[[0, 0], [1, 0], 1.0133264438471938]], [[[0, 0], [1, 0], 1.0133264438471938]], [[[0, 0], [1, 0], 1.0133264438471938]], [[[0, 0], [1, 0], 1.0088716711257186]], [[[0, 0], [1, 0], 1.0129304640497294]], [[[0, 0], [1, 0], 1.012576910659136]], [[[0, 0], [1, 0], 1.012902179778482]], [[[0, 0], [1, 0], 1.0128738955072345]], [[[0, 0], [1, 0], 1.012902179778482]], [[[0, 0], [1, 0], 1.012902179778482]]], "et_energies": [136285.114976988, 97876.186513579, 8101.839239304999, -26888.104999573, -28489.922095567003, -27071.999409385, -27225.244750895, -27084.904280248997, -27096.196042255, -27085.710834678, -27086.517389106997, -27085.710834678, -27085.710834678, -27605.938441382998, -27130.877882702, -27171.205604151997, -27134.104100417997, -27136.523763705, -27134.104100417997, -27134.104100417997], "et_sym": ["Triplet-?Sym", "Triplet-?Sym", "Triplet-?Sym", "Triplet-?Sym", "Triplet-?Sym", "Triplet-?Sym", "Triplet-?Sym", "Triplet-?Sym", "Triplet-?Sym", "Triplet-?Sym", "Triplet-?Sym", "Triplet-?Sym", "Triplet-?Sym", "Triplet-?Sym", "Triplet-?Sym", "Triplet-?Sym", "Triplet-?Sym", "Triplet-?Sym", "Triplet-?Sym", "Triplet-?Sym"]}, "freq": {}, "wavefunction": {"Mulliken_partial_charges": [0.0, 0.0], "MO_number": 2, "homo_indexes": [0], "SCF_values": [0.0, 0.0, null], "MO_number_kept": 2, "total_molecular_energy": -0.9417838767440001, "MO_energies": [[-6.2409311612175005, 0.433205249996]], "virial_ratio": [1.9586, 1.9691, 1.8325, 1.7442, 1.7141, 1.7417, 1.7396, 1.7416, 1.7414, 1.7415, 1.7415, 1.7415, 1.7415, 1.7337, 1.7409, 1.7404, 1.7409, 1.7408, 1.7409, 1.7409]}}, "comp_details": {"geometry": {"geometric_targets": [0.00045, 0.0003, 0.0018, 0.0012]}, "excited_states": {"nb_et_states": 20}, "freq": {}, "general": {"scf_targets": [[1e-08, 1e-06, 1e-06], [1e-08, 1e-06, 1e-06], [1e-08, 1e-06, 1e-06], [1e-08, 1e-06, 1e-06], [1e-08, 1e-06, 1e-06], [1e-08, 1e-06, 1e-06], [1e-08, 1e-06, 1e-06], [1e-08, 1e-06, 1e-06], [1e-08, 1e-06, 1e-06], [1e-08, 1e-06, 1e-06], [1e-08, 1e-06, 1e-06], [1e-08, 1e-06, 1e-06], [1e-08, 1e-06, 1e-06], [1e-08, 1e-06, 1e-06], [1e-08, 1e-06, 1e-06], [1e-08, 1e-06, 1e-06], [1e-08, 1e-06, 1e-06], [1e-08, 1e-06, 1e-06], [1e-08, 1e-06, 1e-06], [1e-08, 1e-06, 1e-06]], "list_theory": ["DFT"], "solvent": "Gas", "package": "Gaussian", "integration_grid": "Default", "package_version": "09revisionD.01", "basis_set_size": 2, "job_type": ["OPT_ES"], "functional": "PBE1PBE", "is_closed_shell": "True", "core_electrons_per_atoms": [0, 0], "basis_set_md5": "b780392564af19c34338d9da04fefb00", "basis_set": "(lp0\n(lp1\n(VS\np2\n(lp3\n(F3.425250914\nF0.1543289673\ntp4\na(F0.6239137298\nF0.5353281423\ntp5\na(F0.168855404\nF0.4446345422\ntp6\natp7\naa(lp8\n(g2\n(lp9\n(F3.425250914\nF0.1543289673\ntp10\na(F0.6239137298\nF0.5353281423\ntp11\na(F0.168855404\nF0.4446345422\ntp12\natp13\naa.", "last_theory": "DFT", "all_unique_theory": ["DFT"]}}, "metadata": {"archivable_for_new_entry": "False", "archivable": "True", "parser_version": "v7.1", "log_file": "OPT_ET1.log"}}
