{"molecule": {"atoms_masses": [1.007825, 1.007825], "nb_atoms": 2, "starting_geometry": [[2.136109, 0.0, 0.0], [2.863891, 0.0, 0.0]], "atoms_Z": [1, 1], "atoms_Zeff": [-1.0, -1.0], "multiplicity": 1, "chirality": false, "nuclear_spins": [1.0, 1.0], "nuclear_QMom": [0.0, 0.0], "connectivity": {"bond_orders": [], "atom_pairs": []}, "charge": 0, "can": "[H].[H]", "smi": "[H].[H]", "starting_nuclear_repulsion": 0.72711, "inchi": "InChI=1S/2H2/h2*1H", "formula": "H2", "nuclear_gfactors": [2.792846, 2.792846], "starting_energy": -1.15446321966, "nb_heavy_atoms": 0, "atoms_valence": [0, 0], "monoisotopic_mass": 2.015650064}, "results": {"geometry": {"geometric_values": [[0.638027, 0.638027, 0.15, 0.212132], [0.370233, 0.370233, 0.504538, 0.713524], [0.080846, 0.080846, 0.504538, 0.713524], [0.041581, 0.041581, 0.504538, 0.713524], [0.040881, 0.040881, 0.252269, 0.356762], [0.04063, 0.04063, 0.424264, 0.6], [0.036739, 0.036739, 0.951565, 1.345716], [0.019014, 0.019014, 0.899637, 1.272278], [0.00704, 0.00704, 1.411247, 1.995804], [0.000287, 0.000287, 0.250416, 0.354142], [4.3e-05, 4.3e-05, 0.03293, 0.04657], [8e-06, 8e-06, 0.007441, 0.010523], [0.0, 0.0, 0.000273, 0.000387]], "nuclear_repulsion_energy_from_xyz": 0.07692, "elements_3D_coords_converged": [-0.939807, 0.0, 0.0, 5.939807, 0.0, 0.0], "OPT_DONE": true}, "excited_states": {"et_oscs": [0.872, 0.8158, 0.6842, 0.5278, 0.3536, 0.2731, 0.1608, 0.033, 0.0046, 0.0001, 0.0, 0.0, 0.0], "et_rot": [0.0], "et_transitions": [[[[0, 0], [1, 0], 1.0059018226447352]], [[[0, 0], [1, 0], 1.010116179060607]], [[[0, 0], [1, 0], 1.043703751166968]], [[[0, 0], [1, 0], 1.1242007871372446]], [[[0, 0], [1, 0], 1.2691859615517342]], [[[0, 0], [1, 0], 1.3726215415037024]], [[[0, 0], [1, 0], 1.6097851559136704]], [[[0, 0], [1, 0], 2.5850833970686518]], [[[0, 0], [1, 0], 4.612683807849829]], [[[0, 0], [1, 0], 15.224518115828822]], [[[0, 0], [1, 0], 19.552506591437325]], [[[0, 0], [1, 0], 18.90722922719773]], [[[0, 0], [1, 0], 18.764916916416126]]], "et_energies": [208920.180635012, 172951.885873757, 103380.113937075, 67203.728133138, 44161.274651037, 35444.84093683399, 23805.453971935, 8466.401841213, 2618.882230963, 244.385991987, 149.21256936499998, 158.89122251299997, 161.3108858], "et_sym": ["Singlet-?Sym", "Singlet-?Sym", "Singlet-?Sym", "Singlet-?Sym", "Singlet-?Sym", "Singlet-?Sym", "Singlet-?Sym", "Singlet-?Sym", "Singlet-?Sym", "Singlet-?Sym", "Singlet-?Sym", "Singlet-?Sym", "Singlet-?Sym"]}, "freq": {}, "wavefunction": {"Mulliken_partial_charges": [0.0, 0.0], "MO_number": 2, "homo_indexes": [0], "SCF_values": [0.0, 0.0, null], "MO_number_kept": 2, "total_molecular_energy": -0.767947084114, "MO_energies": [[-3.268087344505, -2.7448124099935]], "virial_ratio": [1.9586, 1.9691, 1.8325, 1.6728, 1.5826, 1.5567, 1.5307, 1.5113, 1.5075, 1.5054, 1.5052, 1.5052, 1.5052]}}, "comp_details": {"geometry": {"geometric_targets": [0.00045, 0.0003, 0.0018, 0.0012]}, "excited_states": {"nb_et_states": 13}, "freq": {}, "general": {"scf_targets": [[1e-08, 1e-06, 1e-06], [1e-08, 1e-06, 1e-06], [1e-08, 1e-06, 1e-06], [1e-08, 1e-06, 1e-06], [1e-08, 1e-06, 1e-06], [1e-08, 1e-06, 1e-06], [1e-08, 1e-06, 1e-06], [1e-08, 1e-06, 1e-06], [1e-08, 1e-06, 1e-06], [1e-08, 1e-06, 1e-06], [1e-08, 1e-06, 1e-06], [1e-08, 1e-06, 1e-06], [1e-08, 1e-06, 1e-06]], "list_theory": ["DFT"], "solvent": "Gas", "package": "Gaussian", "integration_grid": "Default", "package_version": "09revisionD.01", "basis_set_size": 2, "job_type": ["OPT_ES"], "functional": "PBE1PBE", "is_closed_shell": "True", "core_electrons_per_atoms": [0, 0], "basis_set_md5": "b780392564af19c34338d9da04fefb00", "basis_set": "(lp0\n(lp1\n(VS\np2\n(lp3\n(F3.425250914\nF0.1543289673\ntp4\na(F0.6239137298\nF0.5353281423\ntp5\na(F0.168855404\nF0.4446345422\ntp6\natp7\naa(lp8\n(g2\n(lp9\n(F3.425250914\nF0.1543289673\ntp10\na(F0.6239137298\nF0.5353281423\ntp11\na(F0.168855404\nF0.4446345422\ntp12\natp13\naa.", "last_theory": "DFT", "all_unique_theory": ["DFT"]}}, "metadata": {"archivable_for_new_entry": "False", "archivable": "True", "parser_version": "v7.1", "log_file": "OPT_ES1.log"}}
