{"molecule": {"atoms_masses": [19.9924391], "nb_atoms": 1, "starting_geometry": [[0.0, 0.0, 0.0]], "atoms_Z": [10], "atoms_Zeff": [0.0], "multiplicity": 1, "chirality": false, "nuclear_spins": [0.0], "nuclear_QMom": [0.0], "connectivity": {"bond_orders": [], "atom_pairs": []}, "charge": 0, "can": "[Ne]", "smi": "[Ne]", "starting_nuclear_repulsion": 0.0, "inchi": "InChI=1S/Ne", "formula": "Ne", "nuclear_gfactors": [0.0], "starting_energy": -128.851276864, "nb_heavy_atoms": 1, "atoms_valence": [0], "monoisotopic_mass": 19.992440175}, "results": {"geometry": {"geometric_values": [[0.0, 0.0, 0.0, 0.0]], "nuclear_repulsion_energy_from_xyz": 0.0, "elements_3D_coords_converged": [0.0, 0.0, 0.0], "OPT_DONE": true}, "excited_states": {}, "freq": {}, "wavefunction": {"Mulliken_partial_charges": [0.0], "MO_number": 39, "homo_indexes": [4], "SCF_values": [2.03e-10, 2.14e-09, -9.29e-12], "MO_number_kept": 35, "total_molecular_energy": -128.851276864, "MO_energies": [[-845.288478688489, -40.612992187125, -16.0397509177225, -16.0397509177225, -16.0397509177225, 4.595458707244, 6.9495156279195, 6.9495156279195, 6.9495156279195, 37.912534334763, 37.912534334763, 37.912534334763, 37.912534334763, 37.912534334763, 41.4709671577515, 41.4709671577515, 41.4709671577515, 51.194411377668, 160.320228843683, 160.320228843683, 160.320228843683, 160.320228843683, 160.320228843683, 209.8914811031185, 209.8914811031185, 209.8914811031185, 242.29316573755548, 242.29316573755548, 242.29316573755548, 242.29316573755548, 242.29316573755548, 242.29316573755548, 242.29316573755548, 689.3620721888295, 689.3620721888295]], "MO_coefs": [[[0.54489, 0.4743, -0.13075, -0.21495, 0.65656, 0.47622, 0.33371, 0.47874, 0.38573, 0.33371, 0.47874, 0.38573, 0.33371, 0.47874, 0.38573, -0.162, -0.8942, 1.54265, -0.12407, -0.12725, -0.43409, 1.22062, -0.12407, -0.12725, -0.43409, 1.22062, -0.12407, -0.12725, -0.43409, 1.22062, 0.99898, 0.99898, 0.99898, 0.85569, -0.51552, 0.51552, 0.85569, -0.26567, -0.77297, 1.61687, -0.79659, -0.26567, -0.77297, 1.61687, -0.79659, -0.26567, -0.77297, 1.61687, -0.79659, 0.24007, -1.73063, 2.44052, -1.11551, 1.12279, -0.52185, 1.12279, -0.52185, 1.12279, -0.52185, 0.19805, 1.10519, -0.09205, -0.51367, 1.10519, -0.19805, -0.51367, 0.09205, -1.24906, 1.47882, -0.81654, 0.30193, -1.24906, 1.47882, -0.81654, 0.30193, -1.24906, 1.47882, -0.81654, 0.30193, 1.0, 0.78974, -0.61344, 0.79265, 0.60967, 1.0, 1.0, -0.60967, 0.79265, 0.61344, 0.78974, 1.14237, -0.61852, 0.1871, 1.14237, -0.61852, 0.1871], [0, 1, 0, 1, 5, 9, 3, 7, 11, 2, 6, 10, 4, 8, 12, 5, 9, 13, 4, 8, 12, 16, 3, 7, 11, 15, 2, 6, 10, 14, 28, 31, 29, 27, 30, 27, 30, 3, 7, 11, 15, 4, 8, 12, 16, 2, 6, 10, 14, 1, 5, 9, 13, 26, 31, 23, 28, 24, 29, 22, 25, 27, 30, 22, 25, 27, 30, 2, 6, 10, 14, 3, 7, 11, 15, 4, 8, 12, 16, 36, 34, 38, 33, 37, 35, 32, 33, 37, 34, 38, 19, 24, 29, 21, 26, 31], [0, 2, 6, 9, 12, 15, 18, 22, 26, 30, 31, 32, 33, 35, 37, 41, 45, 49, 53, 55, 57, 59, 63, 67, 71, 75, 79, 80, 82, 84, 85, 86, 88, 90, 93, 96]]], "virial_ratio": [2.0019], "MO_sym": [["A1g", "A1g", "T1u", "T1u", "T1u", "A1g", "T1u", "T1u", "T1u", "T2g", "T2g", "T2g", "Eg", "Eg", "T1u", "T1u", "T1u", "A1g", "T2g", "T2g", "T2g", "Eg", "Eg", "T1u", "T1u", "T1u", "A2u", "T2u", "T2u", "T2u", "T1u", "T1u", "T1u", "T2g", "T2g"]]}}, "comp_details": {"geometry": {"geometric_targets": [0.00045, 0.0003, 0.0018, 0.0012]}, "excited_states": {}, "freq": {}, "general": {"scf_targets": [[1e-08, 1e-06, 1e-06]], "list_theory": ["DFT"], "solvent": "Gas", "package": "Gaussian", "integration_grid": "Default", "package_version": "09revisionD.01", "basis_set_size": 39, "job_type": ["OPT"], "functional": "PBE1PBE", "is_closed_shell": "True", "core_electrons_per_atoms": [0], "basis_set_md5": "02a38ff43ea0c38967983229a70ecab9", "basis_set": "(lp0\n(lp1\n(VS\np2\n(lp3\n(F13995.7\nF0.001832760156\ntp4\na(F2117.1\nF0.01388270118\ntp5\na(F490.425\nF0.06806870579\ntp6\na(F143.833\nF0.2313280197\ntp7\na(F41.9265\nF0.5858900499\ntp8\na(F6.15684\nF0.305883026\ntp9\natp10\na(g2\n(lp11\n(F69.1211\nF0.1191490559\ntp12\na(F15.835\nF0.9173754306\ntp13\na(F4.67326\nF-0.004058391905\ntp14\natp15\na(VP\np16\n(lp17\n(F69.1211\nF0.03565740367\ntp18\na(F15.835\nF0.2394770247\ntp19\na(F4.67326\nF0.8184610843\ntp20\natp21\na(g2\n(lp22\n(F1.45756\nF1.0\ntp23\natp24\na(g16\n(lp25\n(F1.45756\nF1.0\ntp26\natp27\na(g2\n(lp28\n(F0.397057\nF1.0\ntp29\natp30\na(g16\n(lp31\n(F0.397057\nF1.0\ntp32\natp33\na(g2\n(lp34\n(F0.13\nF1.0\ntp35\natp36\na(g16\n(lp37\n(F0.13\nF1.0\ntp38\natp39\na(VD\np40\n(lp41\n(F9.216\nF1.0\ntp42\natp43\na(g40\n(lp44\n(F2.304\nF1.0\ntp45\natp46\na(g40\n(lp47\n(F0.576\nF1.0\ntp48\natp49\na(VF\np50\n(lp51\n(F2.5\nF1.0\ntp52\natp53\naa.", "last_theory": "DFT", "basis_set_name": "6-311++G(3df,3pd)", "all_unique_theory": ["DFT"]}}, "metadata": {"archivable_for_new_entry": "True", "archivable": "True", "parser_version": "v7.1", "log_file": "OPT.log"}}
