{"molecule": {"atoms_masses": [19.9924391], "nb_atoms": 1, "starting_geometry": [[0.0, 0.0, 0.0]], "atoms_Z": [10], "atoms_Zeff": [-8.0], "multiplicity": 2, "chirality": false, "nuclear_spins": [0.0], "nuclear_QMom": [0.0], "connectivity": {"bond_orders": [], "atom_pairs": []}, "charge": -1, "can": "[Ne]", "smi": "[Ne]", "starting_nuclear_repulsion": 0.0, "inchi": "InChI=1S/Ne", "formula": "Ne-", "nuclear_gfactors": [0.0], "starting_energy": -128.603017229, "nb_heavy_atoms": 1, "atoms_valence": [0], "monoisotopic_mass": 19.992440175}, "results": {"geometry": {"nuclear_repulsion_energy_from_xyz": 0.0, "elements_3D_coords_converged": [0.0, 0.0, 0.0]}, "excited_states": {}, "freq": {}, "wavefunction": {"SCF_values": [2.3e-10, 4.89e-09, -2.56e-13], "MO_number": 39, "homo_indexes": [5, 4], "virial_ratio": [1.9971], "MO_number_kept": 36, "total_molecular_energy": -128.603017229, "MO_energies": [[-836.070894116652, -31.3559511069655, -6.788152114573, -6.788152114573, -6.788152114573, 9.048329756826, 12.6094837183195, 12.6094837183195, 12.6094837183195, 46.858549283801004, 46.858549283801004, 46.858549283801004, 46.858549283801004, 46.858549283801004, 49.895884083082, 49.895884083082, 49.895884083082, 59.735793031012506, 169.554684474251, 169.554684474251, 169.554684474251, 169.554684474251, 169.554684474251, 219.070153394334, 219.070153394334, 219.070153394334, 251.7333394391015, 251.7333394391015, 251.7333394391015, 251.7333394391015, 251.7333394391015, 251.7333394391015, 251.7333394391015, 698.6368006692716, 698.6368006692716, 698.6368006692716], [-836.0058589063825, -31.162206045409498, -6.642843318406, -6.642843318406, -6.642843318406, 12.1599516372935, 14.039986230398, 14.039986230398, 14.039986230398, 47.302639087817, 47.302639087817, 47.302639087817, 47.302639087817, 47.302639087817, 50.406913894321, 50.406913894321, 50.406913894321, 60.229135441969, 169.70652400283, 169.70652400283, 169.70652400283, 169.70652400283, 169.70652400283, 219.15233177718497, 219.15233177718497, 219.15233177718497, 251.760278710301, 251.760278710301, 251.760278710301, 251.760278710301, 251.760278710301, 251.760278710301, 251.760278710301, 698.640338149328, 698.640338149328, 698.640338149328]], "MO_coefs": [[[0.54492, 0.47429, -0.13087, -0.21524, 0.66017, 0.46614, 0.33004, 0.47312, 0.37053, 0.09613, 0.33004, 0.47312, 0.37053, 0.09613, 0.33004, 0.47312, 0.37053, 0.09613, -0.13266, -0.94163, 1.56318, -0.13014, -0.12328, -0.48831, 1.23777, -0.13014, -0.12328, -0.48831, 1.23777, -0.13014, -0.12328, -0.48831, 1.23777, 0.97464, 0.22478, 1.00023, 1.00023, 1.00023, -0.22478, 0.97464, -0.26591, -0.7798, 1.60722, -0.76664, -0.26591, -0.7798, 1.60722, -0.76664, -0.26591, -0.7798, 1.60722, -0.76664, 0.24068, -1.73175, 2.42458, -1.08658, 1.12278, -0.51952, 1.09941, 0.22793, -0.50871, -0.10547, 1.12278, -0.51952, 1.12278, -0.51952, -0.22793, 1.09941, 0.10547, -0.50871, -1.24937, 1.47738, -0.81198, 0.29904, -1.24937, 1.47738, -0.81198, 0.29904, -1.24937, 1.47738, -0.81198, 0.29904, -0.54767, 0.8367, 1.0, 1.0, 0.90401, -0.4275, 0.8367, 0.54767, 0.4275, 0.90401, 1.0, 1.0577, 0.43159, -0.57269, -0.23368, 0.17307, 1.14237, -0.61853, 0.18693, 1.14237, -0.61853, 0.18693], [0, 1, 0, 1, 5, 9, 3, 7, 11, 15, 4, 8, 12, 16, 2, 6, 10, 14, 5, 9, 13, 3, 7, 11, 15, 2, 6, 10, 14, 4, 8, 12, 16, 27, 30, 28, 31, 29, 27, 30, 2, 6, 10, 14, 3, 7, 11, 15, 4, 8, 12, 16, 1, 5, 9, 13, 23, 28, 22, 25, 27, 30, 24, 29, 26, 31, 22, 25, 27, 30, 2, 6, 10, 14, 4, 8, 12, 16, 3, 7, 11, 15, 34, 38, 32, 36, 33, 37, 34, 38, 33, 37, 35, 17, 20, 22, 25, 27, 18, 23, 28, 19, 24, 29], [0, 2, 6, 10, 14, 18, 21, 25, 29, 33, 35, 36, 37, 38, 40, 44, 48, 52, 56, 58, 62, 64, 66, 70, 74, 78, 82, 84, 85, 86, 88, 90, 92, 93, 98, 101, 104]], [[0.54481, 0.47438, -0.13083, -0.21514, 0.65868, 0.47033, 0.33278, 0.47783, 0.37527, 0.07479, 0.33278, 0.47783, 0.37527, 0.07479, 0.33278, 0.47783, 0.37527, 0.07479, -0.13212, -0.93979, 1.56275, -0.12477, -0.11522, -0.47858, 1.23808, -0.12477, -0.11522, -0.47858, 1.23808, -0.12477, -0.11522, -0.47858, 1.23808, 0.99881, 0.99929, 0.99929, 0.99929, 0.99881, -0.26655, -0.77629, 1.60795, -0.76827, -0.26655, -0.77629, 1.60795, -0.76827, -0.26655, -0.77629, 1.60795, -0.76827, 0.24088, -1.73236, 2.42448, -1.0872, 1.12275, -0.52127, 1.12159, -0.52073, 1.12275, -0.52127, 1.12275, -0.52127, 1.12159, -0.52073, -1.24905, 1.47836, -0.81416, 0.29966, -1.24905, 1.47836, -0.81416, 0.29966, -1.24905, 1.47836, -0.81416, 0.29966, 0.99995, -0.57982, 0.81475, 1.0, 0.99995, 0.86743, 0.49756, -0.49756, 0.86743, 0.81475, 0.57982, 1.14237, -0.6186, 0.18708, 1.14237, -0.6186, 0.18708, 1.10034, -0.30703, -0.59584, 0.16626, 0.18019], [0, 1, 0, 1, 5, 9, 4, 8, 12, 16, 3, 7, 11, 15, 2, 6, 10, 14, 5, 9, 13, 3, 7, 11, 15, 2, 6, 10, 14, 4, 8, 12, 16, 27, 31, 29, 28, 30, 4, 8, 12, 16, 2, 6, 10, 14, 3, 7, 11, 15, 1, 5, 9, 13, 23, 28, 25, 30, 26, 31, 24, 29, 22, 27, 4, 8, 12, 16, 2, 6, 10, 14, 3, 7, 11, 15, 35, 33, 37, 36, 32, 34, 38, 34, 38, 33, 37, 18, 23, 28, 19, 24, 29, 17, 20, 22, 25, 27], [0, 2, 6, 10, 14, 18, 21, 25, 29, 33, 34, 35, 36, 37, 38, 42, 46, 50, 54, 56, 58, 60, 62, 64, 68, 72, 76, 77, 79, 80, 81, 83, 85, 87, 90, 93, 98]]], "MO_sym": [["A1g", "A1g", "T1u", "T1u", "T1u", "A1g", "T1u", "T1u", "T1u", "Eg", "T2g", "T2g", "T2g", "Eg", "T1u", "T1u", "T1u", "A1g", "T2g", "Eg", "T2g", "T2g", "Eg", "T1u", "T1u", "T1u", "?A", "?A", "A2u", "?A", "?A", "?A", "?A", "Eg", "T2g", "T2g"], ["A1g", "A1g", "T1u", "T1u", "T1u", "A1g", "T1u", "T1u", "T1u", "Eg", "T2g", "T2g", "T2g", "Eg", "T1u", "T1u", "T1u", "A1g", "T2g", "Eg", "T2g", "T2g", "Eg", "T1u", "T1u", "T1u", "?A", "?A", "A2u", "?A", "?A", "?A", "?A", "T2g", "T2g", "Eg"]]}}, "comp_details": {"geometry": {}, "excited_states": {}, "freq": {}, "general": {"scf_targets": [[1e-08, 1e-06, 1e-06]], "list_theory": ["DFT"], "solvent": "Gas", "package": "Gaussian", "integration_grid": "Default", "package_version": "09revisionD.01", "basis_set_size": 39, "job_type": ["SP"], "functional": "PBE1PBE", "is_closed_shell": "False", "core_electrons_per_atoms": [0], "basis_set_md5": "02a38ff43ea0c38967983229a70ecab9", "basis_set": "(lp0\n(lp1\n(VS\np2\n(lp3\n(F13995.7\nF0.001832760156\ntp4\na(F2117.1\nF0.01388270118\ntp5\na(F490.425\nF0.06806870579\ntp6\na(F143.833\nF0.2313280197\ntp7\na(F41.9265\nF0.5858900499\ntp8\na(F6.15684\nF0.305883026\ntp9\natp10\na(g2\n(lp11\n(F69.1211\nF0.1191490559\ntp12\na(F15.835\nF0.9173754306\ntp13\na(F4.67326\nF-0.004058391905\ntp14\natp15\na(VP\np16\n(lp17\n(F69.1211\nF0.03565740367\ntp18\na(F15.835\nF0.2394770247\ntp19\na(F4.67326\nF0.8184610843\ntp20\natp21\na(g2\n(lp22\n(F1.45756\nF1.0\ntp23\natp24\na(g16\n(lp25\n(F1.45756\nF1.0\ntp26\natp27\na(g2\n(lp28\n(F0.397057\nF1.0\ntp29\natp30\na(g16\n(lp31\n(F0.397057\nF1.0\ntp32\natp33\na(g2\n(lp34\n(F0.13\nF1.0\ntp35\natp36\na(g16\n(lp37\n(F0.13\nF1.0\ntp38\natp39\na(VD\np40\n(lp41\n(F9.216\nF1.0\ntp42\natp43\na(g40\n(lp44\n(F2.304\nF1.0\ntp45\natp46\na(g40\n(lp47\n(F0.576\nF1.0\ntp48\natp49\na(VF\np50\n(lp51\n(F2.5\nF1.0\ntp52\natp53\naa.", "last_theory": "DFT", "all_unique_theory": ["DFT"]}}, "metadata": {"archivable_for_new_entry": "False", "archivable": "True", "parser_version": "v7.1", "log_file": "SP_plus.log"}}
