{"molecule": {"atoms_masses": [19.9924391], "nb_atoms": 1, "starting_geometry": [[0.0, 0.0, 0.0]], "atoms_Z": [10], "atoms_Zeff": [-8.0], "multiplicity": 2, "chirality": false, "nuclear_spins": [0.0], "nuclear_QMom": [0.0], "connectivity": {"bond_orders": [], "atom_pairs": []}, "charge": 1, "can": "[Ne]", "smi": "[Ne]", "starting_nuclear_repulsion": 0.0, "inchi": "InChI=1S/Ne", "formula": "Ne+", "nuclear_gfactors": [0.0], "starting_energy": -128.06099898, "nb_heavy_atoms": 1, "atoms_valence": [0], "monoisotopic_mass": 19.992440175}, "results": {"geometry": {"nuclear_repulsion_energy_from_xyz": 0.0, "elements_3D_coords_converged": [0.0, 0.0, 0.0]}, "excited_states": {}, "freq": {}, "wavefunction": {"SCF_values": [9.09e-09, 2.28e-07, -1.5e-10], "MO_number": 39, "homo_indexes": [4, 3], "virial_ratio": [2.0015], "MO_number_kept": 35, "total_molecular_energy": -128.06099898, "MO_energies": [[-868.4080877685204, -61.2204461993405, -38.552546111139, -35.3451401552955, -35.3451401552955, -5.1209105525595, -2.0686094915010003, -1.6751328636779999, -1.6751328636779999, 22.852665392691, 23.1370243664635, 23.1370243664635, 24.0371769839175, 24.0371769839175, 26.234768440555502, 27.566765738753002, 27.566765738753002, 35.7369841000155, 138.767723428681, 139.4923626125625, 139.4923626125625, 141.74954700246, 141.74954700246, 187.4295711997455, 190.1703019019815, 190.1703019019815, 220.8935883065345, 221.224206634892, 221.224206634892, 222.2302115401905, 222.2302115401905, 223.949154733799, 223.949154733799, 664.6971285518085, 665.546395879219], [-867.2603115471115, -57.979570239885504, -34.262399144156, -34.262399144156, -26.999408360460503, -4.788115313398, -1.5763555359465, -1.5763555359465, -1.2677784294795, 24.140036019406498, 24.140036019406498, 24.2396296886895, 24.2396296886895, 24.473919713969998, 27.944187649396497, 27.944187649396497, 28.787468472096, 36.962312768817, 142.172956153838, 142.172956153838, 142.5650722124085, 142.5650722124085, 143.37597148689852, 191.003242398362, 191.003242398362, 192.333334899606, 223.96602579253002, 223.9662979063805, 224.0958240992185, 224.0958240992185, 224.22290126740202, 224.22290126740202, 224.58671748552052, 668.6416909286565, 668.6419630425071]], "MO_coefs": [[[0.54455, 0.4745, -0.13587, -0.22448, 0.7151, 0.43409, 0.36734, 0.533, 0.31858, 0.36114, 0.51996, 0.33915, 0.36114, 0.51996, 0.33915, -0.25289, -0.70688, 1.46181, -0.11875, -0.15459, -0.22279, 1.13043, -0.11996, -0.15238, -0.25709, 1.14627, -0.11996, -0.15238, -0.25709, 1.14627, -0.05897, 0.07351, -0.04383, 0.98611, 0.98732, 0.98732, 0.98995, 0.98995, -0.256, -0.69526, 1.65752, -0.91607, -0.2587, -0.71177, 1.65169, -0.89726, -0.2587, -0.71177, 1.65169, -0.89726, 0.22832, -1.69494, 2.50769, -1.21832, 1.12042, -0.54428, 1.12069, -0.5428, 1.12069, -0.5428, 1.12114, -0.53815, 1.12114, -0.53815, -1.24181, 1.4955, -0.84806, 0.31818, -1.24302, 1.49269, -0.84181, 0.31528, -1.24302, 1.49269, -0.84181, 0.31528, 0.0285, -0.04355, 0.99964, -0.03815, 0.99972, -0.03815, 0.99972, 1.0, 1.0, 1.0, 1.0, 1.14236, -0.62208, 0.18953, 1.14237, -0.62187, 0.18938], [0, 1, 0, 1, 5, 9, 4, 8, 12, 3, 7, 11, 2, 6, 10, 5, 9, 13, 4, 8, 12, 16, 3, 7, 11, 15, 2, 6, 10, 14, 5, 9, 13, 27, 29, 28, 30, 31, 4, 8, 12, 16, 2, 6, 10, 14, 3, 7, 11, 15, 1, 5, 9, 13, 22, 27, 23, 28, 24, 29, 25, 30, 26, 31, 4, 8, 12, 16, 2, 6, 10, 14, 3, 7, 11, 15, 4, 8, 32, 6, 33, 7, 34, 35, 36, 37, 38, 17, 22, 27, 18, 23, 28], [0, 2, 6, 9, 12, 15, 18, 22, 26, 30, 34, 35, 36, 37, 38, 42, 46, 50, 54, 56, 58, 60, 62, 64, 68, 72, 76, 79, 81, 83, 84, 85, 86, 87, 90, 93]], [[0.54527, 0.47429, -0.13409, -0.22086, 0.69584, 0.45164, 0.35788, 0.51495, 0.34761, 0.35788, 0.51495, 0.34761, 0.33746, 0.49435, 0.38295, -0.24224, -0.73745, 1.47478, -0.1208, -0.15295, -0.2681, 1.15093, -0.1208, -0.15295, -0.2681, 1.15093, -0.12798, -0.16564, -0.30455, 1.16274, 0.99051, 0.99051, 0.99174, 0.99174, 0.02238, 0.99284, -0.25969, -0.71841, 1.6494, -0.89164, -0.25969, -0.71841, 1.6494, -0.89164, -0.26518, -0.74515, 1.63863, -0.87693, 0.23115, -1.70563, 2.49678, -1.20341, 1.1213, -0.53715, 1.1213, -0.53715, 1.12197, -0.53501, 1.12197, -0.53501, 1.12247, -0.533, -1.24393, 1.49167, -0.83963, 0.31432, -1.24393, 1.49167, -0.83963, 0.31432, -1.24776, 1.48415, -0.83289, 0.31174, 1.0, 1.0, 1.0, 1.0, 0.99999, 0.99999, 1.0, 1.14237, -0.62098, 0.1888, 1.14237, -0.62098, 0.1888], [0, 1, 0, 1, 5, 9, 3, 7, 11, 2, 6, 10, 4, 8, 12, 5, 9, 13, 2, 6, 10, 14, 3, 7, 11, 15, 4, 8, 12, 16, 31, 30, 29, 28, 9, 27, 3, 7, 11, 15, 2, 6, 10, 14, 4, 8, 12, 16, 1, 5, 9, 13, 26, 31, 25, 30, 23, 28, 24, 29, 22, 27, 3, 7, 11, 15, 2, 6, 10, 14, 4, 8, 12, 16, 36, 35, 38, 37, 33, 34, 32, 21, 26, 31, 20, 25, 30], [0, 2, 6, 9, 12, 15, 18, 22, 26, 30, 31, 32, 33, 34, 36, 40, 44, 48, 52, 54, 56, 58, 60, 62, 66, 70, 74, 75, 76, 77, 78, 79, 80, 81, 84, 87]]], "MO_sym": [["A1g", "?A", "?B", "?B", "?B", "A1g", "?B", "?B", "?B", "?A", "T2g", "T2g", "?A", "T2g", "?B", "?B", "?B", "?A", "?A", "T2g", "T2g", "?A", "T2g", "?B", "?B", "?B", "?B", "?B", "?B", "?B", "A2u", "?B", "?B", "Eg", "T2g"], ["A1g", "?A", "?B", "?B", "?B", "A1g", "?B", "?B", "?B", "T2g", "?A", "T2g", "T2g", "?A", "?B", "?B", "?B", "?A", "T2g", "Eg", "T2g", "T2g", "Eg", "T1u", "T1u", "T1u", "A2u", "?C", "?C", "?C", "?C", "?C", "?C", "T2g", "Eg"]]}}, "comp_details": {"geometry": {}, "excited_states": {}, "freq": {}, "general": {"scf_targets": [[1e-08, 1e-06, 1e-06]], "list_theory": ["DFT"], "solvent": "Gas", "package": "Gaussian", "integration_grid": "Default", "package_version": "09revisionD.01", "basis_set_size": 39, "job_type": ["SP"], "functional": "PBE1PBE", "is_closed_shell": "False", "core_electrons_per_atoms": [0], "basis_set_md5": "02a38ff43ea0c38967983229a70ecab9", "basis_set": "(lp0\n(lp1\n(VS\np2\n(lp3\n(F13995.7\nF0.001832760156\ntp4\na(F2117.1\nF0.01388270118\ntp5\na(F490.425\nF0.06806870579\ntp6\na(F143.833\nF0.2313280197\ntp7\na(F41.9265\nF0.5858900499\ntp8\na(F6.15684\nF0.305883026\ntp9\natp10\na(g2\n(lp11\n(F69.1211\nF0.1191490559\ntp12\na(F15.835\nF0.9173754306\ntp13\na(F4.67326\nF-0.004058391905\ntp14\natp15\na(VP\np16\n(lp17\n(F69.1211\nF0.03565740367\ntp18\na(F15.835\nF0.2394770247\ntp19\na(F4.67326\nF0.8184610843\ntp20\natp21\na(g2\n(lp22\n(F1.45756\nF1.0\ntp23\natp24\na(g16\n(lp25\n(F1.45756\nF1.0\ntp26\natp27\na(g2\n(lp28\n(F0.397057\nF1.0\ntp29\natp30\na(g16\n(lp31\n(F0.397057\nF1.0\ntp32\natp33\na(g2\n(lp34\n(F0.13\nF1.0\ntp35\natp36\na(g16\n(lp37\n(F0.13\nF1.0\ntp38\natp39\na(VD\np40\n(lp41\n(F9.216\nF1.0\ntp42\natp43\na(g40\n(lp44\n(F2.304\nF1.0\ntp45\natp46\na(g40\n(lp47\n(F0.576\nF1.0\ntp48\natp49\na(VF\np50\n(lp51\n(F2.5\nF1.0\ntp52\natp53\naa.", "last_theory": "DFT", "all_unique_theory": ["DFT"]}}, "metadata": {"archivable_for_new_entry": "False", "archivable": "True", "parser_version": "v7.1", "log_file": "SP_moins.log"}}
