{"molecule": {"atoms_masses": [19.9924391], "nb_atoms": 1, "starting_geometry": [[0.0, 0.0, 0.0]], "atoms_Z": [10], "atoms_Zeff": [-8.0], "multiplicity": 1, "chirality": false, "nuclear_spins": [0.0], "nuclear_QMom": [0.0], "connectivity": {"bond_orders": [], "atom_pairs": []}, "charge": 0, "can": "[Ne]", "smi": "[Ne]", "starting_nuclear_repulsion": 0.0, "inchi": "InChI=1S/Ne", "formula": "Ne", "nuclear_gfactors": [0.0], "starting_energy": -128.851276864, "nb_heavy_atoms": 1, "atoms_valence": [0], "monoisotopic_mass": 19.992440175}, "results": {"geometry": {"nuclear_repulsion_energy_from_xyz": 0.0, "elements_3D_coords_converged": [0.0, 0.0, 0.0]}, "excited_states": {"et_oscs": [0.0, 0.0, 0.0, 0.0, 0.0, 0.0, 0.0, 0.0, 0.0, 0.0], "et_rot": [0.0, 0.0, 0.0, 0.0, 0.0, 0.0, 0.0, 0.0, 0.0, 0.0], "et_transitions": [[[[2, 0], [5, 0], 0.6761213620349531], [[3, 0], [5, 0], 0.7281927054015304]], [[[2, 0], [5, 0], 0.7312898331031275], [[3, 0], [5, 0], -0.6810286830963876]], [[[4, 0], [5, 0], 0.9935840225164655]], [[[2, 0], [6, 0], 0.5759950418189379], [[3, 0], [7, 0], 0.5759950418189379], [[4, 0], [8, 0], 0.5759950418189379]], [[[2, 0], [7, 0], 0.686529973854019], [[3, 0], [6, 0], 0.686529973854019], [[3, 0], [8, 0], -0.1667782054106591], [[4, 0], [7, 0], -0.1667782054106591]], [[[2, 0], [7, 0], 0.16638222561319466], [[3, 0], [6, 0], 0.16638222561319466], [[3, 0], [8, 0], 0.6843520849679645], [[4, 0], [7, 0], 0.6843520849679645]], [[[2, 0], [6, 0], 0.4866591710838295], [[2, 0], [8, 0], 0.5248429372679031], [[4, 0], [6, 0], 0.5248429372679031], [[4, 0], [8, 0], -0.4579082093607845]], [[[2, 0], [6, 0], 0.5425064646619431], [[2, 0], [8, 0], -0.47292715739318675], [[4, 0], [6, 0], -0.47292715739318675], [[4, 0], [8, 0], -0.5052136530221645]], [[[2, 0], [6, 0], -0.36563077441594], [[3, 0], [7, 0], 0.811900006158394], [[4, 0], [8, 0], -0.44628337387807765]], [[[2, 0], [7, 0], -0.1721663590833006], [[3, 0], [6, 0], 0.1721663590833006], [[3, 0], [8, 0], -0.6855683086316053], [[4, 0], [7, 0], 0.6855683086316053]]], "et_energies": [142377.020579225, 142377.020579225, 142377.020579225, 157516.04721155498, 162316.659172963, 162316.659172963, 162316.659172963, 162316.659172963, 162316.659172963, 166101.012553831], "et_sym": ["Triplet-T1U", "Triplet-T1U", "Triplet-T1U", "Triplet-?Sym", "Triplet-?Sym", "Triplet-?Sym", "Triplet-?Sym", "Triplet-?Sym", "Triplet-?Sym", "Triplet-?Sym"]}, "freq": {}, "wavefunction": {"Mulliken_partial_charges": [0.0], "MO_number": 39, "homo_indexes": [4], "SCF_values": [0.0, 0.0, null], "MO_number_kept": 35, "total_molecular_energy": -128.851276864, "MO_energies": [[-845.288478688489, -40.612992187125, -16.0397509177225, -16.0397509177225, -16.0397509177225, 4.595458707244, 6.9495156279195, 6.9495156279195, 6.9495156279195, 37.912534334763, 37.912534334763, 37.912534334763, 37.912534334763, 37.912534334763, 41.4709671577515, 41.4709671577515, 41.4709671577515, 51.194411377668, 160.320228843683, 160.320228843683, 160.320228843683, 160.320228843683, 160.320228843683, 209.8914811031185, 209.8914811031185, 209.8914811031185, 242.29316573755548, 242.29316573755548, 242.29316573755548, 242.29316573755548, 242.29316573755548, 242.29316573755548, 242.29316573755548, 689.3620721888295, 689.3620721888295]], "virial_ratio": [2.0019], "MO_sym": [["A1g", "A1g", "T1u", "T1u", "T1u", "A1g", "T1u", "T1u", "T1u", "T2g", "T2g", "T2g", "Eg", "Eg", "T1u", "T1u", "T1u", "A1g", "T2g", "T2g", "T2g", "Eg", "Eg", "T1u", "T1u", "T1u", "A2u", "T2u", "T2u", "T2u", "T1u", "T1u", "T1u", "T2g", "T2g"]]}}, "comp_details": {"geometry": {}, "excited_states": {"nb_et_states": 10}, "freq": {}, "general": {"scf_targets": [[1e-08, 1e-06, 1e-06]], "list_theory": ["DFT"], "solvent": "Gas", "package": "Gaussian", "integration_grid": "Default", "package_version": "09revisionD.01", "basis_set_size": 39, "job_type": ["TD"], "functional": "PBE1PBE", "is_closed_shell": "True", "core_electrons_per_atoms": [0], "basis_set_md5": "02a38ff43ea0c38967983229a70ecab9", "basis_set": "(lp0\n(lp1\n(VS\np2\n(lp3\n(F13995.7\nF0.001832760156\ntp4\na(F2117.1\nF0.01388270118\ntp5\na(F490.425\nF0.06806870579\ntp6\na(F143.833\nF0.2313280197\ntp7\na(F41.9265\nF0.5858900499\ntp8\na(F6.15684\nF0.305883026\ntp9\natp10\na(g2\n(lp11\n(F69.1211\nF0.1191490559\ntp12\na(F15.835\nF0.9173754306\ntp13\na(F4.67326\nF-0.004058391905\ntp14\natp15\na(VP\np16\n(lp17\n(F69.1211\nF0.03565740367\ntp18\na(F15.835\nF0.2394770247\ntp19\na(F4.67326\nF0.8184610843\ntp20\natp21\na(g2\n(lp22\n(F1.45756\nF1.0\ntp23\natp24\na(g16\n(lp25\n(F1.45756\nF1.0\ntp26\natp27\na(g2\n(lp28\n(F0.397057\nF1.0\ntp29\natp30\na(g16\n(lp31\n(F0.397057\nF1.0\ntp32\natp33\na(g2\n(lp34\n(F0.13\nF1.0\ntp35\natp36\na(g16\n(lp37\n(F0.13\nF1.0\ntp38\natp39\na(VD\np40\n(lp41\n(F9.216\nF1.0\ntp42\natp43\na(g40\n(lp44\n(F2.304\nF1.0\ntp45\natp46\na(g40\n(lp47\n(F0.576\nF1.0\ntp48\natp49\na(VF\np50\n(lp51\n(F2.5\nF1.0\ntp52\natp53\naa.", "last_theory": "DFT", "all_unique_theory": ["DFT"]}}, "metadata": {"archivable_for_new_entry": "False", "archivable": "True", "parser_version": "v7.1", "log_file": "TD_T.log"}}
