{"molecule": {"atoms_masses": [15.9949146, 15.9949146, 12.0], "nb_atoms": 3, "starting_geometry": [[-1.219915, 0.0, 0.0], [1.219915, 0.0, 0.0], [0.0, 0.0, 0.0]], "atoms_Z": [8, 8, 6], "atoms_Zeff": [-5.6, -5.6, -3.6], "multiplicity": 1, "chirality": false, "nuclear_spins": [0.0, 0.0, 0.0], "nuclear_QMom": [0.0, 0.0, 0.0], "connectivity": {"bond_orders": [2, 2, 2, 2], "atom_pairs": [[0, 2], [1, 2], [2, 0], [2, 1]]}, "charge": 0, "can": "O=C=O", "smi": "O=C=O", "starting_nuclear_repulsion": 55.52387, "inchi": "InChI=1S/CO2/c2-1-3", "formula": "CO2", "nuclear_gfactors": [0.0, 0.0, 0.0], "starting_energy": -185.82157534, "nb_heavy_atoms": 3, "atoms_valence": [1, 1, 2], "monoisotopic_mass": 43.98982924}, "results": {"geometry": {"geometric_values": [[0.162352, 0.1148, 0.16129, 0.114049], [0.002454, 0.001735, 0.003271, 0.002313], [2.6e-05, 1.8e-05, 3.4e-05, 2.4e-05]], "nuclear_repulsion_energy_from_xyz": 51.82455, "elements_3D_coords_converged": [-1.306996, 0.0, 0.0, 1.306996, 0.0, 0.0, 0.0, 0.0, 0.0], "OPT_DONE": true}, "excited_states": {"et_oscs": [0.0, 0.0, 0.0, 0.0, 0.0, 0.0, 0.0, 0.0, 0.0, 0.0, 0.0, 0.0, 0.0, 0.0, 0.0, 0.0, 0.0, 0.0, 0.0, 0.0, 0.0, 0.0, 0.0, 0.0, 0.0, 0.0, 0.0, 0.0, 0.0, 0.0], "et_rot": [0.0, 0.0, 0.0, 0.0, 0.0, 0.0, 0.0, 0.0, 0.0, 0.0], "et_transitions": [[[[9, 0], [11, 0], 0.7084927104776731], [[10, 0], [12, 0], -0.7084927104776731]], [[[9, 0], [11, 0], 0.7071916340002898], [[10, 0], [12, 0], 0.7071916340002898]], [[[9, 0], [12, 0], -0.7071916340002898], [[10, 0], [11, 0], 0.7071916340002898]], [[[10, 0], [13, 0], 0.9969215665236659]], [[[9, 0], [13, 0], 0.9969215665236659]], [[[6, 0], [11, 0], 0.7073047710852799], [[7, 0], [12, 0], -0.7073047710852799]], [[[8, 0], [12, 0], 0.99576191140252]], [[[8, 0], [11, 0], 0.99576191140252]], [[[6, 0], [12, 0], -0.7071067811865476], [[7, 0], [11, 0], 0.7071067811865476]], [[[6, 0], [11, 0], 0.7071067811865476], [[7, 0], [12, 0], 0.7071067811865476]], [[[9, 0], [11, 0], 0.39370291362904597], [[9, 0], [12, 0], -0.5897694819164518], [[10, 0], [11, 0], 0.5897694819164518], [[10, 0], [12, 0], 0.39370291362904597]], [[[9, 0], [11, 0], 0.2829558495596089], [[9, 0], [12, 0], 0.648162359906837], [[10, 0], [11, 0], 0.648162359906837], [[10, 0], [12, 0], -0.2829558495596089]], [[[9, 0], [11, 0], 0.648162359906837], [[9, 0], [12, 0], -0.2829558495596089], [[10, 0], [11, 0], -0.2829558495596089], [[10, 0], [12, 0], -0.648162359906837]], [[[9, 0], [13, 0], 0.5440055310380585], [[10, 0], [13, 0], -0.8394347442177982]], [[[9, 0], [13, 0], 0.8394347442177982], [[10, 0], [13, 0], 0.5440055310380585]], [[[7, 0], [11, 0], -0.3469490132569914], [[7, 0], [12, 0], -0.6165122603809271], [[8, 0], [11, 0], 0.6165122603809271], [[8, 0], [12, 0], -0.3469490132569914]], [[[7, 0], [11, 0], 0.5455328816854215], [[7, 0], [12, 0], 0.4498754763265053], [[8, 0], [11, 0], 0.4498754763265053], [[8, 0], [12, 0], -0.5455328816854215]], [[[7, 0], [11, 0], -0.4498754763265053], [[7, 0], [12, 0], 0.5455328816854215], [[8, 0], [11, 0], 0.5455328816854215], [[8, 0], [12, 0], 0.4498754763265053]], [[[6, 0], [11, 0], 0.43166040564313984], [[6, 0], [12, 0], 0.9015328617416007]], [[[6, 0], [11, 0], 0.9015328617416007], [[6, 0], [12, 0], -0.43166040564313984]], [[[9, 0], [11, 0], -0.14686607845244593], [[9, 0], [12, 0], -0.6937424630221218], [[10, 0], [11, 0], 0.6937424630221218], [[10, 0], [12, 0], -0.14686607845244593]], [[[9, 0], [11, 0], 0.6877320553820362], [[9, 0], [12, 0], 0.16496801205082157], [[10, 0], [11, 0], 0.16496801205082157], [[10, 0], [12, 0], -0.6877320553820362]], [[[9, 0], [11, 0], 0.16496801205082157], [[9, 0], [12, 0], -0.6877320553820362], [[10, 0], [11, 0], -0.6877320553820362], [[10, 0], [12, 0], -0.16496801205082157]], [[[9, 0], [13, 0], 0.4059782873504444], [[10, 0], [13, 0], -0.9142042152604637]], [[[9, 0], [13, 0], 0.9142042152604637], [[10, 0], [13, 0], 0.4059782873504444]], [[[7, 0], [11, 0], 0.657255753112896], [[7, 0], [12, 0], -0.2616719354458938], [[8, 0], [11, 0], -0.2616719354458938], [[8, 0], [12, 0], -0.657255753112896]], [[[7, 0], [11, 0], -0.6497179948254473], [[7, 0], [12, 0], -0.27906676226308286], [[8, 0], [11, 0], 0.27906676226308286], [[8, 0], [12, 0], -0.6497179948254473]], [[[7, 0], [11, 0], 0.27906676226308286], [[7, 0], [12, 0], -0.6497179948254473], [[8, 0], [11, 0], 0.6497179948254473], [[8, 0], [12, 0], 0.27906676226308286]], [[[6, 0], [11, 0], 0.8181225458328356], [[6, 0], [12, 0], 0.5742697012728427]], [[[6, 0], [11, 0], 0.5742697012728427], [[6, 0], [12, 0], -0.8181225458328356]]], "et_energies": [55818.405813374, 61065.848928448, 61066.655482876995, 89258.958994143, 89258.958994143, 94879.030255415, 96028.37031674001, 96028.37031674001, 99277.978111181, 99277.978111181, 45502.574666464, 50694.365525937, 50694.365525937, 70927.58993183101, 70927.58993183101, 77815.564755491, 82395.987357782, 82395.987357782, 85640.755825649, 85640.755825649, 45315.454038936005, 50506.43834397999, 50506.43834397999, 70583.19119064801, 70583.19119064801, 77501.81508261, 82085.463902617, 82085.463902617, 85443.149990544, 85443.149990544], "et_sym": ["Singlet-?Sym", "Singlet-?Sym", "Singlet-?Sym", "Singlet-?Sym", "Singlet-?Sym", "Singlet-?Sym", "Singlet-?Sym", "Singlet-?Sym", "Singlet-?Sym", "Singlet-?Sym", "Singlet-?Sym", "Singlet-?Sym", "Singlet-?Sym", "Singlet-?Sym", "Singlet-?Sym", "Singlet-?Sym", "Singlet-?Sym", "Singlet-?Sym", "Singlet-?Sym", "Singlet-?Sym", "Singlet-?Sym", "Singlet-?Sym", "Singlet-?Sym", "Singlet-?Sym", "Singlet-?Sym", "Singlet-?Sym", "Singlet-?Sym", "Singlet-?Sym", "Singlet-?Sym", "Singlet-?Sym"]}, "freq": {}, "wavefunction": {"Mulliken_partial_charges": [-0.11424, -0.11424, 0.22848], "MO_number": 15, "homo_indexes": [10], "SCF_values": [9.31e-09, 5.14e-08, -8.24e-13], "MO_number_kept": 15, "total_molecular_energy": -185.798167678, "MO_energies": [[-518.0598725666675, -518.051437037302, -277.0720369699605, -28.361066068362497, -27.2165552131595, -13.3294969667425, -10.5773374827855, -10.3155639586045, -10.3155639586045, -6.2142640038685, -6.2142640038685, 2.2745996763294998, 2.2745996763294998, 5.13750949744, 19.5690675587075]], "virial_ratio": [2.0162, 2.0168, 2.0168]}}, "comp_details": {"geometry": {"geometric_targets": [0.00045, 0.0003, 0.0018, 0.0012]}, "excited_states": {"nb_et_states": 30}, "freq": {}, "general": {"scf_targets": [[1e-08, 1e-06, 1e-06], [1e-08, 1e-06, 1e-06], [1e-08, 1e-06, 1e-06]], "list_theory": ["DFT"], "solvent": "Gas", "package": "Gaussian", "integration_grid": "Default", "package_version": "09revisionD.01", "basis_set_size": 15, "job_type": ["OPT_ES"], "functional": "PBE1PBE", "is_closed_shell": "True", "core_electrons_per_atoms": [0, 0, 0], "basis_set_md5": "2bd8124030019269854d23af1154980c", "basis_set": "(lp0\n(lp1\n(VS\np2\n(lp3\n(F130.7093214\nF0.1543289673\ntp4\na(F23.80886605\nF0.5353281423\ntp5\na(F6.443608313\nF0.4446345422\ntp6\natp7\na(g2\n(lp8\n(F5.033151319\nF-0.09996722919\ntp9\na(F1.169596125\nF0.3995128261\ntp10\na(F0.38038896\nF0.7001154689\ntp11\natp12\na(VP\np13\n(lp14\n(F5.033151319\nF0.155916275\ntp15\na(F1.169596125\nF0.6076837186\ntp16\na(F0.38038896\nF0.3919573931\ntp17\natp18\naa(lp19\n(g2\n(lp20\n(F130.7093214\nF0.1543289673\ntp21\na(F23.80886605\nF0.5353281423\ntp22\na(F6.443608313\nF0.4446345422\ntp23\natp24\na(g2\n(lp25\n(F5.033151319\nF-0.09996722919\ntp26\na(F1.169596125\nF0.3995128261\ntp27\na(F0.38038896\nF0.7001154689\ntp28\natp29\na(g13\n(lp30\n(F5.033151319\nF0.155916275\ntp31\na(F1.169596125\nF0.6076837186\ntp32\na(F0.38038896\nF0.3919573931\ntp33\natp34\naa(lp35\n(g2\n(lp36\n(F71.61683735\nF0.1543289673\ntp37\na(F13.04509632\nF0.5353281423\ntp38\na(F3.53051216\nF0.4446345422\ntp39\natp40\na(g2\n(lp41\n(F2.941249355\nF-0.09996722919\ntp42\na(F0.6834830964\nF0.3995128261\ntp43\na(F0.2222899159\nF0.7001154689\ntp44\natp45\na(g13\n(lp46\n(F2.941249355\nF0.155916275\ntp47\na(F0.6834830964\nF0.6076837186\ntp48\na(F0.2222899159\nF0.3919573931\ntp49\natp50\naa.", "last_theory": "DFT", "all_unique_theory": ["DFT"]}},