{"molecule": {"atoms_masses": [15.9949146, 15.9949146, 12.0], "nb_atoms": 3, "starting_geometry": [[-1.219915, 0.0, 0.0], [1.219915, 0.0, 0.0], [0.0, 0.0, 0.0]], "atoms_Z": [8, 8, 6], "atoms_Zeff": [-5.6, -5.6, -3.6], "multiplicity": 1, "chirality": false, "nuclear_spins": [0.0, 0.0, 0.0], "nuclear_QMom": [0.0, 0.0, 0.0], "connectivity": {"bond_orders": [2, 2, 2, 2], "atom_pairs": [[0, 2], [1, 2], [2, 0], [2, 1]]}, "charge": 0, "can": "O=C=O", "smi": "O=C=O", "starting_nuclear_repulsion": 55.52387, "inchi": "InChI=1S/CO2/c2-1-3", "formula": "CO2", "nuclear_gfactors": [0.0, 0.0, 0.0], "starting_energy": -185.82157534, "nb_heavy_atoms": 3, "atoms_valence": [1, 1, 2], "monoisotopic_mass": 43.98982924}, "results": {"geometry": {"geometric_values": [[0.159645, 0.112886, 0.158861, 0.112332], [0.002839, 0.002008, 0.003801, 0.002688], [2.8e-05, 2e-05, 3.8e-05, 2.7e-05]], "nuclear_repulsion_energy_from_xyz": 51.86463, "elements_3D_coords_converged": [-1.305991, 0.0, 0.0, 1.305991, 0.0, 0.0, 0.0, 0.0, 0.0], "OPT_DONE": true}, "excited_states": {"et_oscs": [0.0, 0.0, 0.0, 0.0, 0.0, 0.0, 0.0, 0.0, 0.0, 0.0, 0.0, 0.0, 0.0, 0.0, 0.0, 0.0, 0.0, 0.0, 0.0, 0.0, 0.0, 0.0, 0.0, 0.0, 0.0, 0.0, 0.0, 0.0, 0.0, 0.0], "et_rot": [0.0, 0.0, 0.0, 0.0, 0.0, 0.0, 0.0, 0.0, 0.0, 0.0], "et_transitions": [[[[9, 0], [12, 0], 0.7187740430761256], [[10, 0], [11, 0], 0.7187740430761256]], [[[9, 0], [11, 0], 0.7128343461141586], [[10, 0], [12, 0], 0.7128343461141586]], [[[9, 0], [12, 0], -0.7128343461141586], [[10, 0], [11, 0], 0.7128343461141586]], [[[9, 0], [11, 0], 0.7084927104776731], [[10, 0], [12, 0], -0.7084927104776731]], [[[6, 0], [12, 0], 0.7061451159641339], [[7, 0], [11, 0], 0.7061451159641339]], [[[8, 0], [11, 0], 0.34513881989715384], [[10, 0], [13, 0], 0.9384014093126672]], [[[8, 0], [12, 0], 0.34513881989715384], [[9, 0], [13, 0], 0.9384014093126672]], [[[6, 0], [12, 0], -0.7088745481395139], [[7, 0], [11, 0], 0.7088745481395139]], [[[6, 0], [11, 0], 0.7088745481395139], [[7, 0], [12, 0], 0.7088745481395139]], [[[8, 0], [12, 0], 0.9395186380269421], [[9, 0], [13, 0], -0.34358318497854345]], [[[9, 0], [11, 0], 0.38022545837963034], [[9, 0], [12, 0], 0.6172193671621137], [[10, 0], [11, 0], 0.6172193671621137], [[10, 0], [12, 0], -0.38022545837963034]], [[[9, 0], [11, 0], 0.7153799305264302], [[10, 0], [12, 0], 0.7153799305264302]], [[[9, 0], [12, 0], 0.7153799305264302], [[10, 0], [11, 0], -0.7153799305264302]], [[[9, 0], [11, 0], -0.6037277697770743], [[9, 0], [12, 0], 0.37190988263287655], [[10, 0], [11, 0], 0.37190988263287655], [[10, 0], [12, 0], 0.6037277697770743]], [[[7, 0], [11, 0], -0.20845507909379424], [[7, 0], [12, 0], 0.6775638598685736], [[8, 0], [11, 0], 0.6775638598685736], [[8, 0], [12, 0], 0.20845507909379424]], [[[6, 0], [12, 0], 0.16479830642333676], [[9, 0], [13, 0], 0.9793994604858633]], [[[6, 0], [11, 0], 0.16479830642333676], [[10, 0], [13, 0], 0.9793994604858633]], [[[7, 0], [11, 0], 0.5271763896458187], [[7, 0], [12, 0], 0.4754585996698346], [[8, 0], [11, 0], -0.4754585996698346], [[8, 0], [12, 0], 0.5271763896458187]], [[[7, 0], [11, 0], 0.4754585996698346], [[7, 0], [12, 0], -0.5271763896458187], [[8, 0], [11, 0], 0.5271763896458187], [[8, 0], [12, 0], 0.4754585996698346]], [[[6, 0], [11, 0], -0.3421972556874178], [[6, 0], [12, 0], -0.9231561871102852], [[9, 0], [13, 0], 0.1788697313689491]], [[[9, 0], [11, 0], -0.3006193769536488], [[9, 0], [12, 0], 0.6598579060676625], [[10, 0], [11, 0], 0.6598579060676625], [[10, 0], [12, 0], 0.3006193769536488]], [[[9, 0], [11, 0], 0.6989467689316549], [[9, 0], [12, 0], 0.15317347094062994], [[10, 0], [11, 0], -0.15317347094062994], [[10, 0], [12, 0], 0.6989467689316549]], [[[9, 0], [11, 0], -0.15317347094062994], [[9, 0], [12, 0], 0.6989467689316549], [[10, 0], [11, 0], -0.6989467689316549], [[10, 0], [12, 0], -0.15317347094062994]], [[[9, 0], [11, 0], -0.6452915063752196], [[9, 0], [12, 0], -0.29398671534611903], [[10, 0], [11, 0], -0.29398671534611903], [[10, 0], [12, 0], 0.6452915063752196]], [[[7, 0], [12, 0], 0.7089028324107614], [[8, 0], [11, 0], 0.7089028324107614]], [[[6, 0], [11, 0], 0.1749099333943044], [[10, 0], [13, 0], 0.9752558147481101]], [[[6, 0], [12, 0], 0.1749099333943044], [[9, 0], [13, 0], 0.9752558147481101]], [[[7, 0], [11, 0], -0.434488832767886], [[7, 0], [12, 0], 0.5614710685333663], [[8, 0], [11, 0], -0.5614710685333663], [[8, 0], [12, 0], -0.434488832767886]], [[[7, 0], [11, 0], 0.5614710685333663], [[7, 0], [12, 0], 0.434488832767886], [[8, 0], [11, 0], -0.434488832767886], [[8, 0], [12, 0], 0.5614710685333663]], [[[6, 0], [11, 0], -0.7536344073886224], [[6, 0], [12, 0], -0.6340060821474822], [[10, 0], [13, 0], 0.17418868447749414]]], "et_energies": [43428.923229505, 48873.165625254995, 48873.165625254995, 55818.405813374, 78496.296693567, 79535.138798119, 79535.138798119, 86023.062624995, 86023.062624995, 86732.83052251501, 33399.41890489, 38874.310368941995, 38874.310368941995, 45641.302028252, 61401.375570912, 61547.361922560995, 61547.361922560995, 69147.524307028, 69147.524307028, 76973.521931615, 33184.068872347, 38661.379999686, 38661.379999686, 45424.338886851, 61027.940870285, 61142.471599203, 61142.471599203, 68779.73548740399, 68779.73548740399, 76757.365344643], "et_sym": ["Triplet-?Sym", "Triplet-?Sym", "Triplet-?Sym", "Triplet-?Sym", "Triplet-?Sym", "Triplet-?Sym", "Triplet-?Sym", "Triplet-?Sym", "Triplet-?Sym", "Triplet-?Sym", "Triplet-?Sym", "Triplet-?Sym", "Triplet-?Sym", "Triplet-?Sym", "Triplet-?Sym", "Triplet-?Sym", "Triplet-?Sym", "Triplet-?Sym", "Triplet-?Sym", "Triplet-?Sym", "Triplet-?Sym", "Triplet-?Sym", "Triplet-?Sym", "Triplet-?Sym", "Triplet-?Sym", "Triplet-?Sym", "Triplet-?Sym", "Triplet-?Sym", "Triplet-?Sym", "Triplet-?Sym"]}, "freq": {}, "wavefunction": {"Mulliken_partial_charges": [-0.114511, -0.114511, 0.229022], "MO_number": 15, "homo_indexes": [10], "SCF_values": [4.74e-11, 2.14e-10, 5.68e-14], "MO_number_kept": 15, "total_molecular_energy": -185.79865848199998, "MO_energies": [[-518.0636821605744, -518.0549745173586, -277.0791119300735, -28.376848671691498, -27.230160905684503, -13.326775828237501, -10.5806028489915, -10.328897537279, -10.328897537279, -6.2186178254765005, -6.2186178254765005, 2.2849400026485003, 2.2849400026485003, 5.158190150078, 19.618320165648]], "virial_ratio": [2.0162, 2.0168, 2.0168]}}, "comp_details": {"geometry": {"geometric_targets": [0.00045, 0.0003, 0.0018, 0.0012]}, "excited_states": {"nb_et_states": 30}, "freq": {}, "general": {"scf_targets": [[1e-08, 1e-06, 1e-06], [1e-08, 1e-06, 1e-06], [1e-08, 1e-06, 1e-06]], "list_theory": ["DFT"], "solvent": "Gas", "package": "Gaussian", "integration_grid": "Default", "package_version": "09revisionD.01", "basis_set_size": 15, "job_type": ["OPT_ES"], "functional": "PBE1PBE", "is_closed_shell": "True", "core_electrons_per_atoms": [0, 0, 0], "basis_set_md5": "2bd8124030019269854d23af1154980c",