{"molecule": {"atoms_masses": [88.9054], "nb_atoms": 1, "starting_geometry": [[0.0, 0.0, 0.0]], "atoms_Z": [39], "atoms_Zeff": [0.0], "multiplicity": 2, "chirality": false, "nuclear_spins": [1.0], "nuclear_QMom": [0.0], "connectivity": {"bond_orders": [], "atom_pairs": []}, "charge": 0, "can": "[Y]", "smi": "[Y]", "starting_nuclear_repulsion": 0.0, "inchi": "InChI=1S/Y", "formula": "Y", "nuclear_gfactors": [-0.13742], "starting_energy": -3317.44258105, "nb_heavy_atoms": 1, "atoms_valence": [0], "monoisotopic_mass": 88.905848}, "results": {"geometry": {"geometric_values": [[0.0, 0.0, 0.0, 0.0]], "nuclear_repulsion_energy_from_xyz": 0.0, "elements_3D_coords_converged": [0.0, 0.0, 0.0], "OPT_DONE": true}, "excited_states": {}, "freq": {}, "wavefunction": {"SCF_values": [7.15e-09, 2.59e-07, 3.64e-12], "MO_number": 39, "homo_indexes": [19, 18], "virial_ratio": [2.0041], "MO_number_kept": 39, "total_molecular_energy": -3317.44258105, "MO_energies": [[-16482.43770272532, -2255.184897324026, -2053.2924749702056, -2053.227983987637, -2053.227983987637, -371.06369841271703, -293.1507001683045, -292.8622594867745, -292.8622594867745, -165.2941979169725, -165.2283463651515, -165.2283463651515, -165.15324294241353, -165.024533091127, -49.9690827088665, -29.319178935973003, -29.236456325421, -29.236456325421, -4.377767626844, -3.8139477286080004, -0.9978414897835001, -0.8917170880885, -0.890900746537, -0.890900746537, -0.847362530457, -0.847362530457, -0.428851428388, 1.1088639407875, 2.1243928308535, 2.1472503942955, 2.1472503942955, 10.360462743937001, 23.128044609397, 23.4134920385715, 23.504105950788, 23.504105950788, 23.895405667807, 77.710817653491, 2991.3121837459353], [-16482.437974839173, -2255.1144198367465, -2053.282950985438, -2053.1512478817963, -2053.1512478817963, -371.01852751353397, -293.128658946414, -292.7969521626545, -292.7969521626545, -165.24576165158348, -165.1853523767725, -165.1853523767725, -165.00902260164852, -164.870516651744, -49.397915736667, -29.174958595208, -28.2054169458765, -28.2054169458765, -4.167151506557, -0.9567522983579999, -0.704774872795, -0.704774872795, -0.679196170848, -0.5251797314650001, -0.5251797314650001, -0.1112945648545, 0.426674517584, 1.197845169901, 2.07350754081, 2.3290224464295, 2.3290224464295, 10.6225083819685, 23.615672629492998, 23.7318652436565, 23.7318652436565, 24.085885363157, 24.548478909007002, 78.062388748337, 2991.4471522157833]], "MO_coefs": [[[0.97728, 0.08641, 0.15673, 0.15936, -0.09182, -0.09182, -0.09182, -0.06157, -0.06157, -0.33253, 1.01354, 0.05304, -0.07323, 0.02862, 0.98056, 0.04875, 0.98057, 0.04874, 0.98057, 0.04874, 0.13578, -0.50147, 1.03566, 0.14707, -0.04086, -0.04086, -0.04058, -0.46114, 1.07839, -0.46116, 1.07849, -0.46116, 1.07849, -0.48766, -0.48766, 0.97535, -0.03984, 0.07702, 0.97539, 0.07779, 0.97539, 0.07779, 0.97571, 0.07683, 0.84484, -0.84484, 0.06699, -0.06699, -0.0515, 0.20377, -0.45998, 1.13259, 0.03258, -0.02033, -0.02289, -0.02289, 0.1622, -0.50118, 1.08302, 0.16184, -0.50011, 1.08063, 0.16184, -0.50011, 1.08063, -0.05867, 0.14608, -0.41935, 0.74013, 0.28429, 0.04488, 0.04488, 0.03593, -0.21893, 0.4996, 0.65568, 0.10789, 0.10789, -0.21544, -0.24347, -0.24347, 0.48725, -0.33913, -0.33913, 0.65879, 0.1018, -0.27061, 0.50482, 0.57533, -0.21509, 0.4856, 0.66781, -0.21509, 0.4856, 0.66781, 0.1032, -0.27352, 0.49995, 0.5798, 0.1032, -0.27352, 0.49995, 0.5798, -0.1848, 0.1848, 0.41645, -0.41645, 0.58187, -0.58187, 0.19267, 2.4322, -2.36318, 0.10018, -0.15981, -0.15981, -0.13346, -0.36278, 1.66551, -1.57291, -0.36771, 1.66669, -1.5712, -0.36771, 1.66669, -1.5712, 1.0604, 3.77202, -1.64643, -1.33815, -1.33815, -1.34964, -0.34725, 1.14182, -0.99722, 0.17506, -0.35025, -0.57474, -0.57474, 1.14555, 0.49835, 0.49835, -0.98719, -0.35054, 1.14778, -0.98913, -0.35054, 1.14778, -0.98913, -0.30411, 0.30411, 0.99575, -0.99575, -0.85422, 0.85422, -0.6608, 6.95601, -1.13651, 0.43773, -3.24731, -3.24731, -3.24792, 0.57008, 0.57008, 0.5711, 18.89571, 11.20116, -9.73144, -9.73144, -9.73142, -4.18773, -4.18773, -4.18775], [0, 1, 5, 9, 21, 22, 23, 28, 29, 0, 1, 5, 9, 28, 4, 8, 3, 7, 2, 6, 0, 1, 5, 9, 27, 28, 29, 4, 8, 2, 6, 3, 7, 21, 22, 23, 28, 29, 26, 32, 25, 31, 24, 30, 21, 22, 27, 28, 0, 1, 5, 9, 13, 23, 27, 28, 4, 8, 12, 2, 6, 10, 3, 7, 11, 1, 5, 9, 13, 17, 27, 28, 34, 24, 30, 36, 21, 22, 23, 27, 28, 29, 33, 34, 35, 8, 12, 16, 20, 26, 32, 38, 25, 31, 37, 7, 11, 15, 19, 6, 10, 14, 18, 21, 22, 27, 28, 33, 34, 5, 13, 17, 29, 33, 34, 35, 12, 16, 20, 11, 15, 19, 10, 14, 18, 9, 13, 17, 33, 34, 35, 24, 30, 36, 21, 23, 27, 28, 29, 33, 34, 35, 26, 32, 38, 25, 31, 37, 21, 22, 27, 28, 33, 34, 5, 9, 13, 17, 27, 28, 29, 33, 34, 35, 5, 9, 21, 22, 23, 27, 28, 29], [0, 9, 14, 16, 18, 20, 27, 29, 31, 33, 38, 40, 42, 44, 48, 56, 59, 62, 65, 73, 76, 85, 89, 92, 95, 99, 103, 109, 116, 119, 122, 125, 131, 134, 142, 145, 148, 154, 164, 172]], [[0.97728, 0.08641, 0.15673, 0.15936, -0.09182, -0.09182, -0.09182, -0.06157, -0.06157, -0.33253, 1.01356, 0.05312, -0.07313, 0.02858, 0.98057, 0.04874, 0.98058, 0.04872, 0.98058, 0.04872, 0.13578, -0.50147, 1.03563, 0.1473, -0.04105, -0.04105, -0.04067, -0.46114, 1.07842, -0.46117, 1.07857, -0.46117, 1.07857, -0.48769, -0.48769, 0.97545, -0.03942, 0.07711, 0.97546, 0.07759, 0.97546, 0.07759, 0.84486, -0.84486, 0.06693, -0.06693, 0.97574, 0.07676, -0.0517, 0.20464, -0.46196, 1.14811, 0.03443, -0.02343, -0.03237, -0.03237, 0.16205, -0.50074, 1.08195, 0.16194, -0.50053, 1.08224, 0.16194, -0.50053, 1.08224, -0.05649, 0.13921, -0.40674, 0.71604, 0.32206, 0.08969, -0.04242, -0.04242, 0.11873, 0.10419, -0.27667, 0.5233, 0.55775, 0.09439, -0.24984, 0.40413, 0.66849, 0.09439, -0.24984, 0.40413, 0.66849, -0.26111, 0.10545, 0.10545, -0.21095, -0.22508, -0.22508, 0.48882, -0.31673, -0.31673, 0.67075, -0.21405, 0.48273, 0.67029, -0.21405, 0.48273, 0.67029, -0.18533, 0.18533, 0.41841, -0.41841, 0.58019, -0.58019, -0.2113, 0.47529, 0.67668, 0.19471, 2.51291, -2.36601, 0.11911, -0.14104, -0.14104, -0.23625, -0.36141, 1.65968, -1.57921, -0.37965, 1.69268, -1.53562, -0.37965, 1.69268, -1.53562, 1.05587, 3.72384, -1.6158, -1.34144, -1.34144, -1.33686, 0.17589, 0.17589, -0.35036, -0.56055, -0.56055, 1.1622, 0.50896, 0.50896, -0.97245, -0.35097, 1.14901, -0.98745, -0.35097, 1.14901, -0.98745, -0.30373, 0.30373, 0.99494, -0.99494, -0.85536, 0.85536, -0.35185, 1.15216, -0.98309, -0.66042, 6.95438, -1.13263, 0.43606, -3.25008, -3.25008, -3.24184, 0.57031, 0.57031, 0.56695, 18.89569, 11.20136, -9.73144, -9.73144, -9.73142, -4.1878, -4.1878, -4.18783], [0, 1, 5, 9, 21, 22, 23, 28, 29, 0, 1, 5, 9, 28, 4, 8, 3, 7, 2, 6, 0, 1, 5, 9, 27, 28, 29, 4, 8, 2, 6, 3, 7, 21, 22, 23, 28, 29, 26, 32, 25, 31, 21, 22, 27, 28, 24, 30, 0, 1, 5, 9, 13, 23, 27, 28, 4, 8, 12, 3, 7, 11, 2, 6, 10, 1, 5, 9, 13, 17, 29, 33, 34, 35, 8, 12, 16, 20, 6, 10, 14, 18, 7, 11, 15, 19, 17, 21, 22, 23, 27, 28, 29, 33, 34, 35, 26, 32, 38, 25, 31, 37, 21, 22, 27, 28, 33, 34, 24, 30, 36, 5, 13, 17, 28, 33, 34, 35, 12, 16, 20, 10, 14, 18, 11, 15, 19, 9, 13, 17, 33, 34, 35, 21, 22, 23, 27, 28, 29, 33, 34, 35, 26, 32, 38, 25, 31, 37, 21, 22, 27, 28, 33, 34, 24, 30, 36, 5, 9, 13, 17, 27, 28, 29, 33, 34, 35, 5, 9, 21, 22, 23, 27, 28, 29], [0, 9, 14, 16, 18, 20, 27, 29, 31, 33, 38, 40, 42, 46, 48, 56, 59, 62, 65, 74, 78, 82, 86, 96, 99, 102, 108, 111, 118, 121, 124, 127, 133, 142, 145, 148, 154, 157, 167, 175]]], "MO_sym": [["A1g", "A1g", "T1u", "T1u", "T1u", "A1g", "T1u", "T1u", "T1u", "Eg", "T2g", "T2g", "T2g", "Eg", "A1g", "T1u", "T1u", "T1u", "?A", "?B", "?A", "T1u", "?B", "?B", "T1u", "T1u", "?A", "?A", "T1u", "T1u", "T1u", "?A", "?B", "Eg", "?B", "?B", "Eg", "A1g", "A1g"], ["A1g", "A1g", "T1u", "T1u", "T1u", "A1g", "T1u", "T1u", "T1u", "Eg", "T2g", "T2g", "Eg", "T2g", "?A", "T1u", "T1u", "T1u", "?A", "?B", "?B", "?B", "?A", "T2g", "T2g", "?A", "T2g", "?A", "?B", "?B", "?B", "?A", "?A", "T2g", "T2g", "?A", "T2g", "A1g", "A1g"]]}}, "comp_details": {"geometry": {"geometric_targets": [0.00045, 0.0003, 0.0018, 0.0012]},