{"molecule": {"atoms_masses": [89.9043], "nb_atoms": 1, "starting_geometry": [[0.0, 0.0, 0.0]], "atoms_Z": [40], "atoms_Zeff": [0.0], "multiplicity": 3, "chirality": false, "nuclear_spins": [0.0], "nuclear_QMom": [0.0], "connectivity": {"bond_orders": [], "atom_pairs": []}, "charge": 0, "can": "[Zr]", "smi": "[Zr]", "starting_nuclear_repulsion": 0.0, "inchi": "InChI=1S/Zr", "formula": "Zr", "nuclear_gfactors": [0.0], "starting_energy": -3523.79769992, "nb_heavy_atoms": 1, "atoms_valence": [0], "monoisotopic_mass": 89.904704}, "results": {"geometry": {"geometric_values": [[0.0, 0.0, 0.0, 0.0]], "nuclear_repulsion_energy_from_xyz": 0.0, "elements_3D_coords_converged": [0.0, 0.0, 0.0], "OPT_DONE": true}, "excited_states": {}, "freq": {}, "wavefunction": {"SCF_values": [8.24e-09, 1.05e-07, 5.46e-12], "MO_number": 39, "homo_indexes": [20, 18], "virial_ratio": [2.0019], "MO_number_kept": 39, "total_molecular_energy": -3523.79769992, "MO_energies": [[-17391.435380889823, -2401.9824283671114, -2192.84579108528, -2192.84579108528, -2192.7611636777747, -404.4517957552165, -322.65083481486005, -322.65083481486005, -322.278583067376, -188.69190735221503, -188.69190735221503, -188.5876877474735, -188.5876877474735, -188.344145851276, -56.4111060056035, -34.020762044912004, -34.020762044912004, -33.874909021044, -5.487447909183, -5.487447909183, -4.7791355563315, -2.4291603434135003, -2.4288882295630003, -1.8258839368550002, -0.8707643216000001, -0.8707643216000001, -0.862056678384, 1.1385243504920002, 2.2778650425355003, 2.2778650425355003, 2.283579433396, 9.506569481068, 18.3021054707795, 18.3021054707795, 18.691500390845, 18.691500390845, 19.180761094043998, 57.4160224555, 2709.9935380250713], [-17391.435108775975, -2401.8093639581934, -2192.739666683585, -2192.739666683585, -2192.5712282101254, -404.3462155812225, -322.54062870540747, -322.54062870540747, -322.134362726611, -188.583061812015, -188.583061812015, -188.298974952093, -188.205912015222, -188.205912015222, -55.154212130143996, -32.754344184685, -32.754344184685, -31.704528949455998, -4.3325967276610005, -1.7788082407185, -1.7788082407185, -1.1469598798575, -0.792395532656, -0.792395532656, -0.7004210511869999, -0.7004210511869999, -0.48354631233850004, 1.2854658297619999, 2.378819281071, 2.378819281071, 2.7219548465514998, 9.9128354598645, 19.052867584309002, 19.052867584309002, 19.6055308146745, 19.9375097122845, 19.9375097122845, 58.2533167734885, 2710.3448370060673]], "MO_coefs": [[[0.97877, 0.07867, 0.10967, 0.08223, -0.06534, -0.06534, -0.06534, -0.0312, -0.0312, -0.3338, 1.01762, 0.07294, -0.04007, 0.01525, 0.98001, 0.04986, 0.98001, 0.04986, 0.98002, 0.04985, 0.13691, -0.50544, 1.04174, 0.13689, -0.03873, -0.03903, -0.46569, 1.08033, -0.46569, 1.08033, -0.46572, 1.08045, 0.97748, 0.07467, 0.84652, -0.84652, 0.06467, -0.06467, 0.97776, 0.07379, 0.97776, 0.07379, -0.4889, -0.4889, 0.9776, -0.03641, 0.07474, -0.05335, 0.21252, -0.47761, 1.13168, -0.01938, -0.02813, 0.1702, -0.52635, 1.09359, 0.1702, -0.52635, 1.09359, 0.16981, -0.52518, 1.0911, -0.23657, 0.6195, 0.55526, -0.23657, 0.6195, 0.55526, -0.06219, 0.15544, -0.43042, 0.72299, 0.25877, 0.08574, 0.01896, 0.01896, 0.08097, -0.23131, 0.60014, 0.57409, -0.20032, 0.20032, 0.51974, -0.51974, 0.49717, -0.49717, 0.11319, 0.11319, -0.2268, -0.29177, -0.29177, 0.58757, -0.28566, -0.28566, 0.59001, 0.10491, -0.26822, 0.53178, 0.5491, 0.10491, -0.26822, 0.53178, 0.5491, 0.10722, -0.2733, 0.53483, 0.54604, 0.20497, 2.74502, -2.44862, -0.261, -0.261, -0.28472, -0.34852, 1.63076, -1.56136, -0.34852, 1.63076, -1.56136, -0.35236, 1.62943, -1.56236, 1.41292, 5.12551, -1.9534, -0.25724, -1.73679, -1.73679, -1.7235, -0.30537, 1.03763, -1.02118, -0.30537, 1.03763, -1.02118, -0.31027, 1.04889, -1.01071, -0.2687, 0.2687, 0.90836, -0.90836, -0.8753, 0.8753, 0.15633, -0.31246, -0.52611, -0.52611, 1.05733, 0.49547, 0.49547, -1.01073, -0.54381, 4.93247, -1.73002, 0.52261, -2.41436, -2.41436, -2.41211, 0.90263, 0.90263, 0.90128, 2.55632, 17.68567, 6.46119, -8.90996, -8.90996, -8.90999, -2.35242, -2.35242, -2.35238], [0, 1, 5, 9, 21, 22, 23, 28, 29, 0, 1, 5, 9, 29, 3, 7, 2, 6, 4, 8, 0, 1, 5, 9, 28, 29, 2, 6, 3, 7, 4, 8, 24, 30, 21, 22, 27, 28, 26, 32, 25, 31, 21, 22, 23, 28, 29, 0, 1, 5, 9, 28, 29, 2, 6, 10, 3, 7, 11, 4, 8, 12, 25, 31, 37, 26, 32, 38, 1, 5, 9, 13, 17, 29, 33, 34, 35, 24, 30, 36, 21, 22, 27, 28, 33, 34, 21, 22, 23, 27, 28, 29, 33, 34, 35, 7, 11, 15, 19, 6, 10, 14, 18, 8, 12, 16, 20, 5, 13, 17, 33, 34, 35, 11, 15, 19, 10, 14, 18, 12, 16, 20, 9, 13, 17, 28, 33, 34, 35, 25, 31, 37, 26, 32, 38, 24, 30, 36, 21, 22, 27, 28, 33, 34, 21, 23, 27, 28, 29, 33, 34, 35, 5, 9, 13, 17, 27, 28, 29, 33, 34, 35, 1, 5, 9, 21, 22, 23, 27, 28, 29], [0, 9, 14, 16, 18, 20, 26, 28, 30, 32, 34, 38, 40, 42, 47, 53, 56, 59, 62, 65, 68, 77, 80, 86, 95, 99, 103, 107, 113, 116, 119, 122, 129, 132, 135, 138, 144, 152, 162, 171]], [[0.97877, 0.07867, 0.10967, 0.08222, -0.06534, -0.06534, -0.06534, -0.0312, -0.0312, -0.33381, 1.01766, 0.07307, -0.03993, 0.01521, 0.98003, 0.04982, 0.98003, 0.04982, 0.98004, 0.04979, 0.13692, -0.50547, 1.04167, 0.13689, -0.03882, -0.03922, -0.46571, 1.08047, -0.46571, 1.08047, -0.46574, 1.08064, 0.97761, 0.07427, 0.84664, -0.84664, 0.06432, -0.06432, -0.48894, -0.48894, 0.97767, -0.03648, 0.07434, 0.97786, 0.07351, 0.97786, 0.07351, -0.05366, 0.21388, -0.48142, 1.15623, -0.02654, -0.04532, 0.17006, -0.52605, 1.09353, 0.17006, -0.52605, 1.09353, 0.16999, -0.52598, 1.09419, -0.05753, 0.14273, -0.39404, 0.69067, 0.3205, 0.08743, 0.08743, -0.0856, 0.08783, 0.08783, -0.13147, -0.22717, 0.58722, 0.58647, -0.19673, 0.19673, 0.50855, -0.50855, 0.5079, -0.5079, 0.27803, 0.11125, 0.11125, -0.22101, -0.29947, -0.29947, 0.56208, -0.29052, -0.29052, 0.55447, 0.10002, -0.25515, 0.46902, 0.60841, 0.10002, -0.25515, 0.46902, 0.60841, -0.22403, 0.57822, 0.595, -0.22403, 0.57822, 0.595, 0.08709, -0.2213, 0.32137, 0.74208, 0.21136, 0.16355, 2.93512, -2.47555, -0.34345, -0.34345, -0.27005, -0.3584, 1.6499, -1.53922, -0.3584, 1.6499, -1.53922, 0.14265, -0.37834, 1.68497, -1.47943, 1.39275, 5.02979, -1.89206, -0.27932, -1.72779, -1.72779, -1.72815, -0.31289, 1.0562, -1.00358, -0.27097, 0.27097, 0.9147, -0.9147, -0.86912, 0.86912, 0.15532, 0.15532, -0.31248, -0.54769, -0.54769, 1.03351, 0.48421, 0.48421, -1.02327, -0.31437, 1.06121, -0.99855, -0.31437, 1.06121, -0.99855, -0.54334, 4.93367, -1.71215, 0.51673, -2.40987, -2.40987, -2.42366, 0.89273, 0.89273, 0.89939, 2.55634, 17.68561, 6.46161, -8.90997, -8.90997, -8.91, -2.35256, -2.35256, -2.35253], [0, 1, 5, 9, 21, 22, 23, 28, 29, 0, 1, 5, 9, 29, 2, 6, 3, 7, 4, 8, 0, 1, 5, 9, 28, 29, 3, 7, 2, 6, 4, 8, 24, 30, 21, 22, 27, 28, 21, 22, 23, 28, 29, 26, 32, 25, 31, 0, 1, 5, 9, 28, 29, 2, 6, 10, 3, 7, 11, 4, 8, 12, 1, 5, 9, 13, 17, 27, 28, 29, 33, 34, 35, 24, 30, 36, 21, 22, 27, 28, 33, 34, 17, 21, 22, 23, 27, 28, 29, 33, 34, 35, 7, 11, 15, 19, 6, 10, 14, 18, 26, 32, 38, 25, 31, 37, 8, 12, 16, 20, 5, 9, 13, 17, 33, 34, 35, 11, 15, 19, 10, 14, 18, 8, 12, 16, 20, 9, 13, 17, 29, 33, 34, 35, 24, 30, 36, 21, 22, 27, 28, 33, 34, 21, 22, 23, 27, 28, 29, 33, 34, 35, 25, 31, 37, 26, 32, 38, 5, 9, 13, 17, 27, 28, 29, 33, 34, 35, 1, 5, 9, 21, 22, 23, 27, 28, 29], [0, 9, 14, 16, 18, 20, 26, 28, 30, 32, 34, 38, 43, 45, 47, 53, 56, 59, 62, 73, 76, 82, 92, 96, 100, 103, 106, 110, 117, 120, 123, 127, 134, 137, 143, 152, 155, 158, 168, 177]]], "MO_sym": [["A1g", "A1g", "T1u", "T1u", "T1u", "A1g", "T1u", "T1u", "T1u", "T2g", "Eg", "T2g", "T2g", "Eg", "A1g", "T1u", "T1u", "T1u", "?A", "?A", "?B", "?A", "?B", "?B", "T1u", "T1u", "T1u", "?B", "T1u", "T1u", "T1u", "?B", "?A", "?A", "?A", "Eg", "Eg", "A1g", "A1g"], ["A1g", "A1g", "T1u", "T1u", "T1u", "A1g", "T1u", "T1u", "T1u", "T2g", "Eg", "Eg", "T2g", "T2g", "?A", "T1u", "T1u", "T1u", "?A", "T2g", "?A", "?A", "?B", "?B", "T2g", "T2g", "?B", "?A", "?B", "?B", "?B", "?A", "T2g", "?A", "?A", "T2g", "T2g", "A1g", "A1g"]]}},