{"molecule": {"atoms_masses": [12.0, 1.007825, 34.9688527, 18.9984033, 78.9183361], "nb_atoms": 5, "starting_geometry": [[-0.555786, 0.475259, 0.419425], [-0.615861, 0.634623, 1.495024], [-1.768509, -0.689125, -0.066385], [-0.768416, 1.626414, -0.211867], [1.169456, -0.183108, -0.027892]], "atoms_Z": [6, 1, 17, 9, 35], "atoms_Zeff": [0.0, 0.0, 0.0, 0.0, 0.0], "multiplicity": 1, "chirality": true, "nuclear_spins": [0.0, 1.0, 3.0, 1.0, 3.0], "nuclear_QMom": [0.0, 0.0, -8.165, 0.0, 31.3], "connectivity": {"bond_orders": [1, 1, 1, 1, 1, 1, 1, 1], "atom_pairs": [[0, 1], [0, 2], [0, 3], [0, 4], [1, 0], [2, 0], [3, 0], [4, 0]]}, "charge": 0, "can": "F[C@H](Br)Cl", "smi": "[C@@H](Cl)(F)Br", "starting_nuclear_repulsion": 327.79129, "inchi": "InChI=1S/CHBrClF/c2-1(3)4/h1H/t1-/m1/s1", "formula": "CHBrClF", "nuclear_gfactors": [0.0, 2.792846, 0.821874, 2.628867, 2.106399], "starting_energy": -3137.33695415, "nb_heavy_atoms": 4, "atoms_valence": [4, 1, 1, 1, 1], "monoisotopic_mass": 145.89341793199998}, "results": {"geometry": {"geometric_values": [[0.071888, 0.027736, 0.209019, 0.088685], [0.014085, 0.005107, 0.046809, 0.023508], [0.003836, 0.001652, 0.014524, 0.007997], [0.001601, 0.000483, 0.003582, 0.00153], [0.000371, 0.000111, 0.001312, 0.000442]], "nuclear_repulsion_energy_from_xyz": 313.86459, "elements_3D_coords_converged": [-0.532235, 0.506275, 0.407634, -0.616911, 0.594443, 1.519964, -1.886554, -0.700162, -0.06507, -0.769555, 1.705583, -0.203528, 1.223078, -0.202274, -0.029366], "OPT_DONE": true}, "excited_states": {}, "freq": {}, "wavefunction": {"Mulliken_partial_charges": [0.033909, 0.129456, -0.163432, -0.032557, 0.032624], "MO_number": 38, "homo_indexes": [33], "SCF_values": [1.3e-09, 1.04e-08, 1.27e-11], "MO_number_kept": 38, "total_molecular_energy": -3137.34999966, "MO_energies": [[-12999.631849523184, -2737.74833443452, -1648.5701980475922, -1516.01701073663, -1515.8812259252306, -1515.8779605590246, -668.320868698917, -278.3520605227125, -253.47677287925498, -219.60322442746352, -192.2770073325525, -191.8661154182975, -191.859312572035, -163.9227441104525, -163.36082900917, -163.348855999748, -46.340172398598504, -46.181530023757006, -46.1730944943915, -45.7758082726615, -45.775536158811, -33.0599280387965, -22.316601107206, -19.649885372306, -16.444928441117, -13.253032974752, -11.811918022504, -11.419529850083, -7.971031022696501, -7.7789186442435, -7.201220939632, -6.900535134829499, -6.1791613171540005, -6.0575264259805, 2.1875232441695003, 3.6406112058395, 7.556057400684, 10.0984171059055]], "MO_coefs": [[[0.99389, 0.99439, -0.44512, 1.05679, 0.08288, 0.90751, -0.34813, -0.2032, 0.377, 0.91025, 0.12424, 0.14271, -0.19069, 0.96405, 0.99434, 0.99121, 0.03782, -0.37673, 1.0516, 0.0508, 0.18325, -0.52837, 1.0701, 0.72328, 0.62971, 0.23437, 0.0374, 0.03265, -0.60288, 0.76125, -0.18492, -0.2987, 0.94228, 0.04317, -0.37918, 0.14655, 0.0862, 0.9687, -0.37439, -0.22021, 0.05743, -0.15883, -0.3812, 0.4059, 0.97418, 0.12903, 0.05111, -0.06128, 0.07902, -0.40384, 0.1566, -0.20195, 1.03206, 0.02756, -0.4258, -0.33065, 0.12612, 0.61211, -0.56304, -0.04159, -0.22674, 0.67353, 0.70194, -0.34998, 0.85468, -0.30451, 0.08006, -0.21847, 0.82431, 0.13771, -0.20657, 0.3562, -0.36331, 0.12103, 0.3749, 0.89288, 0.19416, 0.09939, -0.0763, 0.20406, -0.02013, 0.1049, -0.05437, 0.01331, 0.02317, -0.23875, 0.88789, 0.02479, -0.11719, 0.06036, 0.01751, -0.13307, 0.39962, -0.11389, 0.09225, 0.06264, -0.20668, -0.03478, -0.02794, 0.66793, 0.10529, 0.08459, 0.0374, 0.05899, -0.25356, -0.06672, 0.02001, 0.03413, -0.08032, 0.03345, 0.25374, -0.07926, 0.02131, -0.08067, 0.2632, 0.19336, 0.03016, 0.07571, -0.05241, 0.17116, -0.59152, -0.036, 0.03028, -0.13562, 0.06771, -0.04386, 0.03066, -0.02745, 0.08115, -0.18711, 0.04399, 0.63822, -0.11123, 0.05955, 0.03819, 0.13976, -0.4788, 0.09615, -0.09735, -0.21814, -0.27307, 0.0289, -0.09277, 0.3533, -0.03722, -0.06549, -0.05534, -0.05764, 0.2717, 0.16647, -0.18618, 0.06896, -0.15352, 0.58645, 0.03793, -0.17136, 0.02427, -0.1308, 0.50169, 0.29286, 0.02875, -0.02831, 0.09871, -0.06953, -0.09539, 0.09589, -0.06405, 0.3133, -0.10426, 0.53773, -0.02946, -0.02591, -0.02909, 0.12544, 0.07206, -0.05027, 0.08548, 0.0342, -0.13708, 0.13689, 0.46424, 0.12894, 0.04509, -0.08228, 0.11066, 0.07262, 0.35112, -0.37116, -0.24204, -0.0858, 0.03355, -0.16777, 0.2356, -0.15437, 0.3928, -0.05533, 0.14317, 0.16121, 0.06953, -0.02619, 0.10712, 0.47804, -0.11559, -0.04737, -0.02821, 0.06401, 0.12405, -0.21858, -0.06706, 0.06722, 0.42426, 0.16873, -0.18257, -0.04645, -0.0414, 0.0963, 0.12383, -0.06021, -0.03075, -0.44332, -0.35404, 0.17475, 0.08656, -0.03957, -0.08276, -0.20356, -0.12384, 0.0283, 0.04077, 0.4468, -0.10442, -0.1467, 0.33631, 0.74592, 0.05582, 0.03995, 0.03137, -0.17973, -0.13077, -0.10049, -0.03411, -0.13774, -0.05626, -0.05867, -0.11806, -0.04556, 0.20105, 0.20811, 0.42698, 0.7637, 0.11509, 0.0316, -0.09466, 0.05774, 0.0807, 0.29784, -0.08264, -0.18535, 0.08503, -0.21286, 0.12729, -0.30982, 0.77335, -0.46268, 0.12103, 0.27842, 0.10571, 0.02198, -0.0659, 0.21495, 0.06919, -0.04218, -0.10906, -0.20907, 0.10384, -0.04983, -0.2078, -0.37843, 0.18226, 0.75835, -0.22726, 0.09476, 0.26461, 0.07941, -0.07832, -0.25261, 0.25373, -0.03996, -0.11206, 0.03781, -0.04149, -0.1378, 0.15176, 0.0598, 0.13356, -0.07764, 0.07998, -0.06406, 0.07614, 0.19214, -0.22836, -0.10152, -0.63218, 0.75193, -0.03895, -0.1108, -0.09491, 0.34642, -0.03373, -0.03287, 0.05963, 0.04166, 0.06239, 0.06314, -0.12496, -0.18715, -0.18938, 0.4101, 0.61649, 0.62479, -0.15955, 0.78327, -0.06832, -0.5696, -0.3313, -0.12589, 0.04604, 0.14124, 0.10423, -0.27885, -0.56726, -0.41964, -0.13829, 0.20045, 0.11221, 0.0527, -0.15842, -0.21378, 0.59046, -0.112, -0.06058, -0.03607, 0.18512, 0.96004, 0.12784, -0.05417, -0.06503, -0.08473, -0.03908, 0.20405, 0.26596, 0.34501, 0.15784, -0.28757, 0.05172, 0.03973, -0.15555, 0.08838, 0.05201, -0.29591, 0.59679, -0.33592, -0.1969, -0.10226, 0.4878, -0.1942, 0.82468, -0.42981, 0.04237, -0.12061, 0.07531, 0.08011, -0.49618, -0.13124, 0.69718, -0.35746, -0.04477, -0.11463, 0.09759, 0.12335, -0.75557, 0.10912, -0.13715, -0.91461, 1.21468, 0.07377, 0.03066, 0.17807, 0.07441], [20, 6, 20, 21, 25, 22, 23, 24, 22, 23, 24, 22, 23, 24, 15, 0, 1, 6, 7, 11, 20, 21, 25, 8, 9, 10, 12, 13, 8, 9, 10, 8, 10, 14, 22, 23, 24, 26, 27, 28, 30, 22, 23, 26, 27, 28, 31, 22, 23, 24, 26, 27, 28, 1, 33, 34, 35, 36, 37, 33, 35, 36, 37, 33, 34, 35, 36, 37, 33, 34, 35, 36, 37, 33, 34, 35, 36, 37, 0, 1, 2, 3, 4, 5, 11, 15, 16, 17, 18, 19, 29, 0, 1, 3, 5, 6, 7, 8, 9, 11, 12, 13, 14, 15, 16, 18, 19, 21, 25, 26, 29, 30, 31, 0, 1, 2, 4, 5, 6, 7, 11, 13, 15, 16, 17, 18, 19, 20, 21, 25, 26, 29, 30, 31, 32, 0, 1, 2, 3, 4, 5, 6, 7, 11, 12, 13, 14, 15, 16, 18, 19, 21, 25, 29, 0, 1, 2, 3, 4, 5, 9, 10, 11, 12, 13, 14, 15, 16, 17, 18, 25, 26, 28, 29, 30, 31, 32, 0, 1, 2, 3, 4, 5, 7, 8, 9, 11, 12, 13, 14, 15, 16, 17, 18, 19, 26, 29, 30, 31, 0, 1, 2, 3, 4, 7, 9, 11, 13, 14, 16, 17, 18, 19, 21, 22, 25, 26, 27, 28, 29, 30, 31, 32, 3, 4, 5, 8, 9, 10, 12, 13, 14, 18, 19, 26, 27, 28, 30, 31, 32, 1, 2, 8, 9, 10, 11, 12, 13, 14, 17, 18, 22, 26, 28, 29, 30, 31, 32, 8, 9, 10, 12, 13, 14, 17, 18, 19, 23, 27, 31, 2, 3, 4, 5, 8, 9, 10, 12, 13, 14, 17, 18, 19, 26, 27, 30, 31, 4, 5, 8, 9, 12, 13, 14, 17, 18, 19, 23, 24, 27, 28, 30, 31, 32, 4, 5, 8, 12, 13, 17, 19, 22, 23, 24, 26, 27, 28, 30, 31, 32, 0, 1, 2, 3, 4, 5, 7, 8, 9, 11, 12, 13, 14, 18, 19, 22, 26, 29, 30, 31, 32, 0, 1, 2, 3, 5, 8, 9, 10, 11, 12, 13, 14, 17, 22, 25, 26, 27, 28, 29, 30, 31, 32, 0, 1, 2, 3, 4, 12, 13, 14, 15, 16, 17, 18, 19, 30, 31, 32, 0, 1, 2, 3, 4, 5, 14, 16, 19, 32], [0, 1, 2, 5, 8, 11, 14, 15, 17, 20, 23, 28, 31, 34, 41, 47, 53, 59, 63, 68, 73, 78, 91, 113, 135, 154, 177, 199, 223, 240, 258, 270, 287, 304, 320, 341, 363, 379, 389]]], "virial_ratio": [2.0039, 2.0039, 2.0039, 2.0039, 2.0039],