{"molecule": {"atoms_masses": [12.0, 1.007825, 34.9688527, 18.9984033, 78.9183361], "nb_atoms": 5, "starting_geometry": [[-0.532235, 0.506275, 0.407634], [-0.616911, 0.594443, 1.519964], [-1.886554, -0.700162, -0.06507], [-0.769555, 1.705583, -0.203528], [1.223078, -0.202274, -0.029366]], "atoms_Z": [6, 1, 17, 9, 35], "atoms_Zeff": [-3.6, -1.0, -14.24, -6.75, -24.5], "multiplicity": 2, "chirality": true, "nuclear_spins": [0.0, 1.0, 3.0, 1.0, 3.0], "nuclear_QMom": [0.0, 0.0, -8.165, 0.0, 31.3], "connectivity": {"bond_orders": [1, 1, 1, 1, 1, 1, 1, 1], "atom_pairs": [[0, 1], [0, 2], [0, 3], [0, 4], [1, 0], [2, 0], [3, 0], [4, 0]]}, "charge": 1, "can": "F[C@H](Br)Cl", "smi": "[C@@H](Cl)(F)Br", "starting_nuclear_repulsion": 313.86459, "inchi": "InChI=1S/CHBrClF/c2-1(3)4/h1H/t1-/m1/s1", "formula": "CHBrClF+", "nuclear_gfactors": [0.0, 2.792846, 0.821874, 2.628867, 2.106399], "starting_energy": -3137.0116292, "nb_heavy_atoms": 4, "atoms_valence": [4, 1, 1, 1, 1], "monoisotopic_mass": 145.89341793199998}, "results": {"geometry": {"nuclear_repulsion_energy_from_xyz": 313.86459, "elements_3D_coords_converged": [-0.532235, 0.506275, 0.407634, -0.616911, 0.594443, 1.519964, -1.886554, -0.700162, -0.06507, -0.769555, 1.705583, -0.203528, 1.223078, -0.202274, -0.029366]}, "excited_states": {}, "freq": {}, "wavefunction": {"SCF_values": [2.92e-09, 6.65e-08, 4.55e-12], "MO_number": 38, "homo_indexes": [33, 32], "virial_ratio": [2.0046], "MO_number_kept": 38, "total_molecular_energy": -3137.0116292, "MO_energies": [[-13011.272063706023, -2747.131364227461, -1660.016939282725, -1527.4531395315935, -1527.426744488095, -1527.3094634185295, -675.9833226151466, -285.7492034347045, -262.4633327920175, -230.682884078272, -201.289690174963, -200.9552622526985, -200.7958035363055, -174.8296114661935, -174.7392696678275, -174.275315552725, -57.3999677383205, -57.377382288728995, -57.0625465637005, -56.99315753182301, -56.913156059776, -39.895155849506004, -30.2038210639485, -28.156980680487504, -23.884793227637502, -20.238195517087, -19.271102892410003, -18.9823900970295, -16.188597193946002, -15.186129768704001, -15.080277480859499, -14.825306802941, -14.434007085922001, -14.222846737934, -5.90487055585, -4.1042932070915, 0.428307200687, 3.4838736279515], [-13011.237505247009, -2747.088370239082, -1659.987550986871, -1527.4155878202246, -1527.3543622038621, -1527.29340870135, -675.9811457043426, -285.76988408734246, -262.407549452665, -230.5998893538695, -201.203157970504, -200.83090622302, -200.768864265106, -174.764032028223, -174.541987126215, -174.2380359552065, -57.3210547216755, -57.287040490363, -57.032614040145496, -56.916149312131495, -56.861726542031505, -39.884271295485995, -29.856875904561004, -27.492206543716005, -23.579209373525998, -20.158738272741, -19.0226629469035, -18.752726007207503, -14.931975432337001, -14.729522727565, -14.565710189564, -14.201077629894, -13.952093456686502, -12.2143744073935, -5.677927604533, -4.0006178300510005, 0.41089191425500005, 3.5129898099549997]], "MO_coefs": [[[0.99389, 0.9944, -0.44512, 1.05682, 0.08282, 0.81506, 0.46247, 0.32854, -0.56667, 0.69021, 0.4343, -0.54395, 0.83043, 0.99437, 0.99121, 0.03778, -0.37677, 1.05176, 0.05022, 0.18325, -0.5284, 1.07028, 0.88123, 0.39481, 0.2068, 0.04384, 0.02126, -0.42446, 0.88534, 0.11542, 0.04098, -0.1393, -0.19193, 0.95989, -0.41255, -0.03693, -0.03611, 1.05419, 0.09447, 0.09232, 0.05961, 0.0503, -0.34613, -0.22515, -0.12844, 0.88458, 0.57542, 0.04703, 0.22787, -0.34805, -0.58244, 0.88962, 0.04547, -0.23851, -0.37079, -0.26499, 0.60946, -0.60227, -0.2022, 0.40327, -0.26783, 0.62305, 0.58003, 0.04669, 0.83481, -0.54779, 0.79254, 0.40171, 0.45769, -0.52119, 0.04197, 0.83449, 0.17265, -0.07864, 0.21092, -0.01645, 0.10334, -0.05851, 0.01239, 0.02682, -0.23701, 0.88082, 0.02977, -0.12826, 0.06178, 0.02546, -0.01224, -0.12599, 0.37201, -0.12513, 0.0693, 0.05378, -0.17756, -0.03697, -0.02446, 0.57366, 0.1148, 0.07452, 0.03145, 0.05926, -0.25021, -0.04569, 0.05665, -0.13142, 0.04602, 0.43911, -0.11818, 0.03193, 0.02552, -0.02366, 0.07651, 0.17377, -0.05875, 0.19259, 0.01883, -0.65261, -0.06216, -0.06231, -0.02334, -0.03945, 0.04751, -0.0284, 0.08424, -0.1923, 0.03732, -0.01972, 0.68031, -0.1035, 0.05454, 0.03199, -0.17031, 0.58937, 0.04249, 0.18762, 0.25047, -0.0338, 0.10857, -0.41384, 0.04955, 0.06067, 0.05256, 0.06572, -0.30557, 0.02773, -0.16165, 0.15533, -0.05643, 0.12298, 0.03263, -0.50166, -0.07825, 0.04502, 0.05531, 0.03523, -0.16285, -0.04849, 0.54345, 0.2923, -0.02955, 0.03512, 0.02582, -0.03134, 0.12055, -0.11749, -0.08548, 0.10707, -0.05269, 0.25541, -0.11415, 0.4241, 0.08463, -0.04023, -0.06963, -0.04096, 0.18349, 0.20526, -0.0677, 0.12728, -0.03774, -0.25669, 0.41924, 0.05939, 0.09444, -0.20453, 0.05713, -0.02518, 0.05699, -0.28074, -0.05544, -0.3767, 0.33977, 0.03181, 0.04702, -0.06541, -0.14083, 0.02736, 0.30855, 0.4222, -0.07885, -0.04169, 0.42767, 0.25523, 0.05324, -0.08346, 0.09533, 0.09106, 0.03486, 0.35682, -0.32064, -0.3062, -0.11634, -0.0732, 0.37261, 0.13276, 0.03581, 0.04354, -0.09405, -0.04015, -0.17407, -0.12346, 0.29184, 0.12348, -0.03191, -0.09054, -0.05361, -0.07461, -0.04014, 0.26724, 0.05787, -0.0876, -0.03804, -0.31472, 0.03797, 0.07175, 0.0455, -0.11395, -0.2153, -0.13653, 0.37854, 0.71039, 0.45057, 0.04331, 0.11634, 0.07945, 0.0338, -0.42198, 0.11976, -0.28808, -0.47397, -0.17127, -0.05106, -0.03378, 0.05639, 0.08991, 0.10143, -0.16926, -0.29469, -0.33707, 0.55858, -0.0527, -0.09488, -0.16926, 0.12745, 0.61743, -0.46392, -0.10183, 0.06397, -0.07391, 0.20535, 0.05717, -0.06716, 0.0465, -0.17164, 0.22051, -0.15266, 0.56925, 0.07141, 0.05085, -0.11763, -0.18584, 0.42798, 0.50674, -0.24426, -0.47113, -0.04544, -0.04721, 0.13641, -0.06714, 0.1568, -0.45136, 0.22098, -0.04916, -0.16811, 0.12667, 0.04453, 0.61174, -0.46188, 0.49548, 0.3065, 0.23592, -0.03008, 0.05121, -0.05141, 0.10048, -0.16916, 0.17055, -0.0542, -0.14675, -0.28449, 0.0295, -0.05234, -0.19317, -0.10839, 0.19079, 0.70776, 0.18089, 0.52639, 0.06158, -0.07636, -0.20515, 0.04525, 0.25741, -0.16108, 0.79102, 0.18666, -0.54116, -0.34239, -0.13831, 0.12221, 0.08296, -0.21137, -0.49032, -0.33246, -0.08938, -0.07018, 0.20628, 0.13978, 0.05841, -0.1758, 0.05095, -0.26774, 0.67077, -0.19548, -0.11123, 0.96013, 0.26668, 0.0644, -0.04019, -0.09123, -0.10759, -0.04703, 0.25769, 0.37425, 0.43826, 0.19039, -0.31719, -0.04629, -0.04192, -0.10532, 0.07032, 0.04101, -0.22587, 0.41514, -0.27304, -0.1584, -0.09897, 0.46522, -0.19917, 0.80864, -0.46152, 0.05279, -0.12141, 0.07363, 0.07817, -0.48751, -0.13173, 0.70772, -0.3539, -0.03923, -0.09968, 0.09262, 0.12745, -0.779, 0.11943, -0.15979, -0.88097, 1.22731, 0.03427, 0.06851, 0.04961, 0.18496, 0.06125], [20, 6, 20, 21, 25, 22, 23, 24, 22, 23, 24, 23, 24, 15, 0, 1, 6, 7, 11, 20, 21, 25, 8, 9, 10, 12, 13, 8, 9, 10, 13, 8, 9, 10, 22, 23, 24, 26, 27, 28, 30, 22, 23, 24, 26, 27, 28, 31, 23, 24, 27, 28, 32, 33, 34, 35, 36, 37, 33, 34, 35, 36, 37, 33, 34, 37, 33, 35, 36, 33, 34, 35, 36, 0, 1, 2, 3, 4, 5, 11, 15, 16, 17, 18, 19, 29, 30, 0, 1, 3, 5, 6, 7, 8, 9, 11, 12, 13, 14, 15, 16, 18, 21, 25, 26, 29, 30, 31, 32, 0, 1, 2, 6, 7, 9, 11, 12, 13, 14, 16, 17, 20, 21, 25, 26, 27, 29, 30, 31, 32, 0, 1, 3, 4, 5, 6, 7, 11, 12, 13, 14, 15, 16, 17, 18, 19, 21, 25, 26, 29, 30, 31, 32, 0, 1, 2, 4, 5, 7, 8, 9, 10, 11, 12, 13, 14, 15, 16, 17, 18, 19, 25, 26, 28, 29, 30, 31, 32, 1, 2, 3, 8, 11, 12, 13, 14, 15, 16, 17, 18, 19, 21, 22, 25, 26, 28, 29, 30, 32, 1, 2, 3, 4, 7, 8, 9, 10, 11, 12, 13, 14, 16, 17, 19, 25, 26, 27, 28, 29, 30, 31, 32, 2, 3, 4, 9, 11, 13, 14, 17, 18, 19, 22, 23, 24, 26, 27, 28, 30, 31, 32, 2, 8, 10, 11, 12, 13, 14, 17, 18, 19, 23, 24, 26, 27, 28, 30, 31, 32, 4, 5, 8, 9, 12, 13, 14, 17, 18, 19, 24, 26, 27, 28, 30, 31, 32, 5, 8, 10, 12, 14, 17, 18, 19, 23, 26, 27, 28, 30, 31, 32, 5, 9, 10, 12, 13, 14, 17, 18, 19, 26, 27, 28, 30, 31, 32, 1, 4, 5, 8, 9, 10, 12, 13, 14, 18, 19, 26, 28, 30, 31, 32, 0, 1, 2, 3, 4, 5, 8, 9, 11, 12, 13, 14, 17, 18, 19, 22, 26, 27, 29, 30, 31, 