{"molecule": {"atoms_masses": [12.0, 1.007825, 34.9688527, 18.9984033, 78.9183361], "nb_atoms": 5, "starting_geometry": [[-0.532235, 0.506275, 0.407634], [-0.616911, 0.594443, 1.519964], [-1.886554, -0.700162, -0.06507], [-0.769555, 1.705583, -0.203528], [1.223078, -0.202274, -0.029366]], "atoms_Z": [6, 1, 17, 9, 35], "atoms_Zeff": [-3.6, -1.0, -14.24, -6.75, -24.5], "multiplicity": 2, "chirality": true, "nuclear_spins": [0.0, 1.0, 3.0, 1.0, 3.0], "nuclear_QMom": [0.0, 0.0, -8.165, 0.0, 31.3], "connectivity": {"bond_orders": [1, 1, 1, 1, 1, 1, 1, 1], "atom_pairs": [[0, 1], [0, 2], [0, 3], [0, 4], [1, 0], [2, 0], [3, 0], [4, 0]]}, "charge": -1, "can": "F[C@H](Br)Cl", "smi": "[C@@H](Cl)(F)Br", "starting_nuclear_repulsion": 313.86459, "inchi": "InChI=1S/CHBrClF/c2-1(3)4/h1H/t1-/m1/s1", "formula": "CHBrClF-", "nuclear_gfactors": [0.0, 2.792846, 0.821874, 2.628867, 2.106399], "starting_energy": -3137.15328875, "nb_heavy_atoms": 4, "atoms_valence": [4, 1, 1, 1, 1], "monoisotopic_mass": 145.89341793199998}, "results": {"geometry": {"nuclear_repulsion_energy_from_xyz": 313.86459, "elements_3D_coords_converged": [-0.532235, 0.506275, 0.407634, -0.616911, 0.594443, 1.519964, -1.886554, -0.700162, -0.06507, -0.769555, 1.705583, -0.203528, 1.223078, -0.202274, -0.029366]}, "excited_states": {}, "freq": {}, "wavefunction": {"SCF_values": [7.27e-09, 9.64e-08, -1.82e-12], "MO_number": 38, "homo_indexes": [34, 33], "virial_ratio": [2.0028], "MO_number_kept": 38, "total_molecular_energy": -3137.15328875, "MO_energies": [[-12989.536969897335, -2726.3503015786264, -1638.6383146181927, -1506.044582343506, -1505.9487982681298, -1505.9468934711765, -659.3438327709221, -267.254441357771, -242.69480578089352, -210.015837132797, -181.4169435590975, -181.10891068033152, -181.10319628947101, -154.23794005730701, -153.8531710727, -153.844463429484, -36.6371367174695, -36.5206719894555, -36.5141412570435, -36.260803262228, -36.260531148377495, -25.1669936911935, -13.5499091856475, -11.348236021252001, -8.6698193907805, -5.2390079636765, -3.7217011332885, -3.38509630022, -0.2114324618385, 0.1178252972665, 1.0294066964415, 1.298527294586, 1.5279192705575, 1.799761007207, 8.599886131202, 12.240225223191, 16.1001601925335, 18.0686317870505], [-12989.52281997711, -2726.2985999470316, -1638.625525267219, -1506.011928681446, -1505.9414511941663, -1505.9387300556616, -659.3348530138555, -266.7349760171665, -242.6251446351655, -209.9818229014845, -181.2335388238605, -181.0729916520655, -181.0631955534475, -154.164469317672, -153.835211558567, -153.82296643529452, -36.593326387539, -36.489923124349005, -36.4820318226845, -36.248558138955495, -36.248286025105, -25.0978767731665, -12.9452722098365, -11.009998505080501, -8.4319918854435, -4.883899388774, -3.122234320637, -2.741819157638, 0.0721101703825, 0.3512989809955, 1.2138998870805, 1.4800272328695, 1.672411725173, 2.0465682696105, 12.8380593527395, 13.2413320791805, 16.62615626555, 18.690411935443002]], "MO_coefs": [[[0.99389, 0.99438, -0.44511, 1.05677, 0.08293, 0.88671, -0.38667, -0.22421, 0.28202, 0.87045, -0.38584, 0.34679, 0.28086, 0.8871, 0.99431, 0.99092, 0.03906, -0.37669, 1.05136, 0.05181, 0.18325, -0.52836, 1.06996, 0.70216, 0.64806, 0.24727, 0.0371, 0.0342, -0.5046, 0.71926, -0.45218, 0.03393, -0.47712, 0.19526, 0.84301, -0.36621, 0.16944, 0.09913, 0.93548, -0.43283, -0.25324, 0.05643, -0.07524, -0.31522, 0.26075, 0.19226, 0.80546, -0.66628, -0.18152, -0.21187, -0.30851, 0.46383, 0.54139, 0.78832, 0.4135, 0.35904, -0.1715, -0.54335, 0.61127, 0.27265, -0.5884, 0.46656, 0.59676, -0.29801, 0.55034, -0.43616, 0.58467, 0.27582, 0.81298, 0.17994, -0.16936, 0.31733, -0.42108, 0.43507, 0.86378, 0.20941, 0.12709, -0.07244, 0.19045, -0.0184, 0.10438, -0.04592, 0.01469, 0.01836, -0.24167, 0.90076, 0.02239, -0.09794, 0.05886, 0.01557, -0.13574, 0.4018, -0.08209, 0.02373, 0.12077, 0.06136, -0.2022, -0.02303, -0.02185, 0.65372, 0.06483, 0.0637, 0.03217, 0.05799, -0.25324, -0.08838, 0.03322, 0.03996, -0.09337, 0.02957, 0.3014, -0.06727, 0.02463, -0.06939, 0.22228, 0.15987, 0.0322, 0.0787, -0.05611, 0.18318, -0.62949, -0.02375, 0.02638, -0.11952, 0.06832, -0.04581, 0.03478, -0.02802, 0.08295, -0.19023, 0.02681, 0.65754, -0.06164, 0.0555, 0.03447, 0.13804, -0.46272, 0.06861, -0.10221, -0.18675, -0.28557, 0.02936, -0.09433, 0.35455, -0.04383, -0.05954, -0.04621, -0.05686, 0.26939, 0.18129, -0.1895, 0.07084, -0.15731, 0.6026, 0.04922, -0.03008, 0.03623, -0.16815, -0.12213, 0.46614, 0.33094, 0.02337, -0.02621, 0.07058, -0.05594, -0.0767, 0.08774, -0.05599, 0.27707, -0.11979, 0.56639, -0.02238, -0.02731, -0.02898, 0.09919, 0.07629, -0.05374, 0.08532, 0.04995, -0.19356, 0.46652, 0.14302, 0.04122, -0.05882, 0.09846, 0.05155, 0.25914, -0.32799, -0.16947, -0.05937, 0.02992, -0.15176, 0.11121, -0.17551, 0.46443, 0.03267, -0.0489, -0.09765, 0.2325, 0.28206, 0.04146, 0.45934, -0.04298, 0.04223, 0.08051, 0.02485, 0.1908, -0.13907, -0.27238, -0.08244, 0.53324, 0.14815, -0.05705, -0.03037, -0.03498, 0.06178, 0.10459, -0.06799, -0.03047, -0.29642, -0.30247, 0.20141, 0.08735, 0.04851, -0.06966, -0.10458, -0.25602, -0.09717, 0.34624, -0.08323, -0.04764, 0.36283, 0.76376, -0.02612, 0.07821, 0.03102, 0.02901, -0.24829, -0.10227, -0.0927, -0.15737, -0.06947, -0.07217, -0.08562, -0.04134, 0.24658, 0.2546, 0.30678, 0.75175, 0.12733, 0.03467, -0.10382, 0.04823, 0.07127, 0.05625, 0.32715, -0.15059, -0.22897, -0.02868, -0.05233, 0.098, -0.20468, 0.05808, -0.3553, 0.73985, -0.2097, 0.24642, 0.08305, 0.05232, -0.15678, 0.03252, 0.51155, -0.02819, -0.06951, -0.16388, 0.05117, -0.24985, -0.1859, -0.09491, 0.90583, -0.16542, 0.12233, 0.03532, 0.03254, -0.10584, -0.10345, 0.34535, -0.05813, -0.05848, -0.17237, -0.06031, -0.04437, -0.08657, 0.21866, 0.16214, 0.10936, -0.03609, 0.10802, -0.03052, 0.0932, 0.09146, -0.27931, 0.03895, -0.29971, 0.91647, -0.0377, -0.03306, -0.14801, 0.06728, 0.53627, -0.24463, -0.10305, 0.04633, 0.0656, 0.03199, -0.13888, -0.19662, -0.0959, 0.45267, 0.64633, 0.31574, -0.16462, 0.80682, -0.56439, -0.31974, -0.13383, 0.04716, 0.13918, 0.09872, -0.27675, -0.55665, -0.39624, -0.12926, -0.04197, 0.18858, 0.10514, 0.05498, -0.16522, -0.24302, 0.61791, -0.13164, -0.07595, -0.03165, 0.16392, 0.98059, 0.18292, -0.07484, -0.03818, -0.0707, -0.08749, -0.04024, 0.23282, 0.29015, 0.35722, 0.1628, -0.28527, 0.04582, 0.04094, -0.1378, 0.08118, 0.04739, -0.29687, 0.53508, -0.31176, -0.18117, -0.1182, 0.58038, -0.23189, 0.83753, -0.32495, -0.15011, 0.03285, -0.13213, 0.06105, 0.08276, -0.50821, -0.1201, 0.67543, -0.37094, -0.05103, -0.10397, 0.08644, 0.11124, -0.6868, 0.10464, -0.03622, -0.98518, 1.18136, 0.087, -0.0323, -0.03574, 0.08523, 0.1408, 0.02986, 0.0829], [20, 6, 20, 21, 25, 22, 23, 24, 22, 23, 24, 22, 23, 24, 15, 0, 1, 6, 7, 11, 20, 21, 25, 8, 9, 10, 12, 13, 8, 9, 10, 13, 8, 9, 10, 22, 23, 24, 26, 27, 28, 30, 22, 23, 24, 26, 27, 28, 22, 23, 24, 26, 27, 28, 33, 34, 35, 36, 37, 33, 34, 36, 37, 33, 34, 35, 36, 37, 33, 34, 35, 36, 37, 34, 35, 36, 37, 0, 1, 2, 3, 4, 5, 11, 15, 16, 17, 18, 19, 29, 0, 1, 3, 4, 5, 6, 7, 8, 9, 11, 12, 13, 14, 15, 16, 18, 19, 21, 25, 26, 29, 30, 31, 0, 1, 2, 4, 5, 6, 7, 11, 13, 15, 16, 17, 18, 19, 20, 21, 25, 26, 29, 30, 31, 32, 0, 1, 2, 3, 4, 5, 6, 7, 11, 12, 13, 14, 15, 16, 18, 19, 21, 25, 29, 30, 32, 0, 1, 3, 4, 5, 9, 10, 11, 12, 13, 14, 15, 16, 17, 18, 25, 26, 28, 29, 30, 31, 32, 0, 1, 3, 4, 5, 7, 8, 9, 11, 12, 13, 14, 15, 16, 17, 18, 19, 22, 25, 26, 29, 30, 1, 2, 7, 8, 9, 10, 11, 12, 13, 14, 17, 18, 19, 21, 22, 25, 26, 27, 28, 29, 30, 31, 32, 1, 3, 4, 5, 8, 12, 14, 17, 18, 19, 22, 26, 27, 28, 30, 31, 32, 2, 8, 9, 10, 11, 12, 13, 14, 17, 18, 22, 26, 27, 28, 29, 30, 31, 32, 4, 5, 8, 9, 10, 12, 13, 14, 18, 19, 23, 27, 30, 31, 3, 4, 5, 8, 10, 12, 13, 14, 17, 19, 23, 26, 27, 30, 31, 32, 4, 5, 9, 10, 12, 13, 14, 17, 18, 19, 23, 24, 27, 28, 30, 31, 32, 2, 5, 8, 9, 12, 13, 14, 22, 23, 24, 26, 27, 28, 30, 31, 32, 0, 1, 3, 4, 5, 7, 8, 9, 11, 12, 13, 14, 16, 18, 19, 22, 26, 29, 30, 31, 32, 0, 1, 2, 3, 5, 7, 8, 9, 10, 11, 12, 13, 