{"molecule": {"atoms_masses": [12.0, 1.007825, 34.9688527, 18.9984033, 78.9183361], "nb_atoms": 5, "starting_geometry": [[-0.532235, 0.506275, 0.407634], [-0.616911, 0.594443, 1.519964], [-1.886554, -0.700162, -0.06507], [-0.769555, 1.705583, -0.203528], [1.223078, -0.202274, -0.029366]], "atoms_Z": [6, 1, 17, 9, 35], "atoms_Zeff": [-3.6, -1.0, -14.24, -6.75, -24.5], "multiplicity": 1, "chirality": true, "nuclear_spins": [0.0, 1.0, 3.0, 1.0, 3.0], "nuclear_QMom": [0.0, 0.0, -8.165, 0.0, 31.3], "connectivity": {"bond_orders": [1, 1, 1, 1, 1, 1, 1, 1], "atom_pairs": [[0, 1], [0, 2], [0, 3], [0, 4], [1, 0], [2, 0], [3, 0], [4, 0]]}, "charge": 0, "can": "F[C@H](Br)Cl", "smi": "[C@@H](Cl)(F)Br", "starting_nuclear_repulsion": 313.86459, "inchi": "InChI=1S/CHBrClF/c2-1(3)4/h1H/t1-/m1/s1", "formula": "CHBrClF", "nuclear_gfactors": [0.0, 2.792846, 0.821874, 2.628867, 2.106399], "starting_energy": -3137.34999966, "nb_heavy_atoms": 4, "atoms_valence": [4, 1, 1, 1, 1], "monoisotopic_mass": 145.89341793199998}, "results": {"geometry": {"nuclear_repulsion_energy_from_xyz": 313.86459, "elements_3D_coords_converged": [-0.532235, 0.506275, 0.407634, -0.616911, 0.594443, 1.519964, -1.886554, -0.700162, -0.06507, -0.769555, 1.705583, -0.203528, 1.223078, -0.202274, -0.029366]}, "excited_states": {"et_oscs": [0.0026, 0.0096, 0.0053, 0.0009, 0.0043, 0.0045, 0.0218, 0.0322, 0.0236, 0.1867], "et_rot": [-6.5886, 17.9029, -9.1786, -1.3453, 3.0446, -5.655, 11.3712, -21.1882, 19.4692, -2.5798], "et_transitions": [[[[32, 0], [34, 0], 0.960279293122579], [[33, 0], [34, 0], -0.24197194052203658]], [[[32, 0], [34, 0], 0.2573302998094084], [[33, 0], [34, 0], 0.9338759259130733], [[33, 0], [35, 0], 0.1439669406495811]], [[[30, 0], [34, 0], -0.1695217797216629], [[31, 0], [34, 0], 0.9512141841877676], [[31, 0], [35, 0], -0.19106025227660514]], [[[30, 0], [34, 0], 0.9514263162221235], [[31, 0], [34, 0], 0.17242091752452776]], [[[28, 0], [34, 0], -0.19059356180102202], [[29, 0], [34, 0], 0.440428529729853], [[33, 0], [35, 0], 0.8572962615105703]], [[[32, 0], [35, 0], 0.9751709619343677]], [[[28, 0], [34, 0], 0.593545432127988], [[29, 0], [34, 0], -0.53730215875241], [[29, 0], [35, 0], 0.14772874872549352], [[31, 0], [35, 0], -0.3324957506495384], [[33, 0], [35, 0], 0.40377211419314235]], [[[28, 0], [34, 0], 0.6495624313335864], [[29, 0], [34, 0], 0.4789799914401436], [[29, 0], [35, 0], 0.3234164995791031], [[30, 0], [34, 0], 0.1435143923096217], [[30, 0], [35, 0], 0.3198385392662992], [[31, 0], [35, 0], 0.28906525214906065]], [[[29, 0], [35, 0], -0.1683338403292695], [[30, 0], [35, 0], 0.7041793591124352], [[31, 0], [35, 0], -0.6528151225270444]], [[[27, 0], [34, 0], -0.17560289803986723], [[28, 0], [35, 0], 0.6975608396405292], [[29, 0], [34, 0], -0.384029692862414], [[30, 0], [35, 0], 0.40149523035772167], [[31, 0], [35, 0], 0.31607673119038676]]], "et_energies": [54587.603754719996, 54769.885055674, 59334.983123814, 61436.057411359, 65286.548255404996, 66226.18416519, 68043.351293727, 70415.42786941599, 74125.578242816, 77847.02037822199], "et_sym": ["Singlet-A", "Singlet-A", "Singlet-A", "Singlet-A", "Singlet-A", "Singlet-A", "Singlet-A", "Singlet-A", "Singlet-A", "Singlet-A"]}, "freq": {}, "wavefunction": {"Mulliken_partial_charges": [0.033909, 0.129456, -0.163432, -0.032557, 0.032624], "MO_number": 38, "homo_indexes": [33], "SCF_values": [2.19e-10, 2.84e-09, null], "MO_number_kept": 38, "total_molecular_energy": -3137.34999966, "MO_energies": [[-12999.631849523184, -2737.74833443452, -1648.5701980475922, -1516.01701073663, -1515.8812259252306, -1515.8779605590246, -668.320868698917, -278.3520605227125, -253.47677287925498, -219.60322442746352, -192.2770073325525, -191.8661154182975, -191.859312572035, -163.9227441104525, -163.36082900917, -163.348855999748, -46.340172398598504, -46.181530023757006, -46.1730944943915, -45.7758082726615, -45.775536158811, -33.0599280387965, -22.316601107206, -19.649885372306, -16.444928441117, -13.253032974752, -11.811918022504, -11.419529850083, -7.971031022696501, -7.7789186442435, -7.201220939632, -6.900535134829499, -6.1791613171540005, -6.0575264259805, 2.1875232441695003, 3.6406112058395, 7.556057400684, 10.0984171059055]], "virial_ratio": [2.0039], "MO_sym": [["A", "A", "A", "A", "A", "A", "A", "A", "A", "A", "A", "A", "A", "A", "A", "A", "A", "A", "A", "A", "A", "A", "A", "A", "A", "A", "A", "A", "A", "A", "A", "A", "A", "A", "A", "A", "A", "A"]]}}, "comp_details": {"geometry": {}, "excited_states": {"nb_et_states": 10}, "freq": {}, "general": {"scf_targets": [[1e-08, 1e-06, 1e-06]], "list_theory": ["DFT"], "solvent": "Gas", "package": "Gaussian", "integration_grid": "Default", "package_version": "09revisionD.01", "basis_set_size": 38, "job_type": ["TD"], "functional": "PBE1PBE", "is_closed_shell": "True", "core_electrons_per_atoms": [0, 0, 0, 0, 0], "basis_set_md5": "a4590c9d25007fb860e35bfd6a66769c", "basis_set": "(lp0\n(lp1\n(VS\np2\n(lp3\n(F71.61683735\nF0.1543289673\ntp4\na(F13.04509632\nF0.5353281423\ntp5\na(F3.53051216\nF0.4446345422\ntp6\natp7\na(g2\n(lp8\n(F2.941249355\nF-0.09996722919\ntp9\na(F0.6834830964\nF0.3995128261\ntp10\na(F0.2222899159\nF0.7001154689\ntp11\natp12\na(VP\np13\n(lp14\n(F2.941249355\nF0.155916275\ntp15\na(F0.6834830964\nF0.6076837186\ntp16\na(F0.2222899159\nF0.3919573931\ntp17\natp18\naa(lp19\n(g2\n(lp20\n(F3.425250914\nF0.1543289673\ntp21\na(F0.6239137298\nF0.5353281423\ntp22\na(F0.168855404\nF0.4446345422\ntp23\natp24\naa(lp25\n(g2\n(lp26\n(F601.3456136\nF0.1543289673\ntp27\na(F109.5358542\nF0.5353281423\ntp28\na(F29.64467686\nF0.4446345422\ntp29\natp30\na(g2\n(lp31\n(F38.96041889\nF-0.09996722919\ntp32\na(F9.053563477\nF0.3995128261\ntp33\na(F2.944499834\nF0.7001154689\ntp34\natp35\na(g13\n(lp36\n(F38.96041889\nF0.155916275\ntp37\na(F9.053563477\nF0.6076837186\ntp38\na(F2.944499834\nF0.3919573931\ntp39\natp40\na(g2\n(lp41\n(F2.129386495\nF-0.219620369\ntp42\na(F0.5940934274\nF0.2255954336\ntp43\na(F0.232524141\nF0.900398426\ntp44\natp45\na(g13\n(lp46\n(F2.129386495\nF0.01058760429\ntp47\na(F0.5940934274\nF0.5951670053\ntp48\na(F0.232524141\nF0.462001012\ntp49\natp50\naa(lp51\n(g2\n(lp52\n(F166.679134\nF0.1543289673\ntp53\na(F30.36081233\nF0.5353281423\ntp54\na(F8.216820672\nF0.4446345422\ntp55\natp56\na(g2\n(lp57\n(F6.464803249\nF-0.09996722919\ntp58\na(F1.502281245\nF0.3995128261\ntp59\na(F0.4885884864\nF0.7001154689\ntp60\natp61\na(g13\n(lp62\n(F6.464803249\nF0.155916275\ntp63\na(F1.502281245\nF0.6076837186\ntp64\na(F0.4885884864\nF0.3919573931\ntp65\natp66\naa(lp67\n(g2\n(lp68\n(F2629.997471\nF0.1543289673\ntp69\na(F479.0573224\nF0.5353281423\ntp70\na(F129.651607\nF0.4446345422\ntp71\natp72\na(g2\n(lp73\n(F219.8350255\nF-0.09996722919\ntp74\na(F51.08493222\nF0.3995128261\ntp75\na(F16.61440546\nF0.7001154689\ntp76\natp77\na(g13\n(lp78\n(F219.8350255\nF0.155916275\ntp79\na(F51.08493222\nF0.6076837186\ntp80\na(F16.61440546\nF0.3919573931\ntp81\natp82\na(g2\n(lp83\n(F19.50173109\nF-0.2277635023\ntp84\na(F5.948649577\nF0.2175436044\ntp85\na(F2.29517394\nF0.9166769611\ntp86\natp87\na(g13\n(lp88\n(F19.50173109\nF0.004951511155\ntp89\na(F5.948649577\nF0.5777664691\ntp90\na(F2.29517394\nF0.4846460366\ntp91\natp92\na(g2\n(lp93\n(F1.396037488\nF-0.3088441214\ntp94\na(F0.5152256318\nF0.01960641165\ntp95\na(F0.2275290713\nF1.131034442\ntp96\natp97\na(g13\n(lp98\n(F1.396037488\nF-0.12154686\ntp99\na(F0.5152256318\nF0.5715227604\ntp100\na(F0.2275290713\nF0.5498949471\ntp101\natp102\na(VD\np103\n(lp104\n(F19.50173109\nF0.2197679508\ntp105\na(F5.948649577\nF0.6555473627\ntp106\na(F2.29517394\nF0.286573259\ntp107\natp108\naa.", "last_theory": "DFT", "all_unique_theory": ["DFT"]}}, "metadata": {"archivable_for_new_entry": "False", "archivable": "True", "parser_version": "v7.1", "log_file": "TD.log"}}
