{"molecule": {"atoms_masses": [57.9353471], "nb_atoms": 1, "starting_geometry": [[2.0, 0.0, 0.0]], "atoms_Z": [28], "atoms_Zeff": [-25.48], "multiplicity": 3, "chirality": false, "nuclear_spins": [0.0], "nuclear_QMom": [0.0], "connectivity": {"bond_orders": [], "atom_pairs": []}, "charge": 0, "can": "[Ni]", "smi": "[Ni]", "starting_nuclear_repulsion": 0.0, "inchi": "InChI=1S/Ni", "formula": "Ni", "nuclear_gfactors": [0.0], "starting_energy": -1507.9604709, "nb_heavy_atoms": 1, "atoms_valence": [0], "monoisotopic_mass": 57.9353429}, "results": {"geometry": {"geometric_values": [[0.0, 0.0, 0.0, 0.0]], "nuclear_repulsion_energy_from_xyz": 0.0, "elements_3D_coords_converged": [2.0, 0.0, 0.0], "OPT_DONE": true}, "excited_states": {"et_oscs": [0.0, 0.0, 0.0, 0.0, 0.0, 0.0, 0.0, 0.0, 0.2345, 0.1807], "et_rot": [0.0, 0.0, 0.0, 0.0, 0.0, 0.0, 0.0, 0.0, 0.0, 0.0], "et_transitions": [[[[12, 1], [14, 1], 1.03806], [[12, 1], [27, 1], -0.1067]], [[[11, 1], [14, 1], 1.03812], [[11, 1], [27, 1], -0.1067]], [[[10, 1], [14, 1], 1.14233], [[10, 1], [27, 1], -0.13612]], [[[9, 1], [14, 1], 1.14233], [[9, 1], [27, 1], -0.13612]], [[[12, 1], [13, 1], 0.99445], [[12, 1], [18, 1], -0.10033]], [[[11, 1], [13, 1], 0.99445], [[11, 1], [18, 1], -0.10033]], [[[10, 1], [13, 1], 0.99146], [[10, 1], [18, 1], -0.10023]], [[[9, 1], [13, 1], 0.99146], [[9, 1], [18, 1], -0.10023]], [[[14, 0], [15, 0], 0.98335], [[9, 1], [16, 1], -0.1116], [[10, 1], [15, 1], -0.1116]], [[[14, 0], [16, 0], 0.93163], [[9, 1], [17, 1], -0.10913], [[11, 1], [15, 1], -0.23584], [[12, 1], [16, 1], 0.23584]]], "et_energies": [1136.435190461, 1137.2417448899998, 1849.429305697, 1849.429305697, 4357.007025458, 4357.007025458, 12181.391541187, 12181.391541187, 29177.913023504, 29599.740989871], "et_sym": ["3.001-?Sym", "3.001-?Sym", "3.001-?Sym", "3.001-?Sym", "3.003-?Sym", "3.003-?Sym", "3.003-?Sym", "3.003-?Sym", "3.007-?Sym", "3.068-?Sym"]}, "freq": {}, "wavefunction": {"SCF_values": [3.87e-11, 7.11e-10, null], "MO_number": 81, "homo_indexes": [14, 12], "virial_ratio": [2.0006], "MO_number_kept": 45, "total_molecular_energy": -1507.9604709, "MO_energies": [[-8165.670522479094, -974.2856822011171, -849.9655715508829, -849.00609811402, -849.00609811402, -109.5848735318085, -72.1762940481715, -70.246190506575, -70.246190506575, -8.7198883392725, -7.247752408067499, -7.247752408067499, -6.5772638804355, -6.5772638804355, -5.3059479708995, -0.43184468074349996, -0.273746533603, -0.273746533603, 0.349394184042, 5.616974102021, 5.693165980161, 5.892897546428, 5.892897546428, 7.851573042327001, 8.0259980204975, 8.0259980204975, 8.1865451922925, 8.1865451922925, 33.044961777019005, 33.125507476767005, 33.125507476767005, 33.347008151074, 33.347008151074, 33.491228491839, 33.491228491839, 43.2701839372575, 43.9907414133815, 43.9907414133815, 44.404082352291, 44.404082352291, 48.136395925749, 49.088250174798, 49.088250174798, 88.97224935643351, 111.90437199347049], [-8165.6365082477805, -973.6394118061794, -849.062697794924, -848.6803778349715, -848.6803778349715, -108.07300897843051, -69.375970412676, -69.2684854417285, -69.2684854417285, -6.619985754964, -6.619985754964, -5.6488114225295, -5.6488114225295, -2.5369174282115, -0.22558238206450001, 0.649263647293, 0.649263647293, 0.672665438436, 0.8944382265935001, 6.574270628080001, 6.8210778904835, 6.878493912939001, 6.878493912939001, 8.7732226539705, 8.7732226539705, 8.9533620230015, 8.9533620230015, 9.430921830629, 34.169336207285, 34.169336207285, 34.343761185455506, 34.343761185455506, 34.4792738830045, 34.4792738830045, 34.484444046164, 44.748034259323, 44.748034259323, 45.3006974896885, 45.3006974896885, 45.891456659124, 49.639552835911, 49.8765639996965, 49.8765639996965, 90.11485541468299, 113.404535651277]]}}, "comp_details": {"geometry": {"geometric_targets": [0.00045, 0.0003, 0.0018, 0.0012]}, "excited_states": {"nb_et_states": 10}, "freq": {}, "general": {"scf_targets": [[1e-08, 1e-06, 1e-06]], "list_theory": ["DFT"], "solvent": "Gas", "package": "Gaussian", "integration_grid": "Default", "package_version": "09revisionD.01", "basis_set_size": 81, "job_type": ["OPT_ES"], "functional": "PBE1PBE", "is_closed_shell": "False", "core_electrons_per_atoms": [0], "basis_set_md5": "0b2dddd1764d385e0c97061f45ea5e27", "basis_set": "(lp0\n(lp1\n(VS\np2\n(lp3\n(F284878.0\nF0.0006455218191\ntp4\na(F41997.9\nF0.004962448985\ntp5\na(F9627.67\nF0.02529638629\ntp6\na(F2761.96\nF0.09937001503\ntp7\na(F920.488\nF0.3015797249\ntp8\na(F341.805\nF0.6584322555\ntp9\natp10\na(g2\n(lp11\n(F138.023\nF1.0\ntp12\natp13\na(g2\n(lp14\n(F59.2587\nF1.0\ntp15\natp16\na(g2\n(lp17\n(F20.3712\nF1.0\ntp18\natp19\na(g2\n(lp20\n(F8.594\nF1.0\ntp21\natp22\na(g2\n(lp23\n(F2.39417\nF1.0\ntp24\natp25\na(g2\n(lp26\n(F0.918169\nF1.0\ntp27\natp28\na(g2\n(lp29\n(F0.130176\nF1.0\ntp30\natp31\na(g2\n(lp32\n(F0.046392\nF1.0\ntp33\natp34\na(g2\n(lp35\n(F0.013918\nF1.0\ntp36\natp37\na(VP\np38\n(lp39\n(F1774.18\nF0.003917791241\ntp40\na(F423.403\nF0.03103687502\ntp41\na(F138.311\nF0.138198426\ntp42\na(F53.1703\nF0.3748595782\ntp43\na(F22.3874\nF0.5775222709\ntp44\natp45\na(g38\n(lp46\n(F9.92848\nF1.0\ntp47\natp48\na(g38\n(lp49\n(F4.11625\nF1.0\ntp50\natp51\na(g38\n(lp52\n(F1.71031\nF1.0\ntp53\natp54\na(g38\n(lp55\n(F0.672528\nF1.0\ntp56\natp57\na(g38\n(lp58\n(F0.146588\nF1.0\ntp59\natp60\na(g38\n(lp61\n(F0.044447\nF1.0\ntp62\natp63\na(VD\np64\n(lp65\n(F48.9403\nF0.05686410061\ntp66\na(F13.7169\nF0.3067635406\ntp67\na(F4.63951\nF0.7652907672\ntp68\natp69\na(g64\n(lp70\n(F1.57433\nF1.0\ntp71\natp72\na(g64\n(lp73\n(F0.486409\nF1.0\ntp74\natp75\na(g64\n(lp76\n(F0.1316\nF1.0\ntp77\natp78\na(VF\np79\n(lp80\n(F4.3\nF1.0\ntp81\natp82\na(g79\n(lp83\n(F1.29\nF1.0\ntp84\natp85\na(g79\n(lp86\n(F0.387\nF1.0\ntp87\natp88\na(VG\np89\n(lp90\n(F1.29\nF1.0\ntp91\natp92\naa.", "last_theory": "DFT", "all_unique_theory": ["DFT"]}}, "metadata": {"archivable_for_new_entry": "False", "archivable": "True", "parser_version": "v7.1", "log_file": "OPT_ES1.log"}}
