{"molecule": {"atoms_masses": [12.0, 12.0, 12.0, 12.0, 12.0, 12.0, 1.007825, 1.007825, 1.007825, 1.007825, 1.007825, 1.007825], "nb_atoms": 12, "starting_geometry": [[-1.207072, -0.685016, 4e-06], [-1.196701, 0.702745, 6.3e-05], [-0.010302, -1.387774, -6e-06], [0.010344, 1.387805, -4.4e-05], [1.196735, -0.702711, 2e-06], [1.207109, 0.685048, 5e-06], [-2.149452, -1.21976, 1e-06], [-2.130989, 1.251543, 7.2e-05], [-0.018289, -2.471285, -4.9e-05], [0.018305, 2.471313, 4e-06], [2.131026, -1.25151, 3.8e-05], [2.149485, 1.219802, 1.2e-05]], "atoms_Z": [6, 6, 6, 6, 6, 6, 1, 1, 1, 1, 1, 1], "atoms_Zeff": [-3.6, -3.6, -3.6, -3.6, -3.6, -3.6, -1.0, -1.0, -1.0, -1.0, -1.0, -1.0], "multiplicity": 1, "chirality": false, "nuclear_spins": [0.0, 0.0, 0.0, 0.0, 0.0, 0.0, 1.0, 1.0, 1.0, 1.0, 1.0, 1.0], "nuclear_QMom": [0.0, 0.0, 0.0, 0.0, 0.0, 0.0, 0.0, 0.0, 0.0, 0.0, 0.0, 0.0], "connectivity": {"bond_orders": [2, 1, 1, 2, 1, 1, 1, 2, 1, 1, 2, 1, 2, 1, 1, 2, 1, 1, 1, 1, 1, 1, 1, 1], "atom_pairs": [[0, 1], [0, 2], [0, 6], [1, 0], [1, 3], [1, 7], [2, 0], [2, 4], [2, 8], [3, 1], [3, 5], [3, 9], [4, 2], [4, 5], [4, 10], [5, 3], [5, 4], [5, 11], [6, 0], [7, 1], [8, 2], [9, 3], [10, 4], [11, 5]]}, "charge": 0, "can": "c1ccccc1", "smi": "c1ccccc1", "starting_nuclear_repulsion": 204.37517, "inchi": "InChI=1S/C6H6/c1-2-4-6-5-3-1/h1-6H", "formula": "C6H6", "nuclear_gfactors": [0.0, 0.0, 0.0, 0.0, 0.0, 0.0, 2.792846, 2.792846, 2.792846, 2.792846, 2.792846, 2.792846], "starting_energy": -232.035950335, "nb_heavy_atoms": 6, "atoms_valence": [3, 3, 3, 3, 3, 3, 1, 1, 1, 1, 1, 1], "monoisotopic_mass": 78.046950192}, "results": {"geometry": {"geometric_values": [[0.028507, 0.009482, 0.058553, 0.026928], [0.001058, 0.000382, 0.003416, 0.001367], [1e-05, 4e-06, 5e-05, 1.6e-05]], "nuclear_repulsion_energy_from_xyz": 200.78851, "elements_3D_coords_converged": [-1.232789, -0.699641, 9e-06, -1.222288, 0.717909, 3.4e-05, -0.010496, -1.417583, -2e-06, 0.01053, 1.417617, 2e-06, 1.222321, -0.717876, 1e-06, 1.232822, 0.699674, 5e-06, -2.173444, -1.233428, 0.0, -2.154929, 1.265583, 5.3e-05, -0.018511, -2.4991, -2.7e-05, 0.018543, 2.499133, 8e-06, 2.154962, -1.265549, 9e-06, 2.173478, 1.233461, 9e-06], "OPT_DONE": true}, "excited_states": {"et_oscs": [0.0, 0.0, 0.0, 0.0, 0.0523, 0.0, 0.0, 0.0, 0.6006, 0.6006, 0.0, 0.0, 0.0, 0.0, 0.0547, 0.5823, 0.5823, 0.0, 0.0, 0.0, 0.0, 0.0, 0.0, 0.0, 0.0547, 0.583, 0.5831, 0.0, 0.0, 0.0], "et_rot": [0.0, 0.0, 0.0031, -0.0031, 0.0, 0.0023, -0.0022, 0.0, 0.0, 0.0], "et_transitions": [[[[19, 0], [21, 0], 0.6449520951202501], [[19, 0], [22, 0], 0.2877076071291825], [[20, 0], [21, 0], -0.2879197391635384], [[20, 0], [22, 0], 0.645008663662745]], [[[19, 0], [21, 0], 0.28701464248361963], [[19, 0], [22, 0], -0.6428024905054429], [[20, 0], [21, 0], 0.6436651607784906], [[20, 0], [22, 0], 0.2870570688904908]], [[[19, 0], [23, 0], -0.323317504629737], [[20, 0], [23, 0], 0.9391933689075962]], [[[19, 0], [23, 0], 0.9391792267719725], [[20, 0], [23, 0], 0.32333164676536075]], [[[19, 0], [24, 0], -0.6347131889286688], [[19, 0], [25, 0], 0.2913704202557288], [[20, 0], [24, 0], 0.2983849195250994], [[20, 0], [25, 0], 0.638121443613988]], [[[19, 0], [24, 0], 0.6259874912488268], [[19, 0], [25, 0], 0.3154827614941901], [[20, 0], [24, 0], -0.32033351401312976], [[20, 0], [25, 0], 0.6283916543048611]], [[[19, 0], [24, 0], 0.3230912304597573], [[19, 0], [25, 0], -0.6252521001963929], [[20, 0], [24, 0], 0.6290704768148002], [[20, 0], [25, 0], 0.3127391871831863]], [[[19, 0], [24, 0], 0.29702727450522115], [[19, 0], [25, 0], 0.6444288361021719], [[20, 0], [24, 0], 0.635024315912391], [[20, 0], [25, 0], -0.2957544822990854]], [[[19, 0], [21, 0], 0.6357879912360724], [[19, 0], [22, 0], -0.2638073979250772], [[19, 0], [28, 0], -0.15789694423895606], [[20, 0], [21, 0], -0.2634679866701076], [[20, 0], [22, 0], -0.6356607120154588]], [[[19, 0], [21, 0], 0.2636376922975924], [[19, 0], [22, 0], 0.6362405395760318], [[20, 0], [21, 0], 0.6354202957098554], [[20, 0], [22, 0], -0.26375082938258226], [[20, 0], [28, 0], 0.1570908425084034]], [[[19, 0], [21, 0], 0.6161162805834626], [[19, 0], [22, 0], -0.34530852552463864], [[20, 0], [21, 0], -0.34546408901649966], [[20, 0], [22, 0], -0.6163284126178186]], [[[19, 0], [21, 0], -0.3443751445734724], [[19, 0], [22, 0], -0.6143767979017437], [[20, 0], [21, 0], -0.6147586355635845], [[20, 0], [22, 0], 0.3445307080653334]], [[[20, 0], [23, 0], 0.9930749056340111]], [[[19, 0], [23, 0], 0.9930890477696348]], [[[19, 0], [25, 0], 0.6927807977997081], [[20, 0], [24, 0], -0.7066683749822119]], [[[19, 0], [21, 0], -0.6054672524587933], [[19, 0], [22, 0], 0.336512117166678], [[20, 0], [21, 0], -0.33634241153919325], [[20, 0], [22, 0], -0.605269262560061], [[20, 0], [28, 0], -0.15833535044329175]], [[[19, 0], [21, 0], -0.3365545435735492], [[19, 0], [22, 0], -0.6056228159506543], [[19, 0], [28, 0], 0.15762824366210518], [[20, 0], [21, 0], 0.6052551204244373], [[20, 0], [22, 0], -0.3363848379460644]], [[[19, 0], [25, 0], 0.7090442537669986], [[20, 0], [24, 0], 0.6952415293982372]], [[[19, 0], [24, 0], 0.7002337032734144], [[20, 0], [25, 0], -0.7041086484343166]], [[[19, 0], [24, 0], 0.7055370041323135], [[20, 0], [25, 0], 0.7017186275139061]], [[[19, 0], [21, 0], -0.6955102299750883], [[20, 0], [22, 0], 0.6958072148231865]], [[[19, 0], [22, 0], 0.693572757394637], [[20, 0], [21, 0], 0.693997021463349]], [[[20, 0], [23, 0], 0.9929476264133975]], [[[19, 0], [23, 0], 0.9929617685490213]], [[[19, 0], [25, 0], 0.6917059954923046], [[20, 0], [24, 0], 0.7067532277959543]], [[[19, 0], [21, 0], 0.6913382999660875], [[20, 0], [22, 0], 0.6910413151179893], [[20, 0], [28, 0], -0.1594667212931902]], [[[19, 0], [22, 0], 0.6914797213223248], [[19, 0], [28, 0], 0.15875961451200366], [[20, 0], [21, 0], -0.691055457253613]], [[[19, 0], [25, 0], 0.7105857465499854], [[20, 0], [24, 0], -0.6956940777381967]], [[[19, 0], [24, 0], -0.7010963735464619], [[20, 0], [25, 0], -0.7052541614198389]], [[[19, 0], [24, 0], -0.7052117350129676], [[20, 0], [25, 0], 0.7010115207327196]]], "et_energies": [44541.161787096, 49848.289929916, 51486.401975215, 51490.43474736, 55683.711223731, 56054.726261071, 56056.339369928995, 56616.894698084, 57109.699454203, 57112.11911749, 42392.50078824, 47819.805540981, 50842.771540873, 50850.837085163, 54880.383012447, 54949.746693340996, 54950.553247769996, 55261.076702934995, 55261.883257364, 55834.536901954, 42471.543122282, 47894.815102878, 50872.614054746, 50880.679599036, 54911.838635178, 55031.20869067, 55032.821799528, 55291.725771237, 55292.532325666005, 55864.379415827], "et_sym": ["Singlet-?Sym", "Singlet-?Sym", "Singlet-?Sym", "Singlet-?Sym", "Singlet-?Sym", "Singlet-?Sym", "Singlet-?Sym", "Singlet-?Sym", "Singlet-?Sym", "Singlet-?Sym", "Singlet-?Sym", "Singlet-?Sym", "Singlet-?Sym", "Singlet-?Sym", "Singlet-?Sym", "Singlet-?Sym", "Singlet-?Sym", "Singlet-?Sym", "Singlet-?Sym", "Singlet-?Sym", "Singlet-?Sym", "Singlet-?Sym", "Singlet-?Sym", "Singlet-?Sym", "Singlet-?Sym", "Singlet-?Sym", "Singlet-?Sym", "Singlet-?Sym", "Singlet-?Sym", "Singlet-?Sym"]}, "freq": {}, "wavefunction": {"Mulliken_partial_charges": [0.01364, 0.013786, 0.012578, 0.012578, 0.013796, 0.013645, -0.013336, -0.01332, -0.013356, -0.013356, -0.01332, -0.013336], "MO_number": 340, "homo_indexes": [20], "SCF_values": [7.82e-09, 3.65e-07, -2.21e-11], "MO_number_kept": 66, "total_molecular_energy": -232.031198098,