{"molecule": {"atoms_masses": [12.0, 12.0, 12.0, 12.0, 12.0, 12.0, 1.007825, 1.007825, 1.007825, 1.007825, 1.007825, 1.007825], "nb_atoms": 12, "starting_geometry": [[-1.207072, -0.685016, 4e-06], [-1.196701, 0.702745, 6.3e-05], [-0.010302, -1.387774, -6e-06], [0.010344, 1.387805, -4.4e-05], [1.196735, -0.702711, 2e-06], [1.207109, 0.685048, 5e-06], [-2.149452, -1.21976, 1e-06], [-2.130989, 1.251543, 7.2e-05], [-0.018289, -2.471285, -4.9e-05], [0.018305, 2.471313, 4e-06], [2.131026, -1.25151, 3.8e-05], [2.149485, 1.219802, 1.2e-05]], "atoms_Z": [6, 6, 6, 6, 6, 6, 1, 1, 1, 1, 1, 1], "atoms_Zeff": [-3.6, -3.6, -3.6, -3.6, -3.6, -3.6, -1.0, -1.0, -1.0, -1.0, -1.0, -1.0], "multiplicity": 1, "chirality": false, "nuclear_spins": [0.0, 0.0, 0.0, 0.0, 0.0, 0.0, 1.0, 1.0, 1.0, 1.0, 1.0, 1.0], "nuclear_QMom": [0.0, 0.0, 0.0, 0.0, 0.0, 0.0, 0.0, 0.0, 0.0, 0.0, 0.0, 0.0], "connectivity": {"bond_orders": [2, 1, 1, 2, 1, 1, 1, 2, 1, 1, 2, 1, 2, 1, 1, 2, 1, 1, 1, 1, 1, 1, 1, 1], "atom_pairs": [[0, 1], [0, 2], [0, 6], [1, 0], [1, 3], [1, 7], [2, 0], [2, 4], [2, 8], [3, 1], [3, 5], [3, 9], [4, 2], [4, 5], [4, 10], [5, 3], [5, 4], [5, 11], [6, 0], [7, 1], [8, 2], [9, 3], [10, 4], [11, 5]]}, "charge": 0, "can": "c1ccccc1", "smi": "c1ccccc1", "starting_nuclear_repulsion": 204.37517, "inchi": "InChI=1S/C6H6/c1-2-4-6-5-3-1/h1-6H", "formula": "C6H6", "nuclear_gfactors": [0.0, 0.0, 0.0, 0.0, 0.0, 0.0, 2.792846, 2.792846, 2.792846, 2.792846, 2.792846, 2.792846], "starting_energy": -232.035950335, "nb_heavy_atoms": 6, "atoms_valence": [3, 3, 3, 3, 3, 3, 1, 1, 1, 1, 1, 1], "monoisotopic_mass": 78.046950192}, "results": {"geometry": {"geometric_values": [[0.034619, 0.011535, 0.070515, 0.032816], [0.000566, 0.000223, 0.000889, 0.00038], [4.4e-05, 1.3e-05, 7e-05, 2.9e-05]], "nuclear_repulsion_energy_from_xyz": 199.82516, "elements_3D_coords_converged": [-1.239742, -0.703585, 8e-06, -1.229195, 0.721915, 3.2e-05, -0.010597, -1.425557, -1e-06, 0.010632, 1.42559, -2e-06, 1.229228, -0.721881, -2e-06, 1.239775, 0.703617, 4e-06, -2.180663, -1.237536, 5e-06, -2.1621, 1.269752, 5e-05, -0.018618, -2.507385, -2.7e-05, 0.018651, 2.507418, 1.6e-05, 2.162133, -1.269717, 1.1e-05, 2.180697, 1.237569, 8e-06], "OPT_DONE": true}, "excited_states": {"et_oscs": [0.0, 0.0, 0.0, 0.0, 0.0, 0.0, 0.0, 0.0, 0.0, 0.0, 0.0, 0.0, 0.0, 0.0, 0.0, 0.0, 0.0, 0.0, 0.0, 0.0, 0.0, 0.0, 0.0, 0.0, 0.0, 0.0, 0.0, 0.0, 0.0, 0.0], "et_rot": [0.0, 0.0, 0.0, 0.0, 0.0, 0.0, 0.0, 0.0, 0.0, 0.0], "et_transitions": [[[[19, 0], [21, 0], 0.2883581453678741], [[19, 0], [22, 0], -0.6459561867495349], [[20, 0], [21, 0], 0.6466632935307215], [[20, 0], [22, 0], 0.2884429981816165]], [[[19, 0], [21, 0], 0.31723638631153267], [[19, 0], [22, 0], 0.6293391773916511], [[20, 0], [21, 0], 0.6291411874929188], [[20, 0], [22, 0], -0.31826876221206507]], [[[19, 0], [21, 0], 0.629395745934146], [[19, 0], [22, 0], -0.3178869245502243], [[20, 0], [21, 0], -0.3176040818377497], [[20, 0], [22, 0], -0.6290704768148002]], [[[19, 0], [21, 0], 0.6454329277314569], [[19, 0], [22, 0], 0.28838642963912153], [[20, 0], [21, 0], -0.2875379015016977], [[20, 0], [22, 0], 0.6452066535614772]], [[[19, 0], [23, 0], -0.34262151975612976], [[20, 0], [23, 0], 0.9273988277974046]], [[[19, 0], [23, 0], 0.9273846856617809], [[20, 0], [23, 0], 0.3426356618917535]], [[[19, 0], [24, 0], -0.6303998375634309], [[19, 0], [25, 0], 0.29077645055953205], [[20, 0], [24, 0], 0.29398671534611903], [[20, 0], [25, 0], 0.6317150561764379]], [[[19, 0], [24, 0], 0.6267935929793795], [[19, 0], [25, 0], 0.3099249021940638], [[20, 0], [24, 0], -0.31323416193001685], [[20, 0], [25, 0], 0.6286037863392171]], [[[19, 0], [24, 0], 0.3143089642374204], [[19, 0], [25, 0], -0.6259167805707082], [[20, 0], [24, 0], 0.6294664566122646], [[20, 0], [25, 0], 0.308864242022284]], [[[19, 0], [24, 0], 0.2968151424708652], [[19, 0], [25, 0], 0.6429439118616802], [[20, 0], [24, 0], 0.6363819609322691], [[20, 0], [25, 0], -0.29591004579094643]], [[[16, 0], [39, 0], -0.16048495505809884], [[19, 0], [21, 0], 0.32296395123914373], [[19, 0], [22, 0], -0.6336949551637602], [[20, 0], [21, 0], -0.6342747827243332], [[20, 0], [22, 0], -0.32297809337476746]], [[[19, 0], [21, 0], 0.7056925676241744], [[20, 0], [22, 0], 0.70529658782671]], [[[19, 0], [22, 0], -0.7055652884035609], [[20, 0], [21, 0], 0.7054238670473235]], [[[19, 0], [21, 0], 0.6297492993247392], [[19, 0], [22, 0], 0.3213234635067909], [[20, 0], [21, 0], 0.320531503911862], [[20, 0], [22, 0], -0.6301877055290749]], [[[19, 0], [23, 0], -0.3811588393307966], [[20, 0], [23, 0], -0.911658630848192]], [[[19, 0], [23, 0], 0.9116727729838157], [[20, 0], [23, 0], -0.3811729814664203]], [[[19, 0], [24, 0], -0.5023003730836759], [[19, 0], [25, 0], 0.4785840116426791], [[20, 0], [24, 0], -0.4820346927348695], [[20, 0], [25, 0], -0.5023569416261708]], [[[19, 0], [24, 0], 0.4956252850692749], [[19, 0], [25, 0], 0.4932494062844881], [[20, 0], [24, 0], 0.4936453860819526], [[20, 0], [25, 0], -0.49930224033144494]], [[[19, 0], [24, 0], 0.4950737417799494], [[19, 0], [25, 0], -0.49754861551410234], [[20, 0], [24, 0], -0.4973789098866176], [[20, 0], [25, 0], -0.49182105058649134]], [[[16, 0], [21, 0], -0.8499282088506065], [[16, 0], [22, 0], -0.14334468668213693], [[20, 0], [39, 0], -0.4330463349342654], [[20, 0], [47, 0], -0.17046930280845288]], [[[16, 0], [39, 0], 0.16076779777057346], [[19, 0], [21, 0], -0.3523371669296329], [[19, 0], [22, 0], -0.6178133368583104], [[20, 0], [21, 0], 0.6185628700463681], [[20, 0], [22, 0], -0.35240787760775155]], [[[19, 0], [21, 0], -0.4700704459971931], [[19, 0], [22, 0], -0.5265965620852457], [[20, 0], [21, 0], -0.526525851407127], [[20, 0], [22, 0], 0.46900978582541325]], [[[19, 0], [21, 0], 0.5262005822877813], [[19, 0], [22, 0], -0.46957547125036253], [[20, 0], [21, 0], -0.4695047605722439], [[20, 0], [22, 0], -0.5269359733402152]], [[[19, 0], [21, 0], -0.614150523731764], [[19, 0], [22, 0], 0.3506401106547852], [[20, 0], [21, 0], -0.3495935926186291], [[20, 0], [22, 0], -0.6142919450880013]], [[[19, 0], [23, 0], -0.18483771260216356], [[20, 0], [23, 0], -0.970687904941645]], [[[19, 0], [23, 0], 0.9707020470772687], [[20, 0], [23, 0], -0.18485185473778726]], [[[19, 0], [24, 0], 0.35181390791155487], [[19, 0], [25, 0], 0.5964445699308529], [[20, 0], [24, 0], 0.6019317185528605], [[20, 0], [25, 0], -0.35262000964210755]], [[[19, 0], [24, 0], -0.2976212442014179], [[19, 0], [25, 0], 0.6340343664187298], [[20, 0], [24, 0], -0.6320120410245362], [[20, 0], [25, 0], -0.3032498141796628]], [[[19, 0], [24, 0], -0.6335818180787703], [[19, 0], [25, 0], -0.3018780270241609], [[20, 0], [24, 0], 0.2989930313569198], [[20, 0], [25, 0], -0.6324787315001194]], [[[16, 0], [21, 0], 0.8405378307964492], [[16, 0], [22, 0], -0.19052285112290337], [[20, 0], [39, 0], 0.4346019698528759], [[20, 0], [47, 0], -0.17054001348657155]]], "et_energies": [29645.714592324002, 38292.784625633, 38293.591180061994, 41260.904924353, 50990.37100138, 50994.403773524995, 54986.041642646, 55820.018922232, 55821.63203109, 56614.475034797004, 26465.470478777, 35726.328432555, 35726.328432555, 38867.85793351, 50214.46564068199, 50219.304967256, 54010.917337985, 54865.05847829599, 54865.865032725, 55568.37394038399, 26426.755866184998, 35694.872809824, 35695.679364252996, 38838.015419637, 50212.852531824, 50220.111521684994, 54002.851793695, 54856.186379577004, 54856.992934006, 55514.334793641], "et_sym": ["Triplet-?Sym", "Triplet-?Sym", "Triplet-?Sym", "Triplet-?Sym", "Triplet-?Sym", "Triplet-?Sym", "Triplet-?Sym", "Triplet-?Sym", "Triplet-?Sym", "Triplet-?Sym", "Triplet-?Sym", "Triplet-?Sym", "Triplet-?Sym", "Triplet-?Sym", "Triplet-?Sym", "Triplet-?Sym", "Triplet-?Sym", "Triplet-?Sym", "Triplet-?Sym", "Triplet-?Sym", "Triplet-?Sym", "Triplet-?Sym", "Triplet-?Sym", "Triplet-?Sym", "Triplet-?Sym", "Triplet-?Sym", "Triplet-?Sym", "Triplet-?Sym", "Triplet-?Sym", "Triplet-?Sym"]}, "freq": {},