{"molecule": {"atoms_masses": [92.906], "nb_atoms": 1, "starting_geometry": [[2.0, 0.0, 0.0]], "atoms_Z": [41], "atoms_Zeff": [-50.84], "multiplicity": 4, "chirality": false, "nuclear_spins": [9.0], "nuclear_QMom": [-32.0], "connectivity": {"bond_orders": [], "atom_pairs": []}, "charge": 0, "can": "[Nb]", "smi": "[Nb]", "starting_nuclear_repulsion": 0.0, "inchi": "InChI=1S/Nb", "formula": "Nb", "nuclear_gfactors": [6.1705], "starting_energy": -3737.4671305099996, "nb_heavy_atoms": 1, "atoms_valence": [0], "monoisotopic_mass": 92.906378}, "results": {"geometry": {"geometric_values": [[0.0, 0.0, 0.0, 0.0]], "nuclear_repulsion_energy_from_xyz": 0.0, "elements_3D_coords_converged": [2.0, 0.0, 0.0], "OPT_DONE": true}, "excited_states": {"et_oscs": [-0.0, 0.0, 0.0, 0.0, 0.0, 0.0, 0.0, 0.0, 0.0, 0.0], "et_rot": [0.0, 0.0, 0.0, 0.0, 0.0, 0.0, 0.0, 0.0, 0.0, 0.0], "et_transitions": [[[[21, 0], [23, 0], 1.13477], [[18, 1], [20, 1], -0.15846]], [[[18, 0], [23, 0], 3.62097], [[18, 0], [35, 0], -0.11232]], [[[19, 0], [22, 0], 1.3651], [[19, 0], [23, 0], 1.02831], [[19, 0], [27, 0], 0.10138], [[20, 0], [22, 0], 0.1868], [[20, 0], [23, 0], -0.14071], [[18, 1], [22, 1], -0.31861]], [[[19, 0], [22, 0], -0.1868], [[19, 0], [23, 0], -0.14071], [[20, 0], [22, 0], 1.3651], [[20, 0], [23, 0], -1.02831], [[20, 0], [27, 0], 0.10138], [[18, 1], [23, 1], -0.31861]], [[[21, 0], [22, 0], 0.93644], [[18, 1], [19, 1], 0.44748]], [[[19, 0], [22, 0], -0.31441], [[19, 0], [23, 0], 0.34587], [[20, 0], [22, 0], 0.56249], [[20, 0], [23, 0], 0.61879], [[18, 1], [22, 1], 0.20789], [[18, 1], [23, 1], -0.37194]], [[[19, 0], [22, 0], -0.56249], [[19, 0], [23, 0], 0.61879], [[20, 0], [22, 0], -0.31441], [[20, 0], [23, 0], -0.34587], [[18, 1], [22, 1], 0.37194], [[18, 1], [23, 1], 0.20789]], [[[18, 0], [22, 0], 0.99396]], [[[21, 0], [23, 0], 0.23827], [[18, 1], [20, 1], 1.00023]], [[[21, 0], [22, 0], -0.41833], [[18, 1], [19, 1], 0.93547]]], "et_energies": [-521.8407155629999, 62.104691033, 271.808842573, 271.808842573, 2098.654624258, 2977.7989518679997, 2977.7989518679997, 7393.684450643, 7449.336706243999, 8511.568889237], "et_sym": ["4.620-?Sym", "4.274-?Sym", "4.674-?Sym", "4.674-?Sym", "4.199-?Sym", "4.316-?Sym", "4.316-?Sym", "4.025-?Sym", "4.319-?Sym", "4.482-?Sym"]}, "freq": {}, "wavefunction": {"SCF_values": [0.0, 0.0, null], "MO_number": 39, "homo_indexes": [21, 18], "virial_ratio": [2.0014], "MO_number_kept": 39, "total_molecular_energy": -3737.4671305099996, "MO_energies": [[-18326.357617705315, -2552.502476885037, -2336.013595476546, -2336.013595476546, -2335.933049776798, -437.46219907322205, -351.797493569616, -351.797493569616, -351.606469646565, -211.749202360482, -211.6166829152885, -211.6166829152885, -211.57940331777002, -211.4539588326895, -61.563581764821, -37.5933447881265, -37.567221858478504, -37.567221858478504, -6.232495631852, -5.976708612382001, -5.976708612382001, -4.985669968861, -2.75923444407, -2.6667157349000004, -0.667223161426, -0.667223161426, -0.4949750940595, 1.4158083641515, 2.6386880082985003, 2.6386880082985003, 2.783724690615, 10.250528748335, 18.085230731931, 18.261560507055002, 18.261560507055002, 18.747011616347, 18.7549029180115, 55.730549265503, 2961.2406100133294], [-18326.36224364077, -2552.1707701012774, -2335.7542709770196, -2335.7542709770196, -2335.676718529627, -437.274984744078, -351.613000378977, -351.613000378977, -351.29870888164953, -211.4632107036065, -211.282799220725, -211.153273027887, -211.09177529767402, -211.09177529767402, -59.2568726541325, -34.855063110545, -34.855063110545, -34.539955271666, -4.0885106037625, -1.1676405324955, -1.154851181522, -0.7009652788880001, -0.674298121539, -0.674298121539, -0.5379690824385, -0.484906881591, -0.484906881591, 1.4930886976935, 2.7535200532095003, 2.975837069068, 2.975837069068, 10.763735470378, 19.5434888567605, 19.562264712445, 19.895876293158, 19.895876293158, 20.030300535305, 57.132751937129505, 2961.821573084147]]}}, "comp_details": {"geometry": {"geometric_targets": [0.00045, 0.0003, 0.0018, 0.0012]}, "excited_states": {"nb_et_states": 10}, "freq": {}, "general": {"scf_targets": [[1e-08, 1e-06, 1e-06]], "list_theory": ["DFT"], "solvent": "Gas", "package": "Gaussian", "integration_grid": "Default", "package_version": "09revisionD.01", "basis_set_size": 39, "job_type": ["OPT_ES"], "functional": "PBE1PBE", "is_closed_shell": "False", "core_electrons_per_atoms": [0], "basis_set_md5": "1549a43338d773fc46e290e6ba043aca", "basis_set": "(lp0\n(lp1\n(VS\np2\n(lp3\n(F8466.5173\nF0.06180380361\ntp4\na(F1281.2611\nF0.3698049216\ntp5\na(F281.23108\nF0.6880795402\ntp6\natp7\na(g2\n(lp8\n(F379.472878\nF-0.112106284\ntp9\na(F82.3358879\nF0.08650278521\ntp10\na(F26.2224755\nF0.9670573781\ntp11\natp12\na(VP\np13\n(lp14\n(F379.472878\nF0.1496673749\ntp15\na(F82.3358879\nF0.5987182126\ntp16\na(F26.2224755\nF0.4132381987\ntp17\natp18\na(g2\n(lp19\n(F21.162945\nF-1.555130539\ntp20\na(F18.5897826\nF1.417938759\ntp21\na(F4.00998104\nF1.010619909\ntp22\natp23\na(g13\n(lp24\n(F21.162945\nF-0.7554622431\ntp25\na(F18.5897826\nF1.113966263\ntp26\na(F4.00998104\nF0.732767154\ntp27\natp28\na(g2\n(lp29\n(F3.8363751\nF-0.3891037463\ntp30\na(F1.3033252\nF0.4349695854\ntp31\na(F0.49343064\nF0.8115898937\ntp32\natp33\na(g13\n(lp34\n(F3.8363751\nF0.003290346942\ntp35\na(F1.3033252\nF0.4716450753\ntp36\na(F0.49343064\nF0.5936990064\ntp37\natp38\na(g2\n(lp39\n(F0.572373417\nF-0.3156093568\ntp40\na(F0.0682032005\nF1.114047019\ntp41\natp42\na(g13\n(lp43\n(F0.572373417\nF-0.001133017876\ntp44\na(F0.0682032005\nF1.000338056\ntp45\natp46\na(g2\n(lp47\n(F0.02715715\nF1.0\ntp48\natp49\na(g13\n(lp50\n(F0.02715715\nF1.0\ntp51\natp52\na(VD\np53\n(lp54\n(F59.012187\nF0.1337104078\ntp55\na(F16.01279\nF0.5000390291\ntp56\na(F4.7771846\nF0.5775384336\ntp57\natp58\na(g53\n(lp59\n(F1.9704434\nF0.3106808999\ntp60\na(F0.66193469\nF0.7800691408\ntp61\natp62\na(g53\n(lp63\n(F0.20599719\nF1.0\ntp64\natp65\naa.", "last_theory": "DFT", "all_unique_theory": ["DFT"]}}, "metadata": {"archivable_for_new_entry": "False", "archivable": "True", "parser_version": "v7.1", "log_file": "OPT_ES1.log"}}
