{"molecule": {"atoms_masses": [106.90509], "nb_atoms": 1, "starting_geometry": [[2.0, 0.0, 0.0]], "atoms_Z": [47], "atoms_Zeff": [-58.28], "multiplicity": 2, "chirality": false, "nuclear_spins": [1.0], "nuclear_QMom": [0.0], "connectivity": {"bond_orders": [], "atom_pairs": []}, "charge": 0, "can": "[Ag]", "smi": "[Ag]", "starting_nuclear_repulsion": 0.0, "inchi": "InChI=1S/Ag", "formula": "Ag", "nuclear_gfactors": [-0.11357], "starting_energy": -5175.87977276, "nb_heavy_atoms": 1, "atoms_valence": [0], "monoisotopic_mass": 106.905097}, "results": {"geometry": {"geometric_values": [[0.0, 0.0, 0.0, 0.0]], "nuclear_repulsion_energy_from_xyz": 0.0, "elements_3D_coords_converged": [2.0, 0.0, 0.0], "OPT_DONE": true}, "excited_states": {"et_oscs": [0.3122, 0.3122, 0.3122, 0.0, 0.0, 0.0, 0.0, 0.0, 0.0, 0.0], "et_rot": [0.0, 0.0, 0.0, 0.0, 0.0, 0.0, 0.0, 0.0, 0.0, 0.0], "et_transitions": [[[[23, 0], [24, 0], 0.75255], [[23, 0], [25, 0], 0.65459]], [[[23, 0], [24, 0], -0.64465], [[23, 0], [25, 0], 0.74745], [[23, 0], [26, 0], 0.14617]], [[[23, 0], [24, 0], 0.11713], [[23, 0], [26, 0], 0.98663]], [[[18, 1], [23, 1], 0.90835], [[19, 1], [23, 1], 0.39281]], [[[18, 1], [23, 1], -0.30359], [[19, 1], [23, 1], 0.81274], [[20, 1], [23, 1], 0.48325]], [[[18, 1], [23, 1], 0.26495], [[19, 1], [23, 1], -0.41552], [[20, 1], [23, 1], 0.86056]], [[[21, 1], [23, 1], 0.98715], [[21, 1], [27, 1], 0.10405], [[22, 1], [23, 1], -0.11255]], [[[21, 1], [23, 1], 0.11102], [[22, 1], [23, 1], 0.98492], [[22, 1], [27, 1], 0.10381]], [[[23, 0], [27, 0], 1.00004]], [[[18, 0], [26, 0], 0.42386], [[19, 0], [26, 0], 0.63744], [[20, 0], [24, 0], 0.44196], [[21, 0], [25, 0], 0.44196]]], "et_energies": [25424.208710938, 25424.208710938, 25424.208710938, 33298.599601265, 33298.599601265, 33298.599601265, 33298.599601265, 33298.599601265, 46325.260184044, 52886.580463959], "et_sym": ["2.001-?Sym", "2.001-?Sym", "2.001-?Sym", "2.018-?Sym", "2.018-?Sym", "2.018-?Sym", "2.018-?Sym", "2.018-?Sym", "2.000-?Sym", "2.873-?Sym"]}, "freq": {}, "wavefunction": {"SCF_values": [8.93e-18, 2.22e-16, null], "MO_number": 39, "homo_indexes": [23, 22], "virial_ratio": [2.0044], "MO_number_kept": 39, "total_molecular_energy": -5175.87977276, "MO_energies": [[-24473.611408977384, -3558.326698586805, -3298.6454578022995, -3298.6454578022995, -3298.6454578022995, -660.32235417732, -549.9478062513605, -549.9478062513605, -549.9478062513605, -372.286033829163, -372.286033829163, -372.286033829163, -372.286033829163, -372.286033829163, -91.8152948664575, -56.826079627616, -56.826079627616, -56.826079627616, -8.363419195117501, -8.363419195117501, -8.363419195117501, -8.363419195117501, -8.363419195117501, -4.3459303063355, -0.17551343357250002, -0.17551343357250002, -0.17551343357250002, 2.376642370267, 4.3432091678305005, 4.3432091678305005, 4.3432091678305005, 19.6795457820105, 36.265157083836, 36.265157083836, 36.265157083836, 36.265157083836, 36.265157083836, 121.776934603461, 5326.094736162819], [-24473.5937215771, -3558.324793789852, -3298.6462741438513, -3298.6462741438513, -3298.6462741438513, -660.2981360446255, -549.936105355789, -549.936105355789, -549.936105355789, -372.2857617153125, -372.2857617153125, -372.2857617153125, -372.2857617153125, -372.2857617153125, -91.7663143733675, -56.799956697968, -56.799956697968, -56.799956697968, -8.2121238942395, -8.2121238942395, -8.2121238942395, -8.2121238942395, -8.2121238942395, -1.762209295838, 1.183151021974, 1.183151021974, 1.183151021974, 3.6395227504375, 5.3138392725640005, 5.3138392725640005, 5.3138392725640005, 20.456975052889, 36.756594697839006, 36.756594697839006, 36.756594697839006, 36.756594697839006, 36.756594697839006, 122.00551023788101, 5326.115688929308]]}}, "comp_details": {"geometry": {"geometric_targets": [0.00045, 0.0003, 0.0018, 0.0012]}, "excited_states": {"nb_et_states": 10}, "freq": {}, "general": {"scf_targets": [[1e-08, 1e-06, 1e-06]], "list_theory": ["DFT"], "solvent": "Gas", "package": "Gaussian", "integration_grid": "Default", "package_version": "09revisionD.01", "basis_set_size": 39, "job_type": ["OPT_ES"], "functional": "PBE1PBE", "is_closed_shell": "False", "core_electrons_per_atoms": [0], "basis_set_md5": "7465b61686e2d6a3bf492c525fc4654d", "basis_set": "(lp0\n(lp1\n(VS\np2\n(lp3\n(F11190.784\nF0.06149480212\ntp4\na(F1695.077\nF0.3684053127\ntp5\na(F372.67517\nF0.6893247237\ntp6\natp7\na(g2\n(lp8\n(F504.616205\nF-0.112657663\ntp9\na(F109.871802\nF0.08402784354\ntp10\na(F35.295134\nF0.9692344314\ntp11\natp12\na(VP\np13\n(lp14\n(F504.616205\nF0.151479802\ntp15\na(F109.871802\nF0.606514158\ntp16\na(F35.295134\nF0.401830236\ntp17\natp18\na(g2\n(lp19\n(F31.5687734\nF-1.422027546\ntp20\na(F28.3439706\nF1.234098205\ntp21\na(F5.9451274\nF1.055683174\ntp22\natp23\na(g13\n(lp24\n(F31.5687734\nF-1.673365657\ntp25\na(F28.3439706\nF2.018975646\ntp26\na(F5.9451274\nF0.7126888926\ntp27\natp28\na(g2\n(lp29\n(F5.80025584\nF-0.4196170528\ntp30\na(F2.1272564\nF0.4843500928\ntp31\na(F0.793551169\nF0.7952035146\ntp32\natp33\na(g13\n(lp34\n(F5.80025584\nF0.0143041032\ntp35\na(F2.1272564\nF0.507194295\ntp36\na(F0.793551169\nF0.5539736311\ntp37\natp38\na(g2\n(lp39\n(F0.928544471\nF-0.2523005089\ntp40\na(F0.0972546654\nF1.08739193\ntp41\natp42\na(g13\n(lp43\n(F0.928544471\nF-0.001480711434\ntp44\na(F0.0972546654\nF1.000388052\ntp45\natp46\na(g2\n(lp47\n(F0.0349329238\nF1.0\ntp48\natp49\na(g13\n(lp50\n(F0.0349329238\nF1.0\ntp51\natp52\na(VD\np53\n(lp54\n(F89.933349\nF0.1240158966\ntp55\na(F24.874958\nF0.4923830864\ntp56\na(F7.7381914\nF0.5814967839\ntp57\natp58\na(g53\n(lp59\n(F3.7965567\nF0.331425895\ntp60\na(F1.2566443\nF0.7651634119\ntp61\natp62\na(g53\n(lp63\n(F0.38813331\nF1.0\ntp64\natp65\naa.", "last_theory": "DFT", "all_unique_theory": ["DFT"]}}, "metadata": {"archivable_for_new_entry": "False", "archivable": "True", "parser_version": "v7.1", "log_file": "OPT_ET1.log"}}
