{"molecule": {"atoms_masses": [14.003074, 12.0, 1.007825], "nb_atoms": 3, "starting_geometry": [[-0.605902, 0.0, 0.0], [0.582211, 0.0, 0.0], [1.668691, 0.0, 0.0]], "atoms_Z": [7, 6, 1], "atoms_Zeff": [-4.55, -3.6, -1.0], "multiplicity": 1, "chirality": false, "nuclear_spins": [2.0, 0.0, 1.0], "nuclear_QMom": [2.044, 0.0, 0.0], "connectivity": {"bond_orders": [1, 1, 1, 1], "atom_pairs": [[0, 1], [1, 0], [1, 2], [2, 1]]}, "charge": 0, "can": "[CH][N]", "smi": "[N][CH]", "starting_nuclear_repulsion": 23.25742, "inchi": "InChI=1S/CHN/c1-2/h1H", "formula": "CHN", "nuclear_gfactors": [0.403761, 0.0, 2.792846], "starting_energy": -92.1083757911, "nb_heavy_atoms": 2, "atoms_valence": [1, 2, 1], "monoisotopic_mass": 27.010899037}, "results": {"geometry": {"geometric_values": [[0.371592, 0.185835, 0.194323, 0.119135], [0.02915, 0.015024, 0.037716, 0.024273], [0.001209, 0.000802, 0.002719, 0.001771], [0.000177, 9.4e-05, 0.000234, 0.000147]], "nuclear_repulsion_energy_from_xyz": 20.6492, "elements_3D_coords_converged": [-0.727521, 0.0, 0.0, 0.642563, 0.0, 0.0, 1.729958, 0.0, 0.0], "OPT_DONE": true}, "excited_states": {"et_oscs": [0.0, 0.0, 0.0, 0.0427, 0.0427, 0.0277, 0.0084, 0.0084, 0.2819, 0.2819, 0.0, 0.0, 0.0, 0.0322, 0.0322, 0.0787, 0.0131, 0.0131, 0.2802, 0.2802, 0.0, 0.0, 0.0, 0.0302, 0.0302, 0.0718, 0.0138, 0.0138, 0.2791, 0.2791, 0.0, 0.0, 0.0, 0.0303, 0.0303, 0.0728, 0.0138, 0.0138, 0.2792, 0.2792], "et_rot": [0.0, 0.0, 0.0, 0.0, 0.0, 0.0, 0.0, 0.0, 0.0, 0.0], "et_transitions": [[[[5, 0], [7, 0], 0.7079694514595951], [[6, 0], [8, 0], -0.7079694514595951]], [[[5, 0], [8, 0], -0.7071209233221712], [[6, 0], [7, 0], 0.7071209233221712]], [[[5, 0], [7, 0], 0.7071209233221712], [[6, 0], [8, 0], 0.7071209233221712]], [[[4, 0], [8, 0], 0.9953517894694318]], [[[4, 0], [7, 0], 0.9953517894694318]], [[[4, 0], [9, 0], 0.7826964960953895], [[5, 0], [8, 0], 0.43952343304993424], [[6, 0], [7, 0], 0.43952343304993424]], [[[3, 0], [8, 0], -0.2253125047572815], [[5, 0], [9, 0], 0.9737567483719947]], [[[3, 0], [7, 0], -0.2253125047572815], [[6, 0], [9, 0], 0.9737567483719947]], [[[3, 0], [7, 0], 0.9703909200935467], [[6, 0], [9, 0], 0.22275277820938624]], [[[3, 0], [8, 0], 0.9703909200935467], [[5, 0], [9, 0], 0.22275277820938624]], [[[5, 0], [7, 0], 0.6450228057983687], [[5, 0], [8, 0], -0.2949200962972853], [[6, 0], [7, 0], -0.2949200962972853], [[6, 0], [8, 0], -0.6450228057983687]], [[[5, 0], [7, 0], 0.47432722881993605], [[5, 0], [8, 0], -0.5244893838773098], [[6, 0], [7, 0], 0.5244893838773098], [[6, 0], [8, 0], 0.47432722881993605]], [[[5, 0], [7, 0], 0.5244893838773098], [[5, 0], [8, 0], 0.47432722881993605], [[6, 0], [7, 0], -0.47432722881993605], [[6, 0], [8, 0], 0.5244893838773098]], [[[4, 0], [7, 0], -0.7660936288731294], [[4, 0], [8, 0], 0.6330444169250685]], [[[4, 0], [7, 0], 0.6330444169250685], [[4, 0], [8, 0], 0.7660936288731294]], [[[4, 0], [9, 0], 0.6119726348457095], [[5, 0], [7, 0], 0.23679591888375107], [[5, 0], [8, 0], 0.5179132908122749], [[6, 0], [7, 0], 0.5179132908122749], [[6, 0], [8, 0], -0.23679591888375107]], [[[5, 0], [9, 0], 0.9561780737916972], [[6, 0], [9, 0], 0.23733332003745283]], [[[5, 0], [9, 0], 0.23733332003745283], [[6, 0], [9, 0], -0.9561780737916972]], [[[3, 0], [7, 0], -0.5452500389729469], [[3, 0], [8, 0], 0.818575094172795]], [[[3, 0], [7, 0], 0.818575094172795], [[3, 0], [8, 0], 0.5452500389729469]], [[[5, 0], [7, 0], 0.48757840989937207], [[5, 0], [8, 0], -0.5155232698918644], [[6, 0], [7, 0], -0.5155232698918644], [[6, 0], [8, 0], -0.48757840989937207]], [[[5, 0], [8, 0], -0.7033308309750114], [[6, 0], [7, 0], 0.7033308309750114]], [[[5, 0], [7, 0], 0.7033308309750114], [[6, 0], [8, 0], 0.7033308309750114]], [[[4, 0], [7, 0], -0.3535109641864026], [[4, 0], [8, 0], 0.9279503710867301]], [[[4, 0], [7, 0], 0.9279503710867301], [[4, 0], [8, 0], 0.3535109641864026]], [[[4, 0], [9, 0], 0.6079421261929461], [[5, 0], [7, 0], 0.4159484929651747], [[5, 0], [8, 0], 0.3933917866453238], [[6, 0], [7, 0], 0.3933917866453238], [[6, 0], [8, 0], -0.4159484929651747]], [[[3, 0], [7, 0], -0.14671051496058488], [[5, 0], [9, 0], 0.7585417284500571], [[6, 0], [9, 0], 0.6302018476646987]], [[[3, 0], [8, 0], -0.14671051496058488], [[5, 0], [9, 0], 0.6302018476646987], [[6, 0], [9, 0], -0.7585417284500571]], [[[3, 0], [7, 0], 0.968269599749987], [[3, 0], [8, 0], 0.18205171188428856]], [[[3, 0], [7, 0], -0.18205171188428856], [[3, 0], [8, 0], 0.968269599749987]], [[[5, 0], [8, 0], -0.7094968021069581], [[6, 0], [7, 0], 0.7094968021069581]], [[[5, 0], [7, 0], 0.6892028374869041], [[5, 0], [8, 0], 0.1584060611214104], [[6, 0], [7, 0], 0.1584060611214104], [[6, 0], [8, 0], -0.6892028374869041]], [[[5, 0], [7, 0], -0.1584060611214104], [[5, 0], [8, 0], 0.6892028374869041], [[6, 0], [7, 0], 0.6892028374869041], [[6, 0], [8, 0], 0.1584060611214104]], [[[4, 0], [7, 0], -0.8478068885070468], [[4, 0], [8, 0], 0.5171071890817222]], [[[4, 0], [7, 0], 0.5171071890817222], [[4, 0], [8, 0], 0.8478068885070468]], [[[4, 0], [9, 0], 0.6071925930048884], [[5, 0], [7, 0], 0.572940340524212], [[6, 0], [8, 0], 0.572940340524212]], [[[5, 0], [9, 0], 0.5974203772888903], [[6, 0], [9, 0], 0.7845774001333458]], [[[5, 0], [9, 0], -0.7845774001333458], [[6, 0], [9, 0], 0.5974203772888903]], [[[3, 0], [7, 0], 0.4817518500223949], [[3, 0], [8, 0], 0.8593044447691401]], [[[3, 0], [7, 0], -0.8593044447691401], [[3, 0], [8, 0], 0.4817518500223949]]], "et_energies": [69118.48834758399, 74958.74896797299, 74958.74896797299, 81887.85806751199, 81887.85806751199, 113120.87177610799, 117719.845130266, 117719.845130266, 145593.55964207702, 145593.55964207702, 47760.92706766399, 54188.359312365, 54188.359312365, 71589.77111804, 71589.77111804, 93996.65971008899, 98542.400471933, 98542.400471933, 136654.51690547, 136654.51690547, 45004.930583771, 51525.116587807, 51525.116587807, 70162.976333139, 70162.976333139, 90482.50206293601, 93899.06662417999, 93899.06662417999, 134946.234624848, 134946.234624848, 45101.717115251, 51618.676901570994, 51618.676901570994, 70214.595816595, 70214.595816595, 90651.878493026, 94217.655623635, 94217.655623635, 135072.863670201, 135072.863670201], "et_sym": ["Singlet-?Sym", "Singlet-?Sym", "Singlet-?Sym", "Singlet-?Sym", "Singlet-?Sym", "Singlet-?Sym", "Singlet-?Sym", "Singlet-?Sym", "Singlet-?Sym", "Singlet-?Sym", "Singlet-?Sym", "Singlet-?Sym", "Singlet-?Sym", "Singlet-?Sym", "Singlet-?Sym", "Singlet-?Sym", "Singlet-?Sym", "Singlet-?Sym", "Singlet-?Sym", "Singlet-?Sym", "Singlet-?Sym", "Singlet-?Sym", "Singlet-?Sym", "Singlet-?Sym", "Singlet-?Sym", "Singlet-?Sym", "Singlet-?Sym", "Singlet-?Sym", "Singlet-?Sym", "Singlet-?Sym", "Singlet-?Sym", "Singlet-?Sym", "Singlet-?Sym", "Singlet-?Sym", "Singlet-?Sym", "Singlet-?Sym", "Singlet-?Sym", "Singlet-?Sym", "Singlet-?Sym", "Singlet-?Sym"]}, "freq": {}, "wavefunction": {"Mulliken_partial_charges": [-0.108822, -0.035417, 0.144239], "MO_number": 11, "homo_indexes": [6], "SCF_values": [6.68e-10, 3.05e-09, -1.14e-13], "MO_number_kept": 11, "total_molecular_energy": -92.05240263189998, "MO_energies": [[-386.66235277877905, -273.9552449263335, -22.071698641756, -15.629403231168501, -8.6747174400895, -6.7993087824435, -6.7993087824435, 2.0547316851254998, 2.0547316851254998, 6.9244811536735, 18.937219197846503]], "virial_ratio": [2.014, 2.0152, 2.0152, 2.0152]}}, "comp_details": {"geometry": {"geometric_targets": [0.00045, 0.0003, 0.0018, 0.0012]}, "excited_states": {"nb_et_states": 40}, "freq": {}, "general": {"scf_targets": [[1e-08, 1e-06, 1e-06], [1e-08, 1e-06, 1e-06], [1e-08, 1e-06, 1e-06], [1e-08, 1e-06, 1e-06]], "list_theory": ["DFT"], "solvent": "Gas", "package": "Gaussian", "integration_grid": "Default", "package_version": "09revisionD.01", "basis_set_size": 11, "job_type": ["OPT_ES"], "functional": "PBE1PBE", "is_closed_shell": "True", "core_electrons_per_atoms": [0, 0, 0], "basis_set_md5": "1bd0b66a536c7f710ddcd9f16ca1125c",