{"molecule": {"atoms_masses": [34.9688527, 34.9688527, 12.0, 1.007825, 1.007825], "nb_atoms": 5, "starting_geometry": [[0.0, 1.467019, -0.214396], [0.0, -1.467019, -0.214396], [0.0, 0.0, 0.758423], [-0.89583, 0.0, 1.369456], [0.89583, 0.0, 1.369456]], "atoms_Z": [17, 17, 6, 1, 1], "atoms_Zeff": [-14.24, -14.24, -3.6, -1.0, -1.0], "multiplicity": 1, "chirality": false, "nuclear_spins": [3.0, 3.0, 0.0, 1.0, 1.0], "nuclear_QMom": [-8.165, -8.165, 0.0, 0.0, 0.0], "connectivity": {"bond_orders": [1, 1, 1, 1, 1, 1, 1, 1], "atom_pairs": [[0, 2], [1, 2], [2, 0], [2, 1], [2, 3], [2, 4], [3, 2], [4, 2]]}, "charge": 0, "can": "ClCCl", "smi": "ClCCl", "starting_nuclear_repulsion": 134.99719, "inchi": "InChI=1S/CH2Cl2/c2-1-3/h1H2", "formula": "CH2Cl2", "nuclear_gfactors": [0.821874, 0.821874, 0.0, 2.792846, 2.792846], "starting_energy": -959.398243539, "nb_heavy_atoms": 3, "atoms_valence": [1, 1, 4, 1, 1], "monoisotopic_mass": 83.953355424}, "results": {"geometry": {"nuclear_repulsion_energy_from_xyz": 134.99719, "elements_3D_coords_converged": [0.0, 1.467019, -0.214396, 0.0, -1.467019, -0.214396, 0.0, 0.0, 0.758423, -0.89583, 0.0, 1.369456, 0.89583, 0.0, 1.369456]}, "excited_states": {"et_oscs": [0.0003, 0.0145, 0.0, 0.0028, 0.0175, 0.0, 0.0569, 0.0075, 0.0, 0.0218], "et_rot": [0.0, 0.0, 0.0, 0.0, 0.0, 0.0, 0.0, 0.0, 0.0, 0.0], "et_transitions": [[[[20, 0], [21, 0], 0.9525718292076457], [[20, 0], [22, 0], -0.25499684743149276]], [[[17, 0], [23, 0], 0.18058092977942053], [[19, 0], [21, 0], 0.9516384482564795], [[19, 0], [22, 0], -0.17192594277769718]], [[[18, 0], [21, 0], 0.879018581828621], [[18, 0], [22, 0], -0.2746402738128551], [[20, 0], [23, 0], 0.3399627982588683]], [[[17, 0], [21, 0], 0.9313586257720493], [[17, 0], [22, 0], -0.21010970896177075], [[19, 0], [23, 0], 0.23968091455099216]], [[[20, 0], [21, 0], 0.26722979474602004], [[20, 0], [22, 0], 0.9475796553324686]], [[[18, 0], [21, 0], -0.38612272893472616], [[20, 0], [23, 0], 0.9027490854052416]], [[[17, 0], [23, 0], -0.2591546353048697], [[19, 0], [21, 0], 0.21793030996169394], [[19, 0], [22, 0], 0.9358275406291483]], [[[17, 0], [21, 0], -0.2859539823118398], [[19, 0], [23, 0], 0.9283604930198183]], [[[18, 0], [21, 0], 0.2170252132817752], [[18, 0], [22, 0], 0.945401766446414], [[20, 0], [23, 0], 0.14628625089187297], [[20, 0], [26, 0], -0.14702164194430697]], [[[20, 0], [24, 0], 0.9857634215165423]]], "et_energies": [54284.339289416, 56797.562890179994, 59469.677713457, 60649.66684308399, 61880.468901738, 63065.297357938995, 64043.647880316, 64621.947405909, 67964.308959685, 68406.30078677699], "et_sym": ["Singlet-B1", "Singlet-B2", "Singlet-A2", "Singlet-A1", "Singlet-B1", "Singlet-A2", "Singlet-B2", "Singlet-A1", "Singlet-A2", "Singlet-A1"]}, "freq": {}, "wavefunction": {"Mulliken_partial_charges": [-0.047952, -0.047952, -0.059542, 0.077723, 0.077723], "MO_number": 169, "homo_indexes": [20], "SCF_values": [8.54e-10, 2.24e-08, null], "MO_number_kept": 51, "total_molecular_energy": -959.398243539, "MO_energies": [[-2768.484138076196, -2768.484138076196, -281.5722558295295, -259.865461861294, -259.864917633593, -198.2689543205625, -198.2689543205625, -198.029222018272, -198.029222018272, -198.0180653504015, -198.0180653504015, -25.497067791850004, -23.281516821079002, -18.734766493074503, -14.078082169468, -13.168133453396, -12.729758040240501, -9.488882080785501, -9.442894840051, -8.932409256513, -8.749004521276, -0.4579676103915, 0.186670101443, 0.5181047713520001, 0.7796061816825, 1.497714633152, 1.869422152935, 2.10616120287, 2.506712790806, 2.6435860576075, 2.7246759850565, 2.8014120908975, 3.424824922393, 3.7070069853614998, 3.8572138308375, 4.068102064975, 4.242254929295, 5.0224053386785, 6.3492324737165005, 6.5663793264155, 7.238228423300001, 7.5868062657905, 7.9987866354475, 8.252124630263, 8.6562136982555, 9.4910589915895, 9.589836319321, 9.9068489551535, 11.2706835738595, 11.4094616376145, 11.8921916084015]], "virial_ratio": [2.0021], "MO_sym": [["B2", "A1", "A1", "B2", "A1", "B2", "A1", "B2", "A1", "A2", "B1", "A1", "B2", "A1", "B1", "A1", "B2", "A1", "A2", "B2", "B1", "A1", "A1", "B2", "B1", "A1", "B2", "A1", "B2", "B1", "A2", "A1", "A1", "B2", "B1", "B1", "A1", "B2", "A2", "A1", "A1", "B1", "A1", "B2", "B1", "A2", "B2", "A1", "A1", "B2", "A2"]]}}, "comp_details": {"geometry": {}, "excited_states": {"nb_et_states": 10}, "freq": {}, "general": {"scf_targets": [[1e-08, 1e-06, 1e-06]], "list_theory": ["DFT"], "solvent": "Gas", "package": "Gaussian", "integration_grid": "Default", "package_version": "09revisionD.01", "basis_set_size": 169, "job_type": ["TD"], "functional": "PBE1PBE", "is_closed_shell": "True", "core_electrons_per_atoms": [0, 0, 0, 0, 0], "basis_set_md5": "a3e2c73ab032bf73881db18ff9826ada",