{"molecule": {"atoms_masses": [113.9036], "nb_atoms": 1, "starting_geometry": [[2.0, 0.0, 0.0]], "atoms_Z": [48], "atoms_Zeff": [-59.52], "multiplicity": 1, "chirality": false, "nuclear_spins": [0.0], "nuclear_QMom": [0.0], "connectivity": {"bond_orders": [], "atom_pairs": []}, "charge": 0, "can": "[Cd]", "smi": "[Cd]", "starting_nuclear_repulsion": 0.0, "inchi": "InChI=1S/Cd", "formula": "Cd", "nuclear_gfactors": [0.0], "starting_energy": -5442.31255705, "nb_heavy_atoms": 1, "atoms_valence": [0], "monoisotopic_mass": 113.903358}, "results": {"geometry": {"geometric_values": [[0.0, 0.0, 0.0, 0.0]], "nuclear_repulsion_energy_from_xyz": 0.0, "elements_3D_coords_converged": [2.0, 0.0, 0.0], "OPT_DONE": true}, "excited_states": {"et_oscs": [0.0, 0.0, 0.0, 0.0, 0.0, 0.0, 0.0, 0.0, 0.0, 0.0], "et_rot": [0.0, 0.0, 0.0, 0.0, 0.0, 0.0, 0.0, 0.0, 0.0, 0.0], "et_transitions": [[[[23, 0], [24, 0], 0.8210641100425715], [[23, 0], [25, 0], -0.375303995182572], [[23, 0], [26, 0], 0.42246801748771473]], [[[23, 0], [24, 0], -0.1459892660437746], [[23, 0], [25, 0], 0.5790073167067926], [[23, 0], [26, 0], 0.7980831396540088]], [[[23, 0], [24, 0], 0.5459147193472621], [[23, 0], [25, 0], 0.7192973020942036], [[23, 0], [26, 0], -0.4219871848765078]], [[[23, 0], [27, 0], 0.9999904099540156]], [[[23, 0], [28, 0], 0.6105159948764651], [[23, 0], [29, 0], -0.47946082405135043], [[23, 0], [30, 0], 0.6126655994912723]], [[[23, 0], [29, 0], 0.7590508453325114], [[23, 0], [30, 0], 0.632705005670099]], [[[23, 0], [28, 0], 0.7770113575746497], [[23, 0], [29, 0], 0.41466155862341525], [[23, 0], [30, 0], -0.44977648137713916]], [[[18, 0], [24, 0], 0.4637347692377616], [[18, 0], [25, 0], -0.2005779095513761], [[18, 0], [26, 0], 0.24885916057079355], [[19, 0], [24, 0], 0.27609691378209933], [[19, 0], [25, 0], 0.3414335803637364], [[19, 0], [26, 0], -0.21872226955662288], [[20, 0], [26, 0], -0.22245579336128787], [[21, 0], [24, 0], -0.19147037420969337], [[21, 0], [25, 0], 0.37728389416989433], [[21, 0], [26, 0], 0.32825310996241913], [[22, 0], [26, 0], 0.1562564565066033]], [[[18, 0], [24, 0], -0.25516655305897756], [[18, 0], [25, 0], -0.24430539289995218], [[18, 0], [26, 0], 0.17553218736174855], [[19, 0], [24, 0], 0.42531058674808464], [[19, 0], [25, 0], -0.2720522629937123], [[19, 0], [26, 0], 0.1777383605190506], [[20, 0], [24, 0], -0.2463277182941457], [[20, 0], [25, 0], -0.36841677513381504], [[20, 0], [26, 0], 0.18424374290596685], [[22, 0], [25, 0], 0.25601508119640143], [[22, 0], [26, 0], 0.46613893229379594]], [[[18, 0], [24, 0], 0.1839609001934922], [[18, 0], [25, 0], -0.26631055593047753], [[19, 0], [24, 0], 0.18234869673238688], [[20, 0], [25, 0], 0.272858364724265], [[20, 0], [26, 0], 0.44887138469722043], [[21, 0], [24, 0], 0.38484993672859036], [[21, 0], [26, 0], 0.346708596951388], [[22, 0], [24, 0], 0.2955282081291057], [[22, 0], [25, 0], 0.3643862664810517], [[22, 0], [26, 0], -0.15236736921007726]]], "et_energies": [24859.620610637998, 24859.620610637998, 24859.620610637998, 50815.348690287, 63175.795314712, 63175.795314712, 63175.795314712, 96899.44910006, 96899.44910006, 96899.44910006], "et_sym": ["Triplet-?Sym", "Triplet-?Sym", "Triplet-?Sym", "Triplet-?Sym", "Triplet-?Sym", "Triplet-?Sym", "Triplet-?Sym", "Triplet-?Sym", "Triplet-?Sym", "Triplet-?Sym"]}, "freq": {}, "wavefunction": {"Mulliken_partial_charges": [0.0], "MO_number": 39, "homo_indexes": [23], "SCF_values": [1.47e-09, 4.7e-08, null], "MO_number_kept": 39, "total_molecular_energy": -5442.31255705, "MO_energies": [[-25591.22598696926, -3749.7470915179833, -3482.4518330826377, -3482.4518330826377, -3482.4518330826377, -708.5341256396575, -594.155694517441, -594.155694517441, -594.155694517441, -410.047272863048, -410.047272863048, -410.047272863048, -410.047272863048, -410.047272863048, -103.758643878753, -66.7334728104705, -66.7334728104705, -66.7334728104705, -14.4467964368955, -14.4467964368955, -14.4467964368955, -14.4467964368955, -14.4467964368955, -5.72527541452, -0.512662494342, -0.512662494342, -0.512662494342, 2.0525547743215, 3.8153082978605, 3.8153082978605, 3.8153082978605, 19.360084121523503, 35.638750999985, 35.638750999985, 35.638750999985, 35.638750999985, 35.638750999985, 129.076660756974, 5667.822928808533]], "virial_ratio": [2.0044]}}, "comp_details": {"geometry": {"geometric_targets": [0.00045, 0.0003, 0.0018, 0.0012]}, "excited_states": {"nb_et_states": 10}, "freq": {}, "general": {"scf_targets": [[1e-08, 1e-06, 1e-06]], "list_theory": ["DFT"], "solvent": "Gas", "package": "Gaussian", "integration_grid": "Default", "package_version": "09revisionD.01", "basis_set_size": 39, "job_type": ["OPT_ES"], "functional": "PBE1PBE", "is_closed_shell": "True", "core_electrons_per_atoms": [0], "basis_set_md5": "9c74628d4e19e40701bd266a54282fc7", "basis_set": "(lp0\n(lp1\n(VS\np2\n(lp3\n(F11686.086\nF0.06142649617\ntp4\na(F1770.1114\nF0.368156677\ntp5\na(F389.20899\nF0.689572157\ntp6\natp7\na(g2\n(lp8\n(F527.600377\nF-0.112592477\ntp9\na(F114.832877\nF0.08326963198\ntp10\na(F36.9582931\nF0.9697978087\ntp11\natp12\na(VP\np13\n(lp14\n(F527.600377\nF0.151805099\ntp15\na(F114.832877\nF0.607759769\ntp16\na(F36.9582931\nF0.399963156\ntp17\natp18\na(g2\n(lp19\n(F33.0154821\nF-1.406471028\ntp20\na(F29.5454301\nF1.218156268\ntp21\na(F6.27850756\nF1.055520308\ntp22\natp23\na(g13\n(lp24\n(F33.0154821\nF-1.609023667\ntp25\na(F29.5454301\nF1.959567526\ntp26\na(F6.27850756\nF0.7080270607\ntp27\natp28\na(g2\n(lp29\n(F6.15059633\nF-0.4229209279\ntp30\na(F2.25974607\nF0.4987714469\ntp31\na(F0.841426139\nF0.7850754939\ntp32\natp33\na(g13\n(lp34\n(F6.15059633\nF0.0144822945\ntp35\na(F2.25974607\nF0.5186611159\ntp36\na(F0.841426139\nF0.5426657759\ntp37\natp38\na(g2\n(lp39\n(F0.949068645\nF-0.2215546835\ntp40\na(F0.101487843\nF1.080944447\ntp41\natp42\na(g13\n(lp43\n(F0.949068645\nF-0.001540265823\ntp44\na(F0.101487843\nF1.000412196\ntp45\natp46\na(g2\n(lp47\n(F0.0359872644\nF1.0\ntp48\natp49\na(g13\n(lp50\n(F0.0359872644\nF1.0\ntp51\natp52\na(VD\np53\n(lp54\n(F95.472743\nF0.123082799\ntp55\na(F26.481959\nF0.4916767962\ntp56\na(F8.2828858\nF0.5815407955\ntp57\natp58\na(g53\n(lp59\n(F4.0821413\nF0.337940954\ntp60\na(F1.3572792\nF0.759167887\ntp61\natp62\na(g53\n(lp63\n(F0.42083076\nF1.0\ntp64\natp65\naa.", "last_theory": "DFT", "all_unique_theory": ["DFT"]}}, "metadata": {"archivable_for_new_entry": "False", "archivable": "True", "parser_version": "v7.1", "log_file": "OPT_ET1.log"}}
