{"molecule": {"atoms_masses": [14.003074, 14.003074], "nb_atoms": 2, "starting_geometry": [[0.0, 0.0, 0.545592], [0.0, 0.0, -0.545592]], "atoms_Z": [7, 7], "atoms_Zeff": [-4.55, -4.55], "multiplicity": 1, "chirality": false, "nuclear_spins": [2.0, 2.0], "nuclear_QMom": [2.044, 2.044], "connectivity": {"bond_orders": [3, 3], "atom_pairs": [[0, 1], [1, 0]]}, "charge": 0, "can": "N#N", "smi": "N#N", "starting_nuclear_repulsion": 23.76298, "inchi": "InChI=1S/N2/c1-2", "formula": "N2", "nuclear_gfactors": [0.403761, 0.403761], "starting_energy": -109.440009423, "nb_heavy_atoms": 2, "atoms_valence": [1, 1], "monoisotopic_mass": 28.00614801}, "results": {"geometry": {"geometric_values": [[0.004315, 0.004315, 0.001338, 0.001893]], "nuclear_repulsion_energy_from_xyz": 23.76298, "elements_3D_coords_converged": [0.0, 0.0, 0.545592, 0.0, 0.0, -0.545592]}, "excited_states": {}, "freq": {"electronic_thermal_energy": -109.432029, "vibrational_freq": [2466.6261], "zero_point_energy": -109.43439, "enthalpy": -109.431085, "polarizabilities": [[9.944, 0.0, 0.0], [0.0, 9.944, 0.0], [0.0, 0.0, 14.824]], "entropy": 7.2883e-05, "vibrational_sym": ["SGG"], "vibration_disp": [[[0.0, 0.0, 0.70711], [0.0, 0.0, -0.70711]]], "vibrational_int": [0.0], "free_energy": -109.452815}, "wavefunction": {"Mulliken_partial_charges": [0.0, 0.0], "MO_number": 78, "homo_indexes": [6], "SCF_values": [9.32e-09, 2.24e-07, -2.93e-12], "MO_number_kept": 37, "total_molecular_energy": -109.440009423, "MO_energies": [[-394.126435697994, -394.0755504079505, -31.608200646379004, -15.631308028122, -13.25194451935, -13.25194451935, -12.2279800999185, -0.5559285965715001, -0.5559285965715001, 2.0601739621355, 2.493107098281, 2.8226369712365003, 2.8226369712365003, 4.1336815029455, 5.05587534229, 5.05587534229, 6.98244140383, 11.941444215342, 11.941444215342, 13.8280095408585, 15.575796802620001, 17.3339243907005, 17.3339243907005, 18.757896170366998, 19.4607662462085, 19.461038360059, 20.9002485153535, 20.9002485153535, 21.022427634228002, 22.363948917193003, 22.363948917193003, 28.0960271779755, 28.0960271779755, 30.5880458208545, 38.893232651965, 46.34098874015, 55.7101407267155]], "virial_ratio": [2.0031], "MO_sym": [["sigma.g", "sigma.u", "sigma.g", "sigma.u", "pi.u", "pi.u", "sigma.g", "pi.g", "pi.g", "sigma.g", "sigma.u", "pi.u", "pi.u", "sigma.g", "pi.g", "pi.g", "sigma.u", "delta.g", "delta.g", "sigma.u", "sigma.g", "pi.u", "pi.u", "sigma.u", "delta.u", "delta.u", "pi.u", "pi.u", "sigma.g", "pi.g", "pi.g", "pi.g", "pi.g", "sigma.u", "sigma.g", "sigma.u", "pi.u"]]}}, "comp_details": {"geometry": {"geometric_targets": [0.00045, 0.0003, 0.0018, 0.0012]}, "excited_states": {}, "freq": {"temperature": 298.15}, "general": {"scf_targets": [[1e-08, 1e-06, 1e-06]], "list_theory": ["DFT"], "solvent": "Gas", "package": "Gaussian", "integration_grid": "Default", "package_version": "09revisionD.01", "basis_set_size": 78, "job_type": ["FREQ", "OPT"], "functional": "PBE1PBE", "is_closed_shell": "True", "core_electrons_per_atoms": [0, 0], "basis_set_md5": "bc853cb816fd46e814a5cd73aadddb1d", "basis_set": "(lp0\n(lp1\n(VS\np2\n(lp3\n(F6293.48\nF0.001969788147\ntp4\na(F949.044\nF0.01496128592\ntp5\na(F218.776\nF0.07350053084\ntp6\na(F63.6916\nF0.2489367658\ntp7\na(F18.8282\nF0.6024594331\ntp8\na(F2.72023\nF0.2562017589\ntp9\natp10\na(g2\n(lp11\n(F30.6331\nF0.1119060795\ntp12\na(F7.02614\nF0.9216666549\ntp13\na(F2.11205\nF-0.002569191826\ntp14\natp15\na(VP\np16\n(lp17\n(F30.6331\nF0.03831191864\ntp18\na(F7.02614\nF0.2374031155\ntp19\na(F2.11205\nF0.8175923978\ntp20\natp21\na(g2\n(lp22\n(F0.684009\nF1.0\ntp23\natp24\na(g16\n(lp25\n(F0.684009\nF1.0\ntp26\natp27\na(g2\n(lp28\n(F0.200878\nF1.0\ntp29\natp30\na(g16\n(lp31\n(F0.200878\nF1.0\ntp32\natp33\na(g2\n(lp34\n(F0.0639\nF1.0\ntp35\natp36\na(g16\n(lp37\n(F0.0639\nF1.0\ntp38\natp39\na(VD\np40\n(lp41\n(F3.652\nF1.0\ntp42\natp43\na(g40\n(lp44\n(F0.913\nF1.0\ntp45\natp46\na(g40\n(lp47\n(F0.22825\nF1.0\ntp48\natp49\na(VF\np50\n(lp51\n(F1.0\nF1.0\ntp52\natp53\naa(lp54\n(g2\n(lp55\n(F6293.48\nF0.001969788147\ntp56\na(F949.044\nF0.01496128592\ntp57\na(F218.776\nF0.07350053084\ntp58\na(F63.6916\nF0.2489367658\ntp59\na(F18.8282\nF0.6024594331\ntp60\na(F2.72023\nF0.2562017589\ntp61\natp62\na(g2\n(lp63\n(F30.6331\nF0.1119060795\ntp64\na(F7.02614\nF0.9216666549\ntp65\na(F2.11205\nF-0.002569191826\ntp66\natp67\na(g16\n(lp68\n(F30.6331\nF0.03831191864\ntp69\na(F7.02614\nF0.2374031155\ntp70\na(F2.11205\nF0.8175923978\ntp71\natp72\na(g2\n(lp73\n(F0.684009\nF1.0\ntp74\natp75\na(g16\n(lp76\n(F0.684009\nF1.0\ntp77\natp78\na(g2\n(lp79\n(F0.200878\nF1.0\ntp80\natp81\na(g16\n(lp82\n(F0.200878\nF1.0\ntp83\natp84\na(g2\n(lp85\n(F0.0639\nF1.0\ntp86\natp87\na(g16\n(lp88\n(F0.0639\nF1.0\ntp89\natp90\na(g40\n(lp91\n(F3.652\nF1.0\ntp92\natp93\na(g40\n(lp94\n(F0.913\nF1.0\ntp95\natp96\na(g40\n(lp97\n(F0.22825\nF1.0\ntp98\natp99\na(g50\n(lp100\n(F1.0\nF1.0\ntp101\natp102\naa.", "last_theory": "DFT", "all_unique_theory": ["DFT"]}}, "metadata": {"archivable_for_new_entry": "False", "archivable": "True", "parser_version": "v7.1", "log_file": "freq.log"}}
