{"molecule": {"atoms_masses": [14.003074, 14.003074], "nb_atoms": 2, "starting_geometry": [[-0.545592, 0.0, 0.0], [0.545592, 0.0, 0.0]], "atoms_Z": [7, 7], "atoms_Zeff": [-4.55, -4.55], "multiplicity": 1, "chirality": false, "nuclear_spins": [2.0, 2.0], "nuclear_QMom": [2.044, 2.044], "connectivity": {"bond_orders": [3, 3], "atom_pairs": [[0, 1], [1, 0]]}, "charge": 0, "can": "N#N", "smi": "N#N", "starting_nuclear_repulsion": 23.76298, "inchi": "InChI=1S/N2/c1-2", "formula": "N2", "nuclear_gfactors": [0.403761, 0.403761], "starting_energy": -109.440009423, "nb_heavy_atoms": 2, "atoms_valence": [1, 1], "monoisotopic_mass": 28.00614801}, "results": {"geometry": {"geometric_values": [[0.278141, 0.278141, 0.0732, 0.103521], [0.069604, 0.069604, 0.03686, 0.052127], [0.001741, 0.001741, 0.001028, 0.001454], [3e-06, 3e-06, 2e-06, 3e-06]], "nuclear_repulsion_energy_from_xyz": 21.49023, "elements_3D_coords_converged": [-0.603289, 0.0, 0.0, 0.603289, 0.0, 0.0], "OPT_DONE": true}, "excited_states": {"et_oscs": [0.0, 0.0, 0.0, 0.0, 0.0, 0.0, 0.3693, 0.0545, 0.0545, 0.1488, 0.0, 0.0, 0.0, 0.0, 0.0, 0.0, 0.7634, 0.1347, 0.1347, 0.0006, 0.0, 0.0, 0.0, 0.0, 0.0, 0.5795, 0.1315, 0.1315, 0.0, 0.1786, 0.0, 0.0, 0.0, 0.0, 0.0, 0.5839, 0.1315, 0.1315, 0.0, 0.1745], "et_rot": [0.0, 0.0, 0.0, 0.0, 0.0, 0.0, 0.0, 0.0, 0.0, 0.0], "et_transitions": [[[[6, 0], [7, 0], 0.8321232601003292], [[6, 0], [8, 0], -0.5488279992857508]], [[[6, 0], [7, 0], 0.5488279992857508], [[6, 0], [8, 0], 0.8321232601003292]], [[[4, 0], [7, 0], 0.25335635969914], [[4, 0], [8, 0], -0.6569870525360451], [[5, 0], [7, 0], 0.6569870525360451], [[5, 0], [8, 0], 0.25335635969914]], [[[4, 0], [7, 0], 0.5121008730709214], [[4, 0], [8, 0], -0.4848772619952394], [[5, 0], [7, 0], -0.4848772619952394], [[5, 0], [8, 0], -0.5121008730709214]], [[[4, 0], [7, 0], 0.4848772619952394], [[4, 0], [8, 0], 0.5121008730709214], [[5, 0], [7, 0], 0.5121008730709214], [[5, 0], [8, 0], -0.4848772619952394]], [[[6, 0], [9, 0], 0.9838825174785861]], [[[4, 0], [7, 0], 0.15273506473629428], [[5, 0], [8, 0], 0.15273506473629428], [[6, 0], [10, 0], 0.9614672325149725]], [[[3, 0], [7, 0], 0.20124258992569144], [[6, 0], [11, 0], 0.900146932450475], [[6, 0], [12, 0], 0.36473981987164494]], [[[3, 0], [8, 0], -0.20124258992569144], [[6, 0], [11, 0], -0.36473981987164494], [[6, 0], [12, 0], 0.900146932450475]], [[[3, 0], [7, 0], 0.26454278897751116], [[4, 0], [9, 0], 0.8472270609464737], [[5, 0], [9, 0], -0.4531423096555871]], [[[6, 0], [7, 0], -0.7967254946341307], [[6, 0], [8, 0], 0.6004750785836162]], [[[4, 0], [7, 0], -0.20496197159473267], [[4, 0], [8, 0], -0.6753294024400242], [[5, 0], [7, 0], -0.6753294024400242], [[5, 0], [8, 0], 0.20496197159473267]], [[[6, 0], [7, 0], 0.6004750785836162], [[6, 0], [8, 0], 0.7967254946341307]], [[[4, 0], [7, 0], 0.6824994652012557], [[4, 0], [8, 0], -0.1807082090000341], [[5, 0], [7, 0], 0.1807082090000341], [[5, 0], [8, 0], 0.6824994652012557]], [[[4, 0], [7, 0], 0.1807082090000341], [[4, 0], [8, 0], 0.6824994652012557], [[5, 0], [7, 0], -0.6824994652012557], [[5, 0], [8, 0], 0.1807082090000341]], [[[4, 0], [12, 0], 0.1467529413674561], [[5, 0], [11, 0], 0.1467529413674561], [[6, 0], [9, 0], 0.9763871855980085]], [[[3, 0], [9, 0], 0.2213244225113894], [[4, 0], [7, 0], -0.51880424535657], [[4, 0], [8, 0], 0.1574585380346204], [[5, 0], [7, 0], 0.1574585380346204], [[5, 0], [8, 0], 0.51880424535657], [[6, 0], [10, 0], 0.5442742316149094]], [[[4, 0], [9, 0], -0.7522484780974967], [[5, 0], [9, 0], 0.6485017711618065]], [[[4, 0], [9, 0], 0.6485017711618065], [[5, 0], [9, 0], 0.7522484780974967]], [[[4, 0], [7, 0], 0.33734650316847814], [[5, 0], [8, 0], -0.33734650316847814], [[6, 0], [10, 0], 0.8356446518706382]], [[[6, 0], [8, 0], 0.9980246531023169]], [[[4, 0], [7, 0], -0.2237568698386711], [[4, 0], [8, 0], 0.669870538089264], [[5, 0], [7, 0], 0.669870538089264], [[5, 0], [8, 0], 0.2237568698386711]], [[[4, 0], [7, 0], -0.669870538089264], [[4, 0], [8, 0], -0.2237568698386711], [[5, 0], [7, 0], -0.2237568698386711], [[5, 0], [8, 0], 0.669870538089264]], [[[4, 0], [7, 0], 0.3472601402407135], [[4, 0], [8, 0], 0.6151263310898015], [[5, 0], [7, 0], -0.6151263310898015], [[5, 0], [8, 0], 0.3472601402407135]], [[[6, 0], [7, 0], 0.9980246531023169]], [[[3, 0], [9, 0], 0.19366240523137165], [[4, 0], [7, 0], 0.5723605129636391], [[4, 0], [8, 0], -0.32311951473100475], [[4, 0], [15, 0], 0.1563554514559694], [[5, 0], [7, 0], 0.32311951473100475], [[5, 0], [8, 0], 0.5723605129636391], [[5, 0], [14, 0], 0.1563554514559694], [[6, 0], [17, 0], -0.19950310724397252]], [[[4, 0], [9, 0], 0.5950162142328561], [[5, 0], [9, 0], 0.7978992918909004]], [[[4, 0], [9, 0], -0.7978992918909004], [[5, 0], [9, 0], 0.5950162142328561]], [[[4, 0], [11, 0], 0.1599758381756445], [[5, 0], [12, 0], 0.1599758381756445], [[6, 0], [9, 0], 0.971479864536574]], [[[6, 0], [10, 0], 0.994715393366364]], [[[6, 0], [7, 0], 0.9948568147226013]], [[[4, 0], [7, 0], -0.4952434474074342], [[4, 0], [8, 0], 0.5035165967473169], [[5, 0], [7, 0], 0.5035165967473169], [[5, 0], [8, 0], 0.4952434474074342]], [[[4, 0], [7, 0], -0.5035165967473169], [[4, 0], [8, 0], -0.4952434474074342], [[5, 0], [7, 0], -0.4952434474074342], [[5, 0], [8, 0], 0.5035165967473169]], [[[6, 0], [8, 0], 0.9948568147226013]], [[[4, 0], [8, 0], 0.7063572479984899], [[5, 0], [7, 0], -0.7063572479984899]], [[[3, 0], [9, 0], 0.19490691316625997], [[4, 0], [7, 0], 0.6566900676879467], [[4, 0], [15, 0], 0.19509076092936847], [[5, 0], [8, 0], 0.6566900676879467], [[5, 0], [14, 0], 0.19509076092936847], [[6, 0], [17, 0], -0.1980323251391045]], [[[4, 0], [9, 0], -0.5531979191934836], [[5, 0], [9, 0], 0.8273856446663792]], [[[4, 0], [9, 0], 0.8273856446663792], [[5, 0], [9, 0], 0.5531979191934836]], [[[4, 0], [11, 0], 0.15406442548492497], [[5, 0], [12, 0], 0.15406442548492497], [[6, 0], [9, 0], 0.971635428028435]], [[[6, 0], [10, 0], 0.994291129297652]]], "et_energies": [75927.420837202, 75927.420837202, 76620.251091713, 80782.071945353, 80782.071945353, 105508.611075206, 106949.92383982899, 108682.402753321, 108682.402753321, 110235.020029146, 67297.28844690199, 64078.329720763, 67297.28844690199, 68580.516543441, 68580.516543441, 104016.48538155599, 104568.975165421, 104877.88551172799, 104877.88551172799, 106798.291607177, 63289.519489201, 63058.038368078, 63058.038368078, 58400.993095032, 63289.519489201, 100292.62358286299, 102411.442067846, 102411.442067846, 103226.868595565, 105390.047574143, 63398.404337116, 63207.250937443, 63207.250937443, 63398.404337116, 58553.43188211299, 100428.93128136398, 102478.386085453, 102478.386085453, 103249.45211957699, 105415.857315871], "et_sym": ["Singlet-?Sym", "Singlet-?Sym", "Singlet-?Sym", "Singlet-?Sym", "Singlet-?Sym", "Singlet-?Sym", "Singlet-?Sym", "Singlet-?Sym", "Singlet-?Sym", "Singlet-?Sym", "Singlet-?Sym", "Singlet-?Sym", "Singlet-?Sym", "Singlet-?Sym", "Singlet-?Sym", "Singlet-?Sym", "Singlet-?Sym", "Singlet-?Sym", "Singlet-?Sym", "Singlet-?Sym", "Singlet-?Sym", "Singlet-?Sym", "Singlet-?Sym", "Singlet-?Sym", "Singlet-?Sym", "Singlet-?Sym", "Singlet-?Sym", "Singlet-?Sym", "Singlet-?Sym", "Singlet-?Sym", "Singlet-?Sym", "Singlet-?Sym", "Singlet-?Sym", "Singlet-?Sym", "Singlet-?Sym", "Singlet-?Sym", "Singlet-?Sym", "Singlet-?Sym", "Singlet-?Sym", "Singlet-?Sym"]}, "freq": {}, "wavefunction": {"Mulliken_partial_charges": [0.0, 0.0], "MO_number": 78, "homo_indexes": [6], "SCF_values": [8.46e-09, 1.62e-07, 1.42e-13], "MO_number_kept": 37, "total_molecular_energy": -109.40952188,