{"molecule": {"atoms_masses": [14.003074, 14.003074], "nb_atoms": 2, "starting_geometry": [[0.0, 0.0, 0.545592], [0.0, 0.0, -0.545592]], "atoms_Z": [7, 7], "atoms_Zeff": [-4.55, -4.55], "multiplicity": 2, "chirality": false, "nuclear_spins": [2.0, 2.0], "nuclear_QMom": [2.044, 2.044], "connectivity": {"bond_orders": [3, 3], "atom_pairs": [[0, 1], [1, 0]]}, "charge": 1, "can": "N#N", "smi": "N#N", "starting_nuclear_repulsion": 23.76298, "inchi": "InChI=1S/N2/c1-2", "formula": "N2+", "nuclear_gfactors": [0.403761, 0.403761], "starting_energy": -108.860576911, "nb_heavy_atoms": 2, "atoms_valence": [1, 1], "monoisotopic_mass": 28.00614801}, "results": {"geometry": {"nuclear_repulsion_energy_from_xyz": 23.76298, "elements_3D_coords_converged": [0.0, 0.0, 0.545592, 0.0, 0.0, -0.545592]}, "excited_states": {}, "freq": {}, "wavefunction": {"SCF_values": [3.42e-09, 1.4e-07, -1.68e-12], "MO_number": 78, "homo_indexes": [6, 5], "virial_ratio": [2.0021], "MO_number_kept": 37, "total_molecular_energy": -108.860576911, "MO_energies": [[-407.4989266531155, -407.4466807938195, -43.740940898622505, -28.090857014816, -25.0918902684555, -24.576234521758, -24.576234521758, -11.662255404729, -11.662255404729, -4.317902579734, -2.9679457674035, -2.9124345419015, -2.9124345419015, -1.515674147285, -0.3768776829425, -0.3768776829425, 1.8520068665029998, 3.6313593349225006, 3.6313593349225006, 4.855055320621, 7.872797922666001, 9.0828882158395, 9.0828882158395, 10.174336870195, 11.434768225711, 11.4350403395615, 12.063895448067, 12.063895448067, 12.3068931165635, 13.730048554678499, 13.730048554678499, 20.2498964126585, 20.2498964126585, 20.393028298021502, 29.5088422897715, 36.9745578920895, 44.1436693973625], [-407.11497401006, -407.071980021681, -42.8679996662185, -25.293526631676002, -24.221942288407, -24.221942288407, -19.3508322506065, -10.991766877097001, -10.991766877097001, -4.012862953323499, -2.8460387623795, -2.8460387623795, -2.7295740343655, -1.3015205469414999, -0.271025395098, -0.271025395098, 2.030513552431, 3.693673406687, 3.693673406687, 5.609354914207, 8.292397480137, 9.5683393251315, 9.5683393251315, 11.138164128666, 11.637765158184001, 11.6380372720345, 12.241313678593, 12.241313678593, 13.218746629589, 14.037809319594, 14.037809319594, 20.5432351434975, 20.5432351434975, 21.111136749491, 29.9551090045915, 37.9236910026335, 45.3126704991105]], "MO_coefs": [[[0.39413, 0.32952, 0.39413, 0.32952, 0.39441, 0.32828, 0.01726, 0.02137, -0.39441, -0.32828, -0.01726, -0.01509, -0.02137, -0.09123, -0.14327, -0.11605, 0.38955, -0.14261, 0.13995, -0.04946, 0.02712, -0.09123, -0.14327, 0.11605, 0.38955, 0.14261, 0.13995, 0.04946, -0.08655, -0.14165, 0.11101, 0.42771, 0.14045, 1.08178, -0.29733, 0.08655, 0.14165, 0.11101, -0.42771, 0.14045, -1.08178, -0.29733, -0.03641, -0.06037, 0.22701, 0.1964, 0.32298, 0.24923, 0.14319, -0.06037, -0.22701, 0.1964, -0.32298, 0.24923, -0.14319, 0.21779, 0.33598, 0.17529, -0.03047, 0.21779, 0.33598, 0.17529, 0.03047, 0.21779, 0.33598, 0.17529, -0.03047, 0.21779, 0.33598, 0.17529, 0.03047, 0.24577, 0.38807, 0.39837, 0.06551, -0.24577, -0.38807, -0.39837, -0.06551, 0.24577, 0.38807, 0.39837, 0.06551, -0.24577, -0.38807, -0.39837, -0.06551, 0.05163, -0.042, -0.21135, -0.04563, -0.5339, -0.17727, 0.83654, 0.05163, -0.21135, 0.04563, -0.5339, 0.17727, 0.83654, 0.20256, -0.43011, 0.38714, 5.03077, -2.03609, 0.43011, 0.38714, -5.03077, -2.03609, -0.07703, -0.11445, -0.11438, 0.58352, -0.07703, -0.11445, -0.11438, 0.58352, -0.07703, -0.11445, -0.11438, 0.58352, -0.07703, -0.11445, -0.11438, 0.58352, -0.0463, 0.04773, -0.07191, 0.22698, 0.05952, 0.16637, 1.45014, 0.04773, 0.07191, 0.22698, -0.05952, 0.16637, -1.45014, -0.0863, -0.12429, -0.30808, 2.14016, 0.12429, 0.30808, -2.14016, -0.0863, -0.12429, -0.30808, 2.14016, 0.12429, 0.30808, -2.14016, 4.57772, 41.92597, -11.0097, -4.57772, -3.06448, -41.92597, -11.0097, 0.03797, 0.53826, 0.03797, 0.53826, 0.03797, 0.53826, 0.03797, 0.53826, -5.57358, 3.26987, 12.49475, -3.79749, 5.57358, 3.26987, -12.49475, -3.79749, -0.13241, 0.07474, 1.25968, -0.50546, 1.49651, -0.92495, -0.13241, -0.07474, 1.25968, -0.50546, -1.49651, -0.92495, -0.14309, 0.76132, -0.38127, 0.04919, 0.70768, -0.14309, 0.76132, -0.38127, -0.70768, -0.14309, 0.76132, -0.38127, 0.70768, -0.14309, 0.76132, -0.38127, -0.04919, -0.70768, 23.48376, -13.36214, 24.16888, -5.5287, -23.48376, -13.36214, -24.16888, -5.5287, -2.84416, 1.1311, -1.1311, 1.1311, -1.1311, -0.5568, 0.73358, -0.3677, -0.38418, -0.15946, -0.5568, 0.73358, -0.3677, 0.38418, -0.15946, -0.5568, 0.73358, -0.3677, -0.38418, -0.5568, 0.73358, -0.3677, 0.38418, -0.38536, -0.48047, 1.69554, 1.61116, -0.90226, -0.19783, -0.67681, -0.38536, 0.48047, 1.69554, -1.61116, -0.90226, 0.19783, -0.67681, 0.17945, 0.52517, -0.33068, 1.44432, -0.82088, -0.52517, 0.33068, -1.44432, -0.82088, 0.52517, -0.33068, 1.44432, -0.82088, -0.17945, -0.52517, 0.33068, -1.44432, -0.82088, -0.23727, 6.25558, -3.44359, -6.25558, -3.44359, -0.23727, 6.25558, -3.44359, -6.25558, -3.44359, 10.31969, -5.42122, 19.45955, -5.03051, 1.99628, -10.31969, -5.42122, -19.45955, -5.03051, -1.99628, 1.87033, -0.33668, 0.19114, 2.07472, -0.41149, 0.48035, -1.86262, 1.87033, 0.33668, 0.19114, -2.07472, -0.41149, -0.48035, -1.86262, -1.93637, 45.31651, -22.32047, 8.3911, 4.73544, 1.93637, -45.31651, -22.32047, -8.3911, -4.73544, 0.07994, 0.09093, -0.23375, 0.6861, -0.5113, 0.07994, 0.09093, -0.23375, 0.07712, -0.6861, 0.5113], [0, 1, 39, 40, 0, 1, 5, 9, 39, 40, 44, 47, 48, 0, 1, 4, 5, 8, 9, 12, 22, 39, 40, 43, 44, 47, 48, 51, 0, 1, 4, 5, 8, 9, 12, 39, 40, 43, 44, 47, 48, 51, 0, 1, 4, 5, 8, 9, 12, 40, 43, 44, 47, 48, 51, 3, 7, 11, 24, 42, 46, 50, 63, 2, 6, 10, 23, 41, 45, 49, 62, 2, 6, 10, 14, 41, 45, 49, 53, 3, 7, 11, 15, 42, 46, 50, 54, 1, 4, 5, 8, 9, 12, 13, 40, 44, 47, 48, 51, 52, 5, 9, 12, 13, 16, 48, 51, 52, 55, 2, 6, 10, 14, 41, 45, 49, 53, 3, 7, 11, 15, 42, 46, 50, 54, 4, 5, 8, 9, 12, 13, 16, 44, 47, 48, 51, 52, 55, 3, 7, 11, 15, 46, 50, 54, 2, 6, 10, 14, 45, 49, 53, 9, 13, 16, 48, 51, 52, 55, 26, 31, 65, 70, 25, 30, 64, 69, 9, 12, 13, 16, 48, 51, 52, 55, 5, 8, 9, 13, 16, 27, 44, 47, 48, 52, 55, 66, 6, 10, 14, 23, 28, 45, 49, 53, 67, 7, 11, 15, 29, 46, 50, 54, 63, 68, 9, 12, 13, 16, 48, 51, 52, 55, 66, 31, 70, 30, 69, 6, 10, 14, 28, 41, 45, 49, 53, 67, 3, 7, 11, 15, 29, 46, 50, 54, 68, 5, 8, 9, 12, 13, 16, 27, 44, 47, 48, 51, 52, 55, 66, 3, 7, 11, 15, 29, 46, 50, 54, 68, 6, 10, 14, 28, 41, 45, 49, 53, 67, 6, 10, 28, 49, 67, 7, 11, 29, 50, 68, 9, 12, 13, 16, 27, 48, 51, 52, 55, 66, 5, 8, 9, 12, 13, 16, 27, 44, 47, 48, 51, 52, 55, 66, 5, 9, 12, 13, 27, 44, 48, 51, 52, 66, 2, 6, 10, 23, 28, 41, 45, 49, 53, 62, 67], [0, 4, 13, 28, 42, 55, 63, 71, 79, 87, 100, 109, 117, 125, 138, 145, 152, 159, 163, 167, 175, 187, 196, 205, 214, 216, 218, 227, 236, 250, 259, 268, 273, 278, 288, 302, 312, 323]], [[0.39438, 0.32952, 0.39438, 0.32952, 0.39466, 0.32834, 0.01599, 0.02473, -0.39466, -0.32834, -0.01599, -0.01467, -0.02473, -0.09106, -0.14297, -0.11115, 0.38918, -0.14101, 0.14612, -0.05059, 0.02025, -0.09106, -0.14297, 0.11115, 0.38918, 0.14101, 0.14612, 0.05059, -0.08789, -0.14329, 0.09319, 0.42828, 0.1084, 1.11053, -0.29617, 0.08789, 0.14329, 0.09319, -0.42828, 0.1084, -1.11053, -0.29617, 0.21647, 0.33254, 0.17626, -0.03635, 0.21647, 0.33254, 0.17626, 0.03635, 0.21647, 0.33254, 0.17626, -0.03635, 0.21647, 0.33254, 0.17626, 0.03635, -0.03199, -0.05227, 0.21891, 0.15857, 0.30923, 0.27639, 0.1747, -0.03199, -0.05227, -0.21891, 0.15857, -0.30923, 0.27639, -0.1747, 0.24612, 0.38436, 0.43167, 0.07792, -0.24612, -0.38436, -0.43167, -0.07792, 0.24612, 0.38436, 0.43167, 0.07792, -0.24612, -0.38436, -0.43167, -0.07792, 0.05248, -0.0484, -0.20728, -0.04861, -0.59741, -0.21599, 0.85137, -0.04269, 0.05248, 0.0484, -0.20728, 0.04861, -0.59741, 0.21599, 0.85137, -0.0764, -0.11339, -0.12173, 0.58702, -0.0764, -0.11339, -0.12173, 0.58702, -0.0764, -0.11339, -0.12173, 0.58702, -0.0764, -0.11339, -0.12173, 0.58702, 0.20132, -0.63624, 