{"molecule": {"atoms_masses": [14.003074, 14.003074], "nb_atoms": 2, "starting_geometry": [[0.0, 0.0, 0.545592], [0.0, 0.0, -0.545592]], "atoms_Z": [7, 7], "atoms_Zeff": [-4.55, -4.55], "multiplicity": 2, "chirality": false, "nuclear_spins": [2.0, 2.0], "nuclear_QMom": [2.044, 2.044], "connectivity": {"bond_orders": [3, 3], "atom_pairs": [[0, 1], [1, 0]]}, "charge": -1, "can": "N#N", "smi": "N#N", "starting_nuclear_repulsion": 23.76298, "inchi": "InChI=1S/N2/c1-2", "formula": "N2-", "nuclear_gfactors": [0.403761, 0.403761], "starting_energy": -109.360658492, "nb_heavy_atoms": 2, "atoms_valence": [1, 1], "monoisotopic_mass": 28.00614801}, "results": {"geometry": {"nuclear_repulsion_energy_from_xyz": 23.76298, "elements_3D_coords_converged": [0.0, 0.0, 0.545592, 0.0, 0.0, -0.545592]}, "excited_states": {}, "freq": {}, "wavefunction": {"SCF_values": [1.27e-09, 2.84e-08, -8.53e-14], "MO_number": 78, "homo_indexes": [7, 6], "virial_ratio": [1.9993], "MO_number_kept": 38, "total_molecular_energy": -109.360658492, "MO_energies": [[-384.58394718866003, -384.53659937867303, -22.634974312291, -7.3353730679285, -5.1481219376095, -4.6490651357925, -3.7848315466045, 4.609336513619501, 6.817540410427, 6.9734616467635, 7.1623086590105, 7.687216276625, 7.819735721818501, 9.1574474108765, 9.629837055344499, 10.319645666362002, 11.2810239001785, 19.089330840276002, 19.106746126708, 20.329081543154, 22.233878496654, 23.8080571217965, 24.088062273961, 25.629315123193003, 26.005648578434503, 26.0796635457705, 27.8304440598875, 28.3436507819305, 28.3871889980105, 29.0266565466855, 29.440813827146503, 34.624582679171496, 34.7421358625875, 38.6317312416345, 46.584258522497, 53.529148214958, 64.1511123692255, 64.199276520764], [-384.37768488998097, -384.3278880553395, -22.272518663425, -6.529099728897, -4.4762728407250005, -3.7181636532320006, -3.362238736778, 7.1674788221700005, 7.2259833000275, 7.4975529228265, 7.6812297719139995, 7.965860859537, 8.1587895795415, 9.2984023854355, 10.5947527692175, 11.065237616732, 11.6848408543205, 19.350288022905502, 19.356274527616502, 20.730177358791003, 22.3854459113825, 24.230649931623002, 24.632289974961, 25.989865975105502, 26.5994010002255, 26.6832120661795, 28.282969393269, 28.392903388871, 28.900395720053503, 29.6508857197325, 30.166813580280504, 34.822409448485004, 35.166633469367504, 38.987928271939, 46.735553823375, 53.940584356914, 64.254787746266, 64.84337000489751]], "MO_coefs": [[[0.39412, 0.32944, 0.39412, 0.32944, 0.3944, 0.32815, 0.01784, 0.02142, -0.3944, -0.32815, -0.01784, -0.01547, -0.02142, -0.09, -0.14101, -0.10753, 0.36834, -0.13534, 0.16992, -0.04763, -0.09, -0.14101, 0.10753, 0.36834, 0.13534, 0.16992, 0.04763, -0.08127, -0.13206, 0.09287, 0.37272, 0.11003, 0.86354, -0.14761, 0.23217, 0.08127, 0.13206, 0.09287, -0.37272, 0.11003, -0.86354, -0.14761, -0.23217, 0.20064, 0.3014, 0.20791, 0.03254, -0.02754, 0.20064, 0.3014, 0.20791, 0.03254, 0.19582, 0.29608, 0.21005, 0.03324, -0.03024, 0.19582, 0.29608, 0.21005, 0.03324, 0.03024, -0.04148, 0.20772, 0.12165, 0.28619, 0.24896, 0.20333, 0.09829, 0.0427, -0.02526, -0.04148, -0.20772, 0.12165, -0.28619, 0.24896, -0.20333, 0.09829, -0.0427, 0.1839, 0.29048, 0.33025, 0.90535, -0.1839, -0.29048, -0.33025, -0.90535, -3.06992, 1.8442, 13.35492, -4.38503, 3.06992, 1.8442, -13.35492, -4.38503, 0.15149, 0.25218, 0.25406, 1.25007, -0.15149, -0.25218, -0.25406, -1.25007, -0.07408, -0.10488, -0.62846, -0.36998, 0.91859, 0.75744, 0.07844, 0.07408, -0.10488, -0.62846, 0.36998, 0.91859, -0.75744, 0.07844, -0.07418, -0.05195, -0.30875, 0.66269, -0.07418, -0.30875, 0.66269, -0.07338, -0.0531, -0.31419, 0.66467, -0.07338, -0.0531, -0.31419, 0.66467, 0.79427, 0.14815, -0.38722, 1.60252, -0.23527, 0.09975, 0.79427, -0.14815, -0.38722, -1.60252, -0.23527, -0.14869, -0.17048, -0.60149, 2.15096, 0.17048, 0.60149, -2.15096, -0.21119, -0.6657, 1.97917, 0.17333, 0.21119, 0.6657, -1.97917, 8.37662, -5.23856, 46.12669, -11.88076, -8.37662, -5.23856, -46.12669, -11.88076, 0.55279, 0.55279, 0.01203, -0.03248, 0.0184, -0.04697, 0.01192, 0.01768, 0.55252, 0.01203, -0.03248, -0.0184, 0.04697, 0.01192, 0.01768, 0.55252, 19.12744, -10.71435, 4.83565, 1.74274, -19.12744, -10.71435, -4.83565, -1.74274, -0.07202, 1.27032, 0.25314, -0.53995, 1.14941, -1.10262, -0.05155, -0.07202, 1.27032, -0.25314, -0.53995, -1.14941, -1.10262, -0.24164, 0.81954, -0.3489, 0.6942, -0.24164, 0.81954, -0.3489, -0.6942, -0.24269, 0.82129, -0.34465, 0.69128, -0.24269, 0.82129, -0.34465, -0.69128, 20.96633, -11.39418, 20.7563, -4.98586, 2.92228, -20.96633, -11.39418, -20.7563, -4.98586, 1.15343, -1.15343, 5.42985, -2.95564, 5.09788, -1.21862, 0.75356, 1.11634, -5.42985, -2.95564, -5.09788, -1.21862, -1.11634, -0.12172, -0.24708, -0.57156, 1.49359, 1.74447, -0.75834, -0.18309, -0.73011, -0.24708, 0.57156, 1.49359, -1.74447, -0.75834, 0.18309, -0.73011, -0.15017, -0.58741, 0.61877, -0.2555, -0.47536, -0.15017, -0.58741, 0.61877, -0.2555, 0.47536, -0.15027, -0.58163, 0.62426, -0.25488, -0.47064, -0.15027, -0.58163, 0.62426, -0.25488, 0.47064, 0.18532, 0.57958, 1.12183, -1.02066, -0.18532, -0.57958, -1.12183, -1.02066, 0.18752, 0.58773, 1.10715, -1.01816, -0.18752, -0.58773, -1.10715, -1.01816, -0.27982, 6.30971, -3.43482, -6.30971, -3.43482, -0.28258, 6.30658, -3.43501, -6.30658, -3.43501, 0.58422, 5.33695, -2.72577, 12.12523, -3.18461, 1.29653, -0.58422, -5.33695, -2.72577, -12.12523, -3.18461, -1.29653, 1.94495, -0.31619, 1.98892, -0.33949, 0.39815, -1.75895, -0.16468, 1.94495, 0.31619, -1.98892, -0.33949, -0.39815, -1.75895, -1.88019, 43.81395, -21.39508, 7.60821, 4.5774, 1.88019, -43.81395, -21.39508, -7.60821, -4.5774, 0.07415, 0.10317, -0.21335, 0.06868, 0.69097, -0.46102, 0.07415, 0.10317, -0.21335, -0.69097, 0.46102, 0.0766, 0.10804, -0.21608, 0.69053, -0.46002, 0.0766, 0.10804, -0.21608, 0.06915, -0.69053, 0.46002], [0, 1, 39, 40, 0, 1, 5, 9, 39, 40, 44, 47, 48, 0, 1, 4, 5, 8, 9, 12, 39, 40, 43, 44, 47, 48, 51, 0, 1, 4, 5, 8, 9, 12, 13, 39, 40, 43, 44, 47, 48, 51, 52, 2, 6, 10, 14, 23, 41, 45, 49, 53, 3, 7, 11, 15, 24, 42, 46, 50, 54, 63, 1, 4, 5, 8, 9, 12, 13, 16, 39, 40, 43, 44, 47, 48, 51, 52, 55, 2, 6, 10, 14, 41, 45, 49, 53, 9, 12, 13, 16, 48, 51, 52, 55, 3, 7, 11, 15, 42, 46, 50, 54, 4, 5, 9, 12, 13, 16, 27, 43, 44, 48, 51, 52, 55, 66, 2, 6, 10, 14, 41, 49, 53, 3, 7, 11, 15, 42, 46, 50, 54, 9, 12, 13, 16, 27, 44, 48, 51, 52, 55, 66, 2, 6, 10, 14, 45, 49, 53, 7, 11, 15, 42, 46, 50, 54, 9, 12, 13, 16, 48, 51, 52, 55, 31, 70, 5, 9, 12, 16, 20, 27, 30, 44, 48, 51, 55, 59, 66, 69, 9, 12, 13, 27, 48, 51, 52, 66, 5, 9, 12, 13, 16, 27, 43, 44, 48, 51, 52, 55, 66, 6, 10, 14, 28, 45, 49, 53, 67, 7, 11, 15, 29, 46, 50, 54, 68, 9, 12, 13, 16, 27, 48, 51, 52, 55, 31, 70, 9, 12, 13, 16, 27, 30, 48, 51, 52, 55, 69, 4, 5, 8, 9, 12, 13, 16, 27, 44, 47, 48, 51, 52, 55, 66, 3, 7, 11, 15, 29, 42, 46, 50, 54, 68, 2, 6, 10, 14, 28, 41, 45, 49, 53, 67, 2, 6, 14, 28, 41, 45, 53, 67, 3, 7, 15, 29, 42, 46, 54, 68, 6, 10, 28, 49, 67, 7, 11, 29, 50, 68, 5, 9, 12, 13, 16, 27, 44, 48, 51, 52, 55, 66, 5, 8, 12, 13, 16, 27, 40, 44, 47, 51, 52, 55, 66, 5, 9, 12, 13, 27, 44, 48, 51, 52, 66, 2, 6, 10, 14, 23, 28, 41, 45, 49, 62, 67, 3, 7, 11, 24, 29, 42, 46, 50, 54, 63, 68], [0, 4, 13, 27, 43, 52, 62, 79, 87, 95, 103, 117, 124, 132, 143, 150, 157, 165, 167, 181, 189, 202, 210, 218, 227, 229, 240, 255, 265, 275, 283, 291, 296, 301, 313, 326, 336, 347, 358]], [[0.39431, 0.32939, 0.39431, 0.32939, 0.39459, 0.32819, 0.0169, 0.01976, -0.39459, -0.32819, -0.0169, -0.01458, -0.01976, -0.08922, -0.13942, -0.10996, 0.35892, -0.13927, 0.16717, -0.05502, -0.08922, -0.13942, 0.10996, 0.35892, 0.13927, 0.16717, 0.05502, 0.02359, -0.08054, -0.13062, 0.09499, 0.36667, 0.11224, 0.89087, -0.15689, 0.17382, 0.13062, 0.09499, -0.36667, 0.11224, -0.89087, -0.15689, -0.17382, 0.19499, 0.29401, 0.21087, 0.0339, -0.0307, 0.19499, 0.29401, 0.21087, 0.0339, 0.0307, 0.19369, 0.28964, 0.21148, 0.03951, -0.03167, 0.19369, 0.28964, 0.21148, 0.03951, 0.03167, -0.04282, 0.20592, 