{"molecule": {"atoms_masses": [126.9004, 126.9004], "nb_atoms": 2, "starting_geometry": [[0.0, 0.0, 0.5], [0.0, 0.0, -0.5]], "atoms_Z": [53, 53], "atoms_Zeff": [0.0, 0.0], "multiplicity": 1, "chirality": false, "nuclear_spins": [5.0, 5.0], "nuclear_QMom": [-71.0, -71.0], "connectivity": {"bond_orders": [1, 1], "atom_pairs": [[0, 1], [1, 0]]}, "charge": 0, "can": "II", "smi": "II", "starting_nuclear_repulsion": 1486.45879, "inchi": "InChI=1S/I2/c1-2", "formula": "I2", "nuclear_gfactors": [2.81328, 2.81328], "starting_energy": -13764.9504096, "nb_heavy_atoms": 2, "atoms_valence": [1, 1], "monoisotopic_mass": 253.808946}, "results": {"geometry": {"geometric_values": [[null, null, 0.15, 0.212132], [null, null, 0.504538, 0.713524], [2.238436, 2.238436, 0.49501, 0.700049], [0.366122, 0.366122, 0.504538, 0.713524], [0.023539, 0.023539, 0.434253, 0.614126], [0.032267, 0.032267, 0.324274, 0.458592], [1.6e-05, 1.6e-05, 8.9e-05, 0.000126]], "nuclear_repulsion_energy_from_xyz": 518.47185, "elements_3D_coords_converged": [0.0, 0.0, 1.433503, 0.0, 0.0, -1.433503], "OPT_DONE": true}, "excited_states": {}, "freq": {}, "wavefunction": {"Mulliken_partial_charges": [0.0, 0.0], "MO_number": 66, "homo_indexes": [52], "SCF_values": [6.76e-10, 6e-09, 6.55e-11], "MO_number_kept": 66, "total_molecular_energy": -13780.2830965, "MO_energies": [[null, null, -4785.62846491828, -4785.625743779775, -4478.537372188862, -4478.535739505758, -4478.461180310721, -4478.461180310721, -4478.459275513768, -4478.459275513768, -977.0228754232966, -977.0226033094459, -844.8642531955595, -844.863981081709, -844.641936179701, -844.641936179701, -844.641391952, -844.641391952, -624.213390443671, -624.2057712558569, -624.1532532827105, -624.1532532827105, -624.1532532827105, -624.1532532827105, -623.9954272494205, -623.9954272494205, -623.9954272494205, -623.9954272494205, -175.9322167884195, -175.9322167884195, -129.68728423749602, -129.6853794405425, -129.0861847417415, -129.0861847417415, -129.0861847417415, -129.0861847417415, -57.6628297179035, -57.629903941993, -57.4704452256, -57.4704452256, -57.463914493188, -57.463914493188, -56.955061592753, -56.9547894789025, -56.9547894789025, -56.9547894789025, -19.714648468725002, -17.558962545064, -10.353932011525, -8.8548568091205, -8.8548568091205, -7.486124141105501, -7.486124141105501, -4.443619178665, 8.576756453909502, 9.644803317122, 10.4592400716685, 10.4592400716685, 11.812462250205, 11.812462250205, 12.5550609482195, 12.654926731353, 109.29643285027849, 114.08862987143401, 6147.903054919364, 6150.739841810827]], "MO_coefs": [[[0.68754, 0.08077, 0.17523, -0.02637, -0.09243, -0.09243, -0.09241, -0.68754, -0.08077, -0.17523, 0.09243, 0.09243, 0.09241, 0.68754, 0.08076, 0.17531, -0.02547, -0.09248, -0.09248, -0.09248, 0.68754, 0.08076, 0.17531, -0.09248, -0.09248, -0.09248, -0.24269, 0.72922, 0.09044, 0.04508, -0.02637, -0.02637, -0.02638, 0.01892, 0.24269, -0.72922, -0.09044, -0.04508, 0.02637, 0.02637, 0.02638, -0.01892, -0.24269, 0.72925, 0.09041, 0.04371, -0.02634, -0.02634, -0.02632, -0.24269, 0.72925, 0.09041, 0.04371, -0.02634, -0.02634, -0.02632, 0.01828, 0.68992, 0.04385, -0.68992, -0.04385, 0.68993, 0.04383, 0.68993, 0.04383, 0.66013, -0.20058, 0.04192, -0.66013, 0.20058, -0.04192, 0.20058, 0.66013, 0.04192, -0.20058, -0.66013, -0.04192, 0.68221, 0.10301, 0.0433, 0.68221, 0.10301, 0.0433, -0.10301, 0.68221, 0.0433, -0.10301, 0.68221, 0.0433, 0.10684, -0.3845, 0.77945, -0.10205, -0.03121, -0.03121, -0.10684, 0.3845, -0.77945, 0.10205, 0.03121, 0.03121, 0.10684, -0.38452, 0.77945, -0.10117, -0.03082, -0.03082, 0.10684, -0.38452, 0.77945, -0.10117, -0.03082, -0.03082, -0.33095, 0.75118, 0.33095, -0.75118, -0.33095, 0.75119, -0.33095, 0.75119, -0.30388, 0.13115, 0.68978, -0.29769, 0.30388, -0.13115, -0.68978, 0.29769, -0.13115, -0.30388, 0.29769, 0.68978, 0.13115, 0.30388, -0.29769, -0.68978, -0.33092, 0.75119, 0.02977, -0.33092, 0.75119, -0.33092, 0.75119, 0.02977, -0.33092, 0.75119, -0.34509, -0.34509, 0.69017, 0.05077, 0.34509, 0.34509, -0.69017, -0.05077, -0.34513, -0.34513, 0.69022, 0.0461, -0.34513, -0.34513, 0.69022, 0.0461, 0.17747, 0.66704, 0.17747, 0.66704, 0.0455, 0.66704, -0.17747, 0.0455, 0.66704, -0.17747, 0.47948, 0.49653, 0.03386, -0.47948, -0.49653, -0.03386, 0.49653, -0.47948, 0.03386, -0.49653, 0.47948, -0.03386, 0.69028, 0.04701, -0.69028, 0.5978, -0.5978, -0.04071, -0.5978, 0.5978, 0.69028, 0.04701, 0.69028, 0.5978, -0.5978, -0.04071, 0.5978, -0.5978, 0.04869, -0.18512, 0.48637, 0.80658, -0.18512, 0.48637, 0.80658, 0.04869, -0.1851, 0.48646, 0.80611, 0.1851, -0.48646, -0.80611, 0.14593, -0.49818, 0.82141, -0.14593, 0.49818, -0.82141, 0.14592, -0.49813, 0.82129, 0.14592, -0.49813, 0.82129, 0.12698, -0.07207, -0.43356, 0.24608, 0.71524, -0.40596, 0.12698, -0.43356, 0.24608, 0.71524, -0.40596, 0.07207, 0.12698, -0.24608, -0.43356, 0.40596, 0.71524, 0.12698, -0.24608, -0.43356, 0.40596, 0.71524, 0.14601, -0.49852, 0.82238, -0.14601, 0.49852, -0.82238, 0.14601, -0.49852, 0.82238, -0.14601, 0.49852, -0.82238, 0.14483, 0.14483, -0.28979, -0.37143, -0.37143, 0.74897, 0.14483, 0.14483, -0.28979, -0.37143, -0.37143, 0.74897, 0.14468, 0.14468, -0.28976, -0.37188, -0.37188, 0.74801, -0.14468, -0.14468, 0.28976, 0.37188, 0.37188, -0.74801, -0.15346, -0.24582, 0.39562, 0.63375, 0.15346, 0.24582, -0.39562, -0.63375, -0.24582, 0.15346, 0.63375, -0.39562, 0.24582, -0.15346, -0.63375, 0.39562, -0.2515, -0.14396, 0.64839, 0.37114, -0.2515, -0.14396, 0.64839, 0.37114, 0.14396, -0.2515, -0.37114, 0.64839, 0.14396, -0.2515, -0.37114, 0.64839, -0.28975, 0.74714, -0.28975, 0.74714, -0.25093, 0.25093, 0.64705, -0.64705, -0.25093, 0.25093, 0.64705, -0.64705, -0.28975, 0.74714, 0.28975, -0.74714, -0.25093, 0.25093, 0.64705, -0.64705, 0.25093, -0.25093, -0.64705, 0.64705, 0.05935, -0.17904, 0.03278, -0.33414, -0.07187, 0.38879, -0.08524, -0.34431, 0.04263, 0.05935, -0.17904, -0.03278, -0.33414, 0.07187, 0.38879, 0.08524, -0.34431, -0.04263, 0.06487, -0.19512, -0.38195, 0.02265, 0.42349, 0.02497, -0.41391, -0.06487, 0.19512, 0.38195, 0.02265, -0.42349, 0.02497, 0.41391, 0.04216, -0.05166, -0.15422, -0.11381, 0.34265, 0.11527, 0.42444, -0.12522, -0.30749, -0.04216, -0.05166, 0.15422, -0.11381, -0.34265, 0.11527, -0.42444, -0.12522, 0.30749, -0.1432, 0.05229, 0.31868, -0.11636, 0.39133, -0.14289, -0.34732, 0.12682, -0.1432, 0.05229, 0.31868, -0.11636, 0.39133, -0.14289, -0.34732, 0.12682, -0.05229, -0.1432, 0.11636, 0.31868, 0.14289, 0.39133, -0.12682, -0.34732, -0.05229, -0.1432, 0.11636, 0.31868, 0.14289, 0.39133, -0.12682, -0.34732, 0.06312, -0.15051, -0.14099, 0.33616, -0.17753, 0.42329, 0.15676, -0.37376, -0.06312, 0.15051, 0.14099, -0.33616, 0.17753, -0.42329, -0.15676, 0.37376, -0.15051, -0.06312, 0.33616, 0.14099, 0.42329, 0.17753, -0.37376, -0.15676, 0.15051, 0.06312, -0.33616, -0.14099, -0.42329, -0.17753, 0.37376, 0.15676, -0.04612, 0.169, -0.08828, -0.37812, 0.09357, -0.46924, -0.17829, 0.57526, -0.04612, 0.04038, 0.169, 0.08828, -0.37812, -0.09357, -0.46924, 0.17829, 0.57526, -0.28915, 0.25916, 1.39086, 0.15234, 1.28861, 0.22107, 0.12176, 0.12176, 0.11287, -0.28915, 0.25916, 1.39086, -0.15234, 1.28861, -0.22107, 0.12176, 0.12176, 0.11287, -0.1609, -0.15573, 0.13073, 0.37665, 0.76398, 0.92217, 0.55723, 0.97564, 0.07543, 0.07543, 0.1609, -0.15573, -0.13073, 0.37665, -0.76398, 0.92217, -0.55723, 0.97564, -0.18854, 0.45628, -0.06298, 1.09726, -0.15144, 0.88048, -0.12152, -0.18854, 0.45628, 1.09726, -0.15144, 0.88048, -0.12152, -0.18854, 0.06298, 0.45628, 0.15144, 1.09726, 0.12152, 0.88048, -0.18854, 0.45628, 0.15144, 1.09726, 0.12152, 0.88048, -0.15787, 0.23037, 0.38517, 0.58761, 0.98245, 0.58033, 0.97026, 0.15787, -0.23037, -0.38517, -0.58761, -0.98245, -0.58033, -0.97026, -0.15787, 0.38517, -0.23037, 0.98245, -0.58761, 0.97026, -0.58033, 0.15787, -0.38517, 0.23037, -0.98245, 0.58761, -0.97026, 0.58033, -0.27308, 0.37385, -0.2287, 1.43975, -0.70273, 2.01448, -1.33877, 0.15548, 0.27308, -0.37385, -0.2287, -1.43975, -0.70273, -2.01448, 