{"molecule": {"atoms_masses": [126.9004, 126.9004], "nb_atoms": 2, "starting_geometry": [[0.0, 0.0, 1.433503], [0.0, 0.0, -1.433503]], "atoms_Z": [53, 53], "atoms_Zeff": [-65.72, -65.72], "multiplicity": 1, "chirality": false, "nuclear_spins": [5.0, 5.0], "nuclear_QMom": [-71.0, -71.0], "connectivity": {"bond_orders": [1, 1], "atom_pairs": [[0, 1], [1, 0]]}, "charge": 0, "can": "II", "smi": "II", "starting_nuclear_repulsion": 518.47185, "inchi": "InChI=1S/I2/c1-2", "formula": "I2", "nuclear_gfactors": [2.81328, 2.81328], "starting_energy": -13780.2830965, "nb_heavy_atoms": 2, "atoms_valence": [1, 1], "monoisotopic_mass": 253.808946}, "results": {"geometry": {"nuclear_repulsion_energy_from_xyz": 518.47185, "elements_3D_coords_converged": [0.0, 0.0, 1.433503, 0.0, 0.0, -1.433503]}, "excited_states": {"et_oscs": [0.0, 0.0, 0.0, 0.0, 0.0, 0.0, 0.0, 0.0, 0.0, 0.0], "et_rot": [0.0, 0.0, 0.0, 0.0, 0.0, 0.0, 0.0, 0.0, 0.0, 0.0], "et_transitions": [[[[51, 0], [53, 0], 0.9844340607679116], [[52, 0], [53, 0], 0.22090015844267746]], [[[51, 0], [53, 0], -0.22090015844267746], [[52, 0], [53, 0], 0.9844340607679116]], [[[49, 0], [53, 0], 0.4791072706607572], [[50, 0], [53, 0], 0.8791175767779872]], [[[49, 0], [53, 0], 0.8791175767779872], [[50, 0], [53, 0], -0.4791072706607572]], [[[48, 0], [53, 0], 1.0150659265289128]], [[[47, 0], [53, 0], 0.9992267346303341]], [[[46, 0], [53, 0], 0.9963417389630931]], [[[50, 0], [55, 0], 0.18529026094212292], [[51, 0], [54, 0], -0.569574512245764], [[52, 0], [54, 0], 0.7891170256685633]], [[[49, 0], [55, 0], 0.18529026094212292], [[51, 0], [54, 0], 0.7891170256685633], [[52, 0], [54, 0], 0.569574512245764]], [[[49, 0], [54, 0], 0.44328524112584666], [[50, 0], [54, 0], -0.499669935857662], [[51, 0], [55, 0], 0.7145455445246301], [[52, 0], [55, 0], 0.15990512749752586]]], "et_energies": [8207.497869504, 8207.497869504, 19392.794690876, 19392.794690876, 26067.032590851, 87419.208341594, 103908.40708806999, 113453.97875528499, 113453.97875528499, 120141.121526124], "et_sym": ["Triplet-?Sym", "Triplet-?Sym", "Triplet-?Sym", "Triplet-?Sym", "Triplet-SGU", "Triplet-SGG", "Triplet-SGU", "Triplet-?Sym", "Triplet-?Sym", "Triplet-?Sym"]}, "freq": {}, "wavefunction": {"Mulliken_partial_charges": [0.0, 0.0], "MO_number": 66, "homo_indexes": [52], "SCF_values": [7.47e-11, 7.63e-10, null], "MO_number_kept": 66, "total_molecular_energy": -13780.2830965, "MO_energies": [[null, null, -4785.62846491828, -4785.625743779775, -4478.537372188862, -4478.535739505758, -4478.461180310721, -4478.461180310721, -4478.459275513768, -4478.459275513768, -977.0228754232966, -977.0226033094459, -844.8642531955595, -844.863981081709, -844.641936179701, -844.641936179701, -844.641391952, -844.641391952, -624.213390443671, -624.2057712558569, -624.1532532827105, -624.1532532827105, -624.1532532827105, -624.1532532827105, -623.9954272494205, -623.9954272494205, -623.9954272494205, -623.9954272494205, -175.9322167884195, -175.9322167884195, -129.68728423749602, -129.6853794405425, -129.0861847417415, -129.0861847417415, -129.0861847417415, -129.0861847417415, -57.6628297179035, -57.629903941993, -57.4704452256, -57.4704452256, -57.463914493188, -57.463914493188, -56.955061592753, -56.9547894789025, -56.9547894789025, -56.9547894789025, -19.714648468725002, -17.558962545064, -10.353932011525, -8.8548568091205, -8.8548568091205, -7.486124141105501, -7.486124141105501, -4.443619178665, 8.576756453909502, 9.644803317122, 10.4592400716685, 10.4592400716685, 11.812462250205, 11.812462250205, 12.5550609482195, 12.654926731353, 109.29643285027849, 114.08862987143401, 6147.903054919364, 6150.739841810827]], "virial_ratio": [2.0034], "MO_sym": [["sigma.u", "sigma.g", "sigma.u", "sigma.g", "sigma.g", "sigma.u", "pi.g", "pi.g", "pi.u", "pi.u", "sigma.u", "sigma.g", "sigma.g", "sigma.u", "pi.g", "pi.g", "pi.u", "pi.u", "sigma.u", "sigma.g", "pi.g", "pi.g", "pi.u", "pi.u", "delta.u", "delta.u", "delta.g", "delta.g", "sigma.g", "sigma.u", "sigma.g", "sigma.u", "pi.u", "pi.u", "pi.g", "pi.g", "sigma.g", "sigma.u", "pi.u", "pi.u", "pi.g", "pi.g", "delta.g", "delta.g", "delta.u", "delta.u", "sigma.g", "sigma.u", "sigma.g", "pi.u", "pi.u", "pi.g", "pi.g", "sigma.u", "sigma.g", "sigma.u", "pi.u", "pi.u", "pi.g", "pi.g", "sigma.u", "sigma.g", "sigma.g", "sigma.u", "sigma.g", "sigma.u"]]}}, "comp_details": {"geometry": {}, "excited_states": {"nb_et_states": 10}, "freq": {}, "general": {"scf_targets": [[1e-08, 1e-06, 1e-06]], "list_theory": ["DFT"], "solvent": "Gas", "package": "Gaussian", "integration_grid": "Default", "package_version": "09revisionD.01", "basis_set_size": 66, "job_type": ["TD"], "functional": "PBE1PBE", "is_closed_shell": "True", "core_electrons_per_atoms": [0, 0], "basis_set_md5": "7ef8a8c5d8f21cc008e913d0c5de4cd8", "basis_set": "(lp0\n(lp1\n(VS\np2\n(lp3\n(F14351.186\nF0.06100280121\ntp4\na(F2173.0741\nF0.3666398073\ntp5\na(F477.87205\nF0.6911306137\ntp6\natp7\na(g2\n(lp8\n(F648.188659\nF-0.112850666\ntp9\na(F140.306448\nF0.08322833753\ntp10\na(F45.6988012\nF0.9697515913\ntp11\natp12\na(VP\np13\n(lp14\n(F648.188659\nF0.1541144881\ntp15\na(F140.306448\nF0.6194617634\ntp16\na(F45.6988012\nF0.3837583163\ntp17\natp18\na(g2\n(lp19\n(F56.6946895\nF-0.2736964882\ntp20\na(F27.4887526\nF0.04649967921\ntp21\na(F8.20909583\nF1.091576055\ntp22\natp23\na(g13\n(lp24\n(F56.6946895\nF-0.152321672\ntp25\na(F27.4887526\nF0.5437685671\ntp26\na(F8.20909583\nF0.6561678541\ntp27\natp28\na(g2\n(lp29\n(F8.19167865\nF0.4508277048\ntp30\na(F3.24459559\nF-0.4632093728\ntp31\na(F1.30048909\nF-0.8386360157\ntp32\natp33\na(g13\n(lp34\n(F8.19167865\nF0.011869879\ntp35\na(F3.24459559\nF0.5265245819\ntp36\na(F1.30048909\nF0.5266076079\ntp37\natp38\na(g2\n(lp39\n(F1.45138012\nF0.6658514628\ntp40\na(F0.328103313\nF-1.328583874\ntp41\natp42\na(g13\n(lp43\n(F1.45138012\nF-0.02754130961\ntp44\na(F0.328103313\nF-0.9851368322\ntp45\natp46\na(g2\n(lp47\n(F0.115075894\nF1.0\ntp48\natp49\na(g13\n(lp50\n(F0.115075894\nF1.0\ntp51\natp52\na(VD\np53\n(lp54\n(F128.09026\nF0.1158636044\ntp55\na(F35.982378\nF0.4820494181\ntp56\na(F11.551116\nF0.5894448221\ntp57\natp58\na(g53\n(lp59\n(F6.1461523\nF0.268181706\ntp60\na(F2.220937\nF0.580061413\ntp61\na(F0.80991202\nF0.3262263073\ntp62\natp63\naa(lp64\n(g2\n(lp65\n(F14351.186\nF0.06100280121\ntp66\na(F2173.0741\nF0.3666398073\ntp67\na(F477.87205\nF0.6911306137\ntp68\natp69\na(g2\n(lp70\n(F648.188659\nF-0.112850666\ntp71\na(F140.306448\nF0.08322833753\ntp72\na(F45.6988012\nF0.9697515913\ntp73\natp74\na(g13\n(lp75\n(F648.188659\nF0.1541144881\ntp76\na(F140.306448\nF0.6194617634\ntp77\na(F45.6988012\nF0.3837583163\ntp78\natp79\na(g2\n(lp80\n(F56.6946895\nF-0.2736964882\ntp81\na(F27.4887526\nF0.04649967921\ntp82\na(F8.20909583\nF1.091576055\ntp83\natp84\na(g13\n(lp85\n(F56.6946895\nF-0.152321672\ntp86\na(F27.4887526\nF0.5437685671\ntp87\na(F8.20909583\nF0.6561678541\ntp88\natp89\na(g2\n(lp90\n(F8.19167865\nF0.4508277048\ntp91\na(F3.24459559\nF-0.4632093728\ntp92\na(F1.30048909\nF-0.8386360157\ntp93\natp94\na(g13\n(lp95\n(F8.19167865\nF0.011869879\ntp96\na(F3.24459559\nF0.5265245819\ntp97\na(F1.30048909\nF0.5266076079\ntp98\natp99\na(g2\n(lp100\n(F1.45138012\nF0.6658514628\ntp101\na(F0.328103313\nF-1.328583874\ntp102\natp103\na(g13\n(lp104\n(F1.45138012\nF-0.02754130961\ntp105\na(F0.328103313\nF-0.9851368322\ntp106\natp107\na(g2\n(lp108\n(F0.115075894\nF1.0\ntp109\natp110\na(g13\n(lp111\n(F0.115075894\nF1.0\ntp112\natp113\na(g53\n(lp114\n(F128.09026\nF0.1158636044\ntp115\na(F35.982378\nF0.4820494181\ntp116\na(F11.551116\nF0.5894448221\ntp117\natp118\na(g53\n(lp119\n(F6.1461523\nF0.268181706\ntp120\na(F2.220937\nF0.580061413\ntp121\na(F0.80991202\nF0.3262263073\ntp122\natp123\naa.", "last_theory": "DFT", "all_unique_theory": ["DFT"]}}, "metadata": {"archivable_for_new_entry": "False", "archivable": "True", "parser_version": "v7.1", "log_file": "TD_T.log"}}
