{"molecule": {"atoms_masses": [106.90509], "nb_atoms": 1, "starting_geometry": [[0.0, 0.0, 0.0]], "atoms_Z": [47], "atoms_Zeff": [0.0], "multiplicity": 2, "chirality": false, "nuclear_spins": [1.0], "nuclear_QMom": [0.0], "connectivity": {"bond_orders": [], "atom_pairs": []}, "charge": 0, "can": "[Ag]", "smi": "[Ag]", "starting_nuclear_repulsion": 0.0, "inchi": "InChI=1S/Ag", "formula": "Ag", "nuclear_gfactors": [-0.11357], "starting_energy": -5175.87977276, "nb_heavy_atoms": 1, "atoms_valence": [0], "monoisotopic_mass": 106.905097}, "results": {"geometry": {"geometric_values": [[0.0, 0.0, 0.0, 0.0]], "nuclear_repulsion_energy_from_xyz": 0.0, "elements_3D_coords_converged": [0.0, 0.0, 0.0], "OPT_DONE": true}, "excited_states": {}, "freq": {}, "wavefunction": {"SCF_values": [5.11e-09, 1.91e-07, 5.46e-12], "MO_number": 39, "homo_indexes": [23, 22], "virial_ratio": [2.0044], "MO_number_kept": 39, "total_molecular_energy": -5175.87977276, "MO_energies": [[-24473.611408977384, -3558.326698586805, -3298.6454578022995, -3298.6454578022995, -3298.6454578022995, -660.32235417732, -549.9478062513605, -549.9478062513605, -549.9478062513605, -372.286033829163, -372.286033829163, -372.286033829163, -372.286033829163, -372.286033829163, -91.8152948664575, -56.826079627616, -56.826079627616, -56.826079627616, -8.363419195117501, -8.363419195117501, -8.363419195117501, -8.363419195117501, -8.363419195117501, -4.3459303063355, -0.17551343357250002, -0.17551343357250002, -0.17551343357250002, 2.376642370267, 4.3432091678305005, 4.3432091678305005, 4.3432091678305005, 19.6795457820105, 36.265157083836, 36.265157083836, 36.265157083836, 36.265157083836, 36.265157083836, 121.776934603461, 5326.094736162819], [-24473.5937215771, -3558.324793789852, -3298.6462741438513, -3298.6462741438513, -3298.6462741438513, -660.2981360446255, -549.936105355789, -549.936105355789, -549.936105355789, -372.2857617153125, -372.2857617153125, -372.2857617153125, -372.2857617153125, -372.2857617153125, -91.7663143733675, -56.799956697968, -56.799956697968, -56.799956697968, -8.2121238942395, -8.2121238942395, -8.2121238942395, -8.2121238942395, -8.2121238942395, -1.762209295838, 1.183151021974, 1.183151021974, 1.183151021974, 3.6395227504375, 5.3138392725640005, 5.3138392725640005, 5.3138392725640005, 20.456975052889, 36.756594697839006, 36.756594697839006, 36.756594697839006, 36.756594697839006, 36.756594697839006, 122.00551023788101, 5326.115688929308]], "MO_coefs": [[[0.97464, 0.1002, 0.20096, 0.08931, -0.10984, -0.10984, -0.10984, -0.03476, -0.33914, 1.02406, 0.09957, -0.04585, -0.02233, -0.02233, 0.97935, 0.05323, 0.97935, 0.05323, 0.97935, 0.05323, 0.14473, -0.5282, 1.07331, 0.17212, -0.05037, -0.05037, -0.45455, 1.06879, -0.45455, 1.06879, -0.45455, 1.06879, -0.2486, 0.93906, -0.69047, 0.0718, -0.05279, 0.94081, -0.25511, -0.6857, 0.07194, -0.05243, 0.9731, 0.0744, 0.9731, 0.0744, 0.9731, 0.0744, -0.06187, 0.24033, -0.59093, 1.12465, 0.18421, -0.62826, 1.13642, 0.18421, -0.62826, 1.13642, 0.18421, -0.62826, 1.13642, 0.17409, -0.31378, -0.32252, -0.40193, 0.72445, -0.20631, -0.25712, 0.46343, -0.28167, 0.26181, 0.65031, -0.60446, 0.41601, -0.38668, -0.31441, 0.7259, 0.46436, -0.31441, 0.7259, 0.46436, -0.31441, 0.7259, 0.46436, -0.05582, 0.13518, -0.32605, 0.5665, 0.51825, 0.07512, -0.16289, 0.2181, 0.83656, 0.07512, -0.16289, 0.2181, 0.83656, 0.07512, -0.16289, 0.2181, 0.83656, 0.17952, 2.34484, -2.01021, -0.20203, -0.20203, -0.20203, 0.15457, -0.34648, 1.50508, -1.22144, 0.15457, -0.34648, 1.50508, -1.22144, 0.15457, -0.34648, 1.50508, -1.22144, -0.17827, 0.97315, 3.12947, -1.15642, -0.12007, -1.22485, -1.22485, -1.22485, 0.29666, -0.29352, -0.86085, 0.85175, 0.92103, -0.9113, 0.34076, -0.98881, 1.05794, 0.34076, -0.98881, 1.05794, 0.34076, -0.98881, 1.05794, 0.34074, -0.17309, 0.4865, -0.98877, 0.50227, -0.52052, 1.0579, -0.53738, -0.70051, 8.31707, -0.95546, -3.80109, -3.80109, -3.80109, 0.55125, 0.55125, 0.55125, 3.64604, 21.18128, 3.18318, -10.42991, -10.42991, -10.42991, -1.19954], [0, 1, 5, 9, 21, 22, 23, 29, 0, 1, 5, 9, 22, 23, 3, 7, 2, 6, 4, 8, 0, 1, 5, 9, 28, 29, 2, 6, 3, 7, 4, 8, 21, 22, 23, 28, 29, 21, 22, 23, 27, 29, 26, 32, 25, 31, 24, 30, 0, 1, 5, 9, 2, 6, 10, 4, 8, 12, 3, 7, 11, 22, 23, 27, 28, 29, 33, 34, 35, 21, 22, 27, 28, 33, 34, 26, 32, 38, 24, 30, 36, 25, 31, 37, 1, 5, 9, 13, 17, 8, 12, 16, 20, 6, 10, 14, 18, 7, 11, 15, 19, 5, 13, 17, 33, 34, 35, 8, 12, 16, 20, 6, 10, 14, 18, 7, 11, 15, 19, 5, 9, 13, 17, 27, 33, 34, 35, 21, 23, 27, 29, 33, 35, 26, 32, 38, 24, 30, 36, 25, 31, 37, 22, 23, 27, 28, 29, 33, 34, 35, 5, 9, 13, 27, 28, 29, 33, 34, 35, 1, 5, 9, 21, 22, 23, 29], [0, 8, 14, 16, 18, 20, 26, 28, 30, 32, 37, 42, 44, 46, 48, 52, 55, 58, 61, 69, 75, 78, 81, 84, 89, 93, 97, 101, 107, 111, 115, 119, 127, 133, 136, 139, 142, 150, 159, 166]], [[0.97464, 0.1002, 0.20097, 0.08931, -0.10984, -0.10984, -0.10984, -0.03476, -0.33914, 1.02404, 0.09952, -0.04587, -0.02231, -0.02231, 0.97935, 0.05323, 0.97935, 0.05323, 0.97935, 0.05323, 0.14472, -0.52818, 1.07334, 0.17226, -0.05042, -0.05042, -0.45455, 1.06879, -0.45455, 1.06879, -0.45455, 1.06879, -0.68519, 0.941, -0.25582, -0.05237, 0.07192, -0.69099, -0.2479, 0.93888, -0.05281, 0.07176, 0.97311, 0.07438, 0.97311, 0.07438, 0.97311, 0.07438, -0.06186, 0.24027, -0.59073, 1.12167, 0.18432, -0.62864, 1.13727, 0.18432, -0.62864, 1.13727, 0.18432, -0.62864, 1.13727, 0.24227, -0.29789, -0.56043, -0.12866, 0.68909, -0.34946, 0.42969, 0.2041, -0.31186, -0.47213, 0.72141, -0.24929, -0.2944, 0.44984, -0.15545, -0.31678, 0.7328, 0.45694, -0.31678, 0.7328, 0.45694, -0.31678, 0.7328, 0.45694, -0.05584, 0.13462, -0.32986, 0.55488, 0.52766, 0.07407, -0.16094, 0.21683, 0.83762, 0.07407, -0.16094, 0.21683, 0.83762, 0.07407, -0.16094, 0.21683, 0.83762, 0.18056, 2.34561, -2.0072, -0.20145, -0.20145, -0.20145, 0.1535, -0.34459, 1.50537, -1.22073, 0.1535, -0.34459, 1.50537, -1.22073, 0.1535, -0.34459, 1.50537, -1.22073, -0.17929, 0.98826, 3.1297, -1.15706, -0.12708, -1.22398, -1.22398, -1.22398, -0.17785, 0.33838, 0.51682, 0.46646, -0.98328, -0.55752, -0.50319, 1.0607, 0.33853, -0.98371, 1.06117, 0.33853, -0.98371, 1.06117, 0.33853, -0.98371, 1.06117, -0.28804, 0.29805, 0.83701, -0.86609, -0.90291, 0.93428, -0.70032, 8.31547, -0.95961, -3.80085, -3.80085, -3.80085, 0.5534, 0.5534, 0.5534, 3.64604, 21.18128, 3.1832, -10.42991, -10.42991, -10.42991, -1.19955], [0, 1, 5, 9, 21, 22, 23, 29, 0, 1, 5, 9, 22, 23, 4, 8, 2, 6, 3, 7, 0, 1, 5, 9, 28, 29, 3, 7, 2, 6, 4, 8, 21, 22, 23, 27, 28, 21, 22, 23, 27, 29, 26, 32, 24, 30, 25, 31, 0, 1, 5, 9, 3, 7, 11, 2, 6, 10, 4, 8, 12, 21, 23, 27, 28, 29, 33, 35, 21, 22, 27, 28, 29, 33, 34, 35, 26, 32, 38, 24, 30, 36, 25, 31, 37, 1, 5, 9, 13, 17, 8, 12, 16, 20, 6, 10, 14, 18, 7, 11, 15, 19, 5, 13, 17, 33, 34, 35, 8, 12, 16, 20, 6, 10, 14, 18, 7, 11, 15, 19, 5, 9, 13, 17, 27, 33, 34, 35, 21, 23, 27, 28, 29, 33, 34, 35, 26, 32, 38, 24, 30, 36, 25, 31, 37, 21, 22, 27, 28, 33, 34, 5, 9, 13, 27, 28, 29, 33, 34, 35, 1, 5, 9, 21, 22, 23, 29], [0, 8, 14, 16, 18, 20, 26, 28, 30, 32, 37, 42, 44, 46, 48, 52, 55, 58, 61, 68, 76, 79, 82, 85, 90, 94, 98, 102, 108, 112, 116, 120, 128, 136, 139, 142, 145, 151, 160, 167]]], "MO_sym": [["A1g", "A1g", "T1u", "T1u", "T1u", "A1g", "T1u", "T1u", "T1u", "Eg", "Eg", "T2g", "T2g", "T2g", "A1g", "T1u", "T1u", "T1u", "Eg", "Eg", "T2g", "T2g", "T2g", "A1g", "T1u", "T1u", "T1u", "A1g", "T1u", "T1u", "T1u", "A1g", "Eg", "T2g", "T2g", "T2g", "Eg", "A1g", "A1g"], ["A1g", "A1g", "T1u", "T1u", "T1u", "A1g", "T1u", "T1u", "T1u", "Eg", "Eg", "T2g", "T2g", "T2g", "A1g", "T1u", "T1u", "T1u", "Eg", "Eg", "T2g", "T2g", "T2g", "A1g", "T1u", "T1u", "T1u", "A1g", "T1u", "T1u", "T1u", "A1g", "Eg", "T2g", "T2g", "T2g", "Eg", "A1g", "A1g"]]}}, "comp_details": {"geometry": {"geometric_targets": [0.00045, 0.0003, 0.0018, 0.0012]}, "excited_states": {}, "freq": {}, "general": {"scf_targets": [[1e-08, 1e-06, 1e-06]], "list_theory": ["DFT"], "solvent": "Gas", "package": "Gaussian", "integration_grid": "Default",