{"molecule": {"atoms_masses": [19.9924391], "nb_atoms": 1, "starting_geometry": [[2.0, 0.0, 0.0]], "atoms_Z": [10], "atoms_Zeff": [-8.0], "multiplicity": 1, "chirality": false, "nuclear_spins": [0.0], "nuclear_QMom": [0.0], "connectivity": {"bond_orders": [], "atom_pairs": []}, "charge": 0, "can": "[Ne]", "smi": "[Ne]", "starting_nuclear_repulsion": 0.0, "inchi": "InChI=1S/Ne", "formula": "Ne", "nuclear_gfactors": [0.0], "starting_energy": -128.851276864, "nb_heavy_atoms": 1, "atoms_valence": [0], "monoisotopic_mass": 19.992440175}, "results": {"geometry": {"geometric_values": [[0.0, 0.0, 0.0, 0.0]], "nuclear_repulsion_energy_from_xyz": 0.0, "elements_3D_coords_converged": [2.0, 0.0, 0.0], "OPT_DONE": true}, "excited_states": {"et_oscs": [0.1044, 0.1044, 0.1044, 0.0, 0.0, 0.0, 0.0, 0.0, 0.0, 0.0], "et_rot": [0.0, 0.0, 0.0, 0.0, 0.0, 0.0, 0.0, 0.0, 0.0, 0.0], "et_transitions": [[[[2, 0], [5, 0], -0.50019319487574], [[3, 0], [5, 0], 0.8458694159265957], [[4, 0], [5, 0], -0.18521955026400427]], [[[2, 0], [5, 0], 0.22061731573020285], [[3, 0], [5, 0], 0.33133609552839244], [[4, 0], [5, 0], 0.9173579115045556]], [[[2, 0], [5, 0], 0.8373417081454859], [[3, 0], [5, 0], 0.41799910263061574], [[4, 0], [5, 0], -0.3523513090652567]], [[[2, 0], [8, 0], -0.2847094743769515], [[3, 0], [6, 0], 0.6211225965942634], [[3, 0], [7, 0], -0.2847094743769515], [[3, 0], [8, 0], 0.2094591707230791], [[4, 0], [8, 0], 0.6211225965942634]], [[[2, 0], [8, 0], 0.6376406110027811], [[3, 0], [6, 0], 0.30302354000968307], [[3, 0], [7, 0], 0.6376406110027811], [[4, 0], [8, 0], 0.30302354000968307]], [[[2, 0], [7, 0], -0.42744604922726803], [[3, 0], [6, 0], -0.14864798754103603], [[3, 0], [8, 0], 0.786769431155024], [[4, 0], [6, 0], -0.359323381927756], [[4, 0], [8, 0], -0.14864798754103603]], [[[2, 0], [7, 0], -0.6870673750077207], [[4, 0], [6, 0], 0.7248975878012012]], [[[2, 0], [6, 0], 0.7066683749822119], [[4, 0], [7, 0], 0.7066683749822119]], [[[2, 0], [8, 0], -0.31245634447071163], [[3, 0], [6, 0], 0.6312625078364784], [[3, 0], [7, 0], 0.31245634447071163], [[4, 0], [8, 0], -0.6312625078364784]], [[[2, 0], [6, 0], 0.7010256628683432], [[4, 0], [7, 0], -0.7010256628683432]]], "et_energies": [147352.654851726, 147352.654851726, 147352.654851726, 166038.90786279802, 166038.90786279802, 166038.90786279802, 166038.90786279802, 166038.90786279802, 166101.012553831, 166101.012553831], "et_sym": ["Singlet-?Sym", "Singlet-?Sym", "Singlet-?Sym", "Singlet-?Sym", "Singlet-?Sym", "Singlet-?Sym", "Singlet-?Sym", "Singlet-?Sym", "Singlet-?Sym", "Singlet-?Sym"]}, "freq": {}, "wavefunction": {"Mulliken_partial_charges": [0.0], "MO_number": 39, "homo_indexes": [4], "SCF_values": [0.0, 0.0, null], "MO_number_kept": 35, "total_molecular_energy": -128.851276864, "MO_energies": [[-845.288478688489, -40.612992187125, -16.0397509177225, -16.0397509177225, -16.0397509177225, 4.595458707244, 6.9495156279195, 6.9495156279195, 6.9495156279195, 37.912534334763, 37.912534334763, 37.912534334763, 37.912534334763, 37.912534334763, 41.4709671577515, 41.4709671577515, 41.4709671577515, 51.194411377668, 160.320228843683, 160.320228843683, 160.320228843683, 160.320228843683, 160.320228843683, 209.8914811031185, 209.8914811031185, 209.8914811031185, 242.29316573755548, 242.29316573755548, 242.29316573755548, 242.29316573755548, 242.29316573755548, 242.29316573755548, 242.29316573755548, 689.3620721888295, 689.3620721888295]], "virial_ratio": [2.0019]}}, "comp_details": {"geometry": {"geometric_targets": [0.00045, 0.0003, 0.0018, 0.0012]}, "excited_states": {"nb_et_states": 10}, "freq": {}, "general": {"scf_targets": [[1e-08, 1e-06, 1e-06]], "list_theory": ["DFT"], "solvent": "Gas", "package": "Gaussian", "integration_grid": "Default", "package_version": "09revisionD.01", "basis_set_size": 39, "job_type": ["OPT_ES"], "functional": "PBE1PBE", "is_closed_shell": "True", "core_electrons_per_atoms": [0], "basis_set_md5": "02a38ff43ea0c38967983229a70ecab9", "basis_set": "(lp0\n(lp1\n(VS\np2\n(lp3\n(F13995.7\nF0.001832760156\ntp4\na(F2117.1\nF0.01388270118\ntp5\na(F490.425\nF0.06806870579\ntp6\na(F143.833\nF0.2313280197\ntp7\na(F41.9265\nF0.5858900499\ntp8\na(F6.15684\nF0.305883026\ntp9\natp10\na(g2\n(lp11\n(F69.1211\nF0.1191490559\ntp12\na(F15.835\nF0.9173754306\ntp13\na(F4.67326\nF-0.004058391905\ntp14\natp15\na(VP\np16\n(lp17\n(F69.1211\nF0.03565740367\ntp18\na(F15.835\nF0.2394770247\ntp19\na(F4.67326\nF0.8184610843\ntp20\natp21\na(g2\n(lp22\n(F1.45756\nF1.0\ntp23\natp24\na(g16\n(lp25\n(F1.45756\nF1.0\ntp26\natp27\na(g2\n(lp28\n(F0.397057\nF1.0\ntp29\natp30\na(g16\n(lp31\n(F0.397057\nF1.0\ntp32\natp33\na(g2\n(lp34\n(F0.13\nF1.0\ntp35\natp36\na(g16\n(lp37\n(F0.13\nF1.0\ntp38\natp39\na(VD\np40\n(lp41\n(F9.216\nF1.0\ntp42\natp43\na(g40\n(lp44\n(F2.304\nF1.0\ntp45\natp46\na(g40\n(lp47\n(F0.576\nF1.0\ntp48\natp49\na(VF\np50\n(lp51\n(F2.5\nF1.0\ntp52\natp53\naa.", "last_theory": "DFT", "all_unique_theory": ["DFT"]}}, "metadata": {"archivable_for_new_entry": "False", "archivable": "True", "parser_version": "v7.1", "log_file": "OPT_ES1.log"}}
