{"molecule": {"atoms_masses": [14.003074, 12.0, 1.007825], "nb_atoms": 3, "starting_geometry": [[0.0, 0.0, 0.671663], [0.0, 0.0, -0.516451], [0.0, 0.0, -1.602931]], "atoms_Z": [7, 6, 1], "atoms_Zeff": [-4.55, -3.6, -1.0], "multiplicity": 1, "chirality": false, "nuclear_spins": [2.0, 0.0, 1.0], "nuclear_QMom": [2.044, 0.0, 0.0], "connectivity": {"bond_orders": [3, 3, 1, 1], "atom_pairs": [[0, 1], [1, 0], [1, 2], [2, 1]]}, "charge": 0, "can": "C#N", "smi": "N#C", "starting_nuclear_repulsion": 23.25742, "inchi": "InChI=1S/CHN/c1-2/h1H", "formula": "CHN", "nuclear_gfactors": [0.403761, 0.0, 2.792846], "starting_energy": -92.1083757911, "nb_heavy_atoms": 2, "atoms_valence": [1, 2, 1], "monoisotopic_mass": 27.010899037}, "results": {"geometry": {"geometric_values": [[9.3e-05, 6.2e-05, 9.7e-05, 6.4e-05]], "nuclear_repulsion_energy_from_xyz": 23.25742, "elements_3D_coords_converged": [0.0, 0.0, 0.671663, 0.0, 0.0, -0.516451, 0.0, 0.0, -1.602931], "OPT_DONE": true}, "excited_states": {}, "freq": {"electronic_thermal_energy": -92.088673, "vibrational_freq": [817.2583, 817.2583, 2253.0673, 3660.1956], "zero_point_energy": -92.091181, "enthalpy": -92.087729, "polarizabilities": [[2.944, 0.0, 0.0], [0.0, 2.944, 0.0], [0.0, 0.0, 12.253]], "entropy": 7.668e-05, "vibrational_sym": ["PI", "PI", "SG", "SG"], "vibration_disp": [[[0.0, 0.06484, 0.0], [0.0, -0.15841, 0.0], [-2e-05, 0.98524, 0.0]], [[0.06484, 0.0, 0.0], [-0.15841, 0.0, 0.0], [0.98524, 2e-05, 0.0]], [[0.0, 0.0, 0.41702], [0.0, 0.0, -0.41889], [0.0, 0.0, -0.80661]], [[0.0, 0.0, -0.03312], [0.0, 0.0, 0.12195], [0.0, 0.0, -0.99198]]], "vibrational_int": [28.3085, 28.3085, 0.1809, 130.0654], "free_energy": -92.110591}, "wavefunction": {"Mulliken_partial_charges": [-0.150938, -0.005426, 0.156365], "MO_number": 11, "homo_indexes": [6], "SCF_values": [0.0, 0.0, null], "MO_number_kept": 11, "total_molecular_energy": -92.1083757911, "MO_energies": [[-387.12086461687153, -274.53974547720753, -24.461402476847, -15.6343012804775, -8.6241042638965, -8.4804281508325, -8.4804281508325, 3.4329883379079997, 3.4329883379079997, 8.1843682814885, 25.106312302532]], "virial_ratio": [2.014], "MO_sym": [["sigma", "sigma", "sigma", "sigma", "sigma", "pi", "pi", "pi", "pi", "sigma", "sigma"]]}}, "comp_details": {"geometry": {"geometric_targets": [0.00045, 0.0003, 0.0018, 0.0012]}, "excited_states": {}, "freq": {"temperature": 298.15}, "general": {"scf_targets": [[1e-08, 1e-06, 1e-06]], "list_theory": ["DFT"], "solvent": "Gas", "package": "Gaussian", "integration_grid": "Default", "package_version": "09revisionD.01", "basis_set_size": 11, "job_type": ["FREQ", "OPT"], "functional": "PBE1PBE", "is_closed_shell": "True", "core_electrons_per_atoms": [0, 0, 0], "basis_set_md5": "1bd0b66a536c7f710ddcd9f16ca1125c", "basis_set": "(lp0\n(lp1\n(VS\np2\n(lp3\n(F99.10616896\nF0.1543289673\ntp4\na(F18.05231239\nF0.5353281423\ntp5\na(F4.885660238\nF0.4446345422\ntp6\natp7\na(g2\n(lp8\n(F3.780455879\nF-0.09996722919\ntp9\na(F0.8784966449\nF0.3995128261\ntp10\na(F0.2857143744\nF0.7001154689\ntp11\natp12\na(VP\np13\n(lp14\n(F3.780455879\nF0.155916275\ntp15\na(F0.8784966449\nF0.6076837186\ntp16\na(F0.2857143744\nF0.3919573931\ntp17\natp18\naa(lp19\n(g2\n(lp20\n(F71.61683735\nF0.1543289673\ntp21\na(F13.04509632\nF0.5353281423\ntp22\na(F3.53051216\nF0.4446345422\ntp23\natp24\na(g2\n(lp25\n(F2.941249355\nF-0.09996722919\ntp26\na(F0.6834830964\nF0.3995128261\ntp27\na(F0.2222899159\nF0.7001154689\ntp28\natp29\na(g13\n(lp30\n(F2.941249355\nF0.155916275\ntp31\na(F0.6834830964\nF0.6076837186\ntp32\na(F0.2222899159\nF0.3919573931\ntp33\natp34\naa(lp35\n(g2\n(lp36\n(F3.425250914\nF0.1543289673\ntp37\na(F0.6239137298\nF0.5353281423\ntp38\na(F0.168855404\nF0.4446345422\ntp39\natp40\naa.", "last_theory": "DFT", "all_unique_theory": ["DFT"]}}, "metadata": {"archivable_for_new_entry": "False", "archivable": "True", "parser_version": "v7.1", "log_file": "freq.log"}}
