{"molecule": {"atoms_masses": [14.003074, 12.0, 1.007825], "nb_atoms": 3, "starting_geometry": [[0.0, 0.0, 0.656071], [0.0, 0.0, -0.503929], [0.0, 0.0, -1.568929]], "atoms_Z": [7, 6, 1], "atoms_Zeff": [0.0, 0.0, 0.0], "multiplicity": 1, "chirality": false, "nuclear_spins": [2.0, 0.0, 1.0], "nuclear_QMom": [2.044, 0.0, 0.0], "connectivity": {"bond_orders": [3, 3, 1, 1], "atom_pairs": [[0, 1], [1, 0], [1, 2], [2, 1]]}, "charge": 0, "can": "C#N", "smi": "N#C", "starting_nuclear_repulsion": 23.80597, "inchi": "InChI=1S/CHN/c1-2/h1H", "formula": "CHN", "nuclear_gfactors": [0.403761, 0.0, 2.792846], "starting_energy": -92.10601428910002, "nb_heavy_atoms": 2, "atoms_valence": [1, 2, 1], "monoisotopic_mass": 27.010899037}, "results": {"geometry": {"geometric_values": [[0.077543, 0.039813, 0.055972, 0.038104], [0.009503, 0.004957, 0.007498, 0.005211], [0.000499, 0.000309, 0.00074, 0.000467], [9.3e-05, 6.2e-05, 9.7e-05, 6.4e-05]], "nuclear_repulsion_energy_from_xyz": 23.25742, "elements_3D_coords_converged": [0.0, 0.0, 0.671663, 0.0, 0.0, -0.516451, 0.0, 0.0, -1.602931], "OPT_DONE": true}, "excited_states": {}, "freq": {}, "wavefunction": {"Mulliken_partial_charges": [-0.150938, -0.005426, 0.156365], "MO_number": 11, "homo_indexes": [6], "SCF_values": [8.46e-10, 4.09e-09, 0.0], "MO_number_kept": 11, "total_molecular_energy": -92.1083757911, "MO_energies": [[-387.12086461687153, -274.53974547720753, -24.461402476847, -15.6343012804775, -8.6241042638965, -8.4804281508325, -8.4804281508325, 3.4329883379079997, 3.4329883379079997, 8.1843682814885, 25.106312302532]], "MO_coefs": [[[0.99308, 0.03377, 0.99162, 0.03716, -0.19984, 0.62971, -0.24431, -0.16307, 0.35635, 0.1966, -0.2742, -0.14916, 0.48502, -0.39804, 0.44743, -0.14456, 0.72467, 0.6436, -0.26739, -0.30418, 0.16981, 0.63852, 0.61707, 0.63852, 0.61707, -0.8185, 0.83479, -0.8185, 0.83479, -0.34722, 0.50546, -0.19375, 1.2486, -0.31225, -1.12083, -1.12656, 1.03525, 0.68513, 1.48484, 0.65368], [0, 1, 5, 6, 0, 1, 4, 5, 6, 9, 1, 5, 6, 9, 10, 0, 1, 4, 6, 9, 10, 2, 7, 3, 8, 3, 8, 2, 7, 1, 4, 5, 6, 9, 10, 1, 4, 6, 9, 10], [0, 2, 4, 10, 15, 21, 23, 25, 27, 29, 35, 40]]], "virial_ratio": [2.0132, 2.0141, 2.014, 2.014], "MO_sym": [["sigma", "sigma", "sigma", "sigma", "pi", "pi", "sigma", "pi", "pi", "sigma", "sigma"]]}}, "comp_details": {"geometry": {"geometric_targets": [0.00045, 0.0003, 0.0018, 0.0012]}, "excited_states": {}, "freq": {}, "general": {"scf_targets": [[1e-08, 1e-06, 1e-06], [1e-08, 1e-06, 1e-06], [1e-08, 1e-06, 1e-06], [1e-08, 1e-06, 1e-06]], "list_theory": ["DFT"], "solvent": "Gas", "package": "Gaussian", "integration_grid": "Default", "package_version": "09revisionD.01", "basis_set_size": 11, "job_type": ["OPT"], "functional": "PBE1PBE", "is_closed_shell": "True", "core_electrons_per_atoms": [0, 0, 0], "basis_set_md5": "1bd0b66a536c7f710ddcd9f16ca1125c", "basis_set": "(lp0\n(lp1\n(VS\np2\n(lp3\n(F99.10616896\nF0.1543289673\ntp4\na(F18.05231239\nF0.5353281423\ntp5\na(F4.885660238\nF0.4446345422\ntp6\natp7\na(g2\n(lp8\n(F3.780455879\nF-0.09996722919\ntp9\na(F0.8784966449\nF0.3995128261\ntp10\na(F0.2857143744\nF0.7001154689\ntp11\natp12\na(VP\np13\n(lp14\n(F3.780455879\nF0.155916275\ntp15\na(F0.8784966449\nF0.6076837186\ntp16\na(F0.2857143744\nF0.3919573931\ntp17\natp18\naa(lp19\n(g2\n(lp20\n(F71.61683735\nF0.1543289673\ntp21\na(F13.04509632\nF0.5353281423\ntp22\na(F3.53051216\nF0.4446345422\ntp23\natp24\na(g2\n(lp25\n(F2.941249355\nF-0.09996722919\ntp26\na(F0.6834830964\nF0.3995128261\ntp27\na(F0.2222899159\nF0.7001154689\ntp28\natp29\na(g13\n(lp30\n(F2.941249355\nF0.155916275\ntp31\na(F0.6834830964\nF0.6076837186\ntp32\na(F0.2222899159\nF0.3919573931\ntp33\natp34\naa(lp35\n(g2\n(lp36\n(F3.425250914\nF0.1543289673\ntp37\na(F0.6239137298\nF0.5353281423\ntp38\na(F0.168855404\nF0.4446345422\ntp39\natp40\naa.", "last_theory": "DFT", "basis_set_name": "STO-3G", "all_unique_theory": ["DFT"]}}, "metadata": {"archivable_for_new_entry": "True", "archivable": "True", "parser_version": "v7.1", "log_file": "OPT.log"}}
