{"molecule": {"atoms_masses": [14.003074, 12.0, 1.007825], "nb_atoms": 3, "starting_geometry": [[0.0, 0.0, 0.671663], [0.0, 0.0, -0.516451], [0.0, 0.0, -1.602931]], "atoms_Z": [7, 6, 1], "atoms_Zeff": [-4.55, -3.6, -1.0], "multiplicity": 2, "chirality": false, "nuclear_spins": [2.0, 0.0, 1.0], "nuclear_QMom": [2.044, 0.0, 0.0], "connectivity": {"bond_orders": [3, 3, 1, 1], "atom_pairs": [[0, 1], [1, 0], [1, 2], [2, 1]]}, "charge": 1, "can": "C#N", "smi": "N#C", "starting_nuclear_repulsion": 23.25742, "inchi": "InChI=1S/CHN/c1-2/h1H", "formula": "CHN+", "nuclear_gfactors": [0.403761, 0.0, 2.792846], "starting_energy": -91.6339311913, "nb_heavy_atoms": 2, "atoms_valence": [1, 2, 1], "monoisotopic_mass": 27.010899037}, "results": {"geometry": {"nuclear_repulsion_energy_from_xyz": 23.25742, "elements_3D_coords_converged": [0.0, 0.0, 0.671663, 0.0, 0.0, -0.516451, 0.0, 0.0, -1.602931]}, "excited_states": {}, "freq": {}, "wavefunction": {"SCF_values": [7.24e-09, 6.96e-08, -1.02e-12], "MO_number": 11, "homo_indexes": [6, 5], "virial_ratio": [2.0218], "MO_number_kept": 11, "total_molecular_energy": -91.6339311913, "MO_energies": [[-403.253134243764, -290.27472888237, -39.0099694938295, -26.924032823872, -22.504359664050998, -21.281207906053503, -21.085558047544, -10.561826993307, -9.400445079373, -3.12386700374, 11.091904774081], [-403.0291845448025, -290.085337642422, -37.576201615545, -26.4725959458925, -20.8392950128415, -20.482553754835997, -17.216643321135003, -8.989281051267499, -7.7941570198715, -2.6620897994415, 11.6919158144335]], "MO_coefs": [[[0.99313, 0.03366, 0.99177, 0.03667, -0.19776, 0.61974, -0.29016, -0.15598, 0.32161, 0.22349, -0.29438, -0.17438, 0.60779, -0.4111, 0.34268, 0.67157, 0.58229, 0.65744, 0.59742, -0.15255, 0.76525, 0.61378, -0.215, -0.35803, 0.14461, -0.79161, 0.85941, -0.80338, 0.84896, -0.43884, 0.58656, -0.18942, 1.27342, -1.08786, -1.06661, 0.99798, 0.567, 1.49297, 0.77002], [0, 1, 5, 6, 0, 1, 4, 5, 6, 9, 1, 5, 6, 9, 10, 3, 8, 2, 7, 0, 1, 4, 6, 9, 10, 3, 8, 2, 7, 1, 4, 5, 6, 10, 1, 4, 6, 9, 10], [0, 2, 4, 10, 15, 17, 19, 25, 27, 29, 34, 39]], [[0.9933, 0.03285, 0.99197, 0.03577, -0.1954, 0.60848, -0.29467, -0.15592, 0.32244, 0.23352, -0.25083, -0.16666, 0.56617, -0.42472, 0.37318, 0.65098, 0.6042, -0.15577, 0.76835, 0.62559, -0.21905, -0.32494, 0.13081, 0.63585, 0.61978, -0.80862, 0.84415, -0.82057, 0.83278, -0.42166, 0.55497, -0.19279, 1.27549, -0.17108, -1.09934, -1.08873, 1.00744, 0.60237, 1.49066, 0.74119], [0, 1, 5, 6, 0, 1, 4, 5, 6, 9, 1, 5, 6, 9, 10, 2, 7, 0, 1, 4, 6, 9, 10, 3, 8, 2, 7, 3, 8, 1, 4, 5, 6, 9, 10, 1, 4, 6, 9, 10], [0, 2, 4, 10, 15, 17, 23, 25, 27, 29, 35, 40]]], "MO_sym": [["sigma", "sigma", "sigma", "sigma", "pi", "pi", "sigma", "pi", "pi", "sigma", "sigma"], ["sigma", "sigma", "sigma", "sigma", "pi", "sigma", "pi", "pi", "pi", "sigma", "sigma"]]}}, "comp_details": {"geometry": {}, "excited_states": {}, "freq": {}, "general": {"scf_targets": [[1e-08, 1e-06, 1e-06]], "list_theory": ["DFT"], "solvent": "Gas", "package": "Gaussian", "integration_grid": "Default", "package_version": "09revisionD.01", "basis_set_size": 11, "job_type": ["SP"], "functional": "PBE1PBE", "is_closed_shell": "False", "core_electrons_per_atoms": [0, 0, 0], "basis_set_md5": "1bd0b66a536c7f710ddcd9f16ca1125c", "basis_set": "(lp0\n(lp1\n(VS\np2\n(lp3\n(F99.10616896\nF0.1543289673\ntp4\na(F18.05231239\nF0.5353281423\ntp5\na(F4.885660238\nF0.4446345422\ntp6\natp7\na(g2\n(lp8\n(F3.780455879\nF-0.09996722919\ntp9\na(F0.8784966449\nF0.3995128261\ntp10\na(F0.2857143744\nF0.7001154689\ntp11\natp12\na(VP\np13\n(lp14\n(F3.780455879\nF0.155916275\ntp15\na(F0.8784966449\nF0.6076837186\ntp16\na(F0.2857143744\nF0.3919573931\ntp17\natp18\naa(lp19\n(g2\n(lp20\n(F71.61683735\nF0.1543289673\ntp21\na(F13.04509632\nF0.5353281423\ntp22\na(F3.53051216\nF0.4446345422\ntp23\natp24\na(g2\n(lp25\n(F2.941249355\nF-0.09996722919\ntp26\na(F0.6834830964\nF0.3995128261\ntp27\na(F0.2222899159\nF0.7001154689\ntp28\natp29\na(g13\n(lp30\n(F2.941249355\nF0.155916275\ntp31\na(F0.6834830964\nF0.6076837186\ntp32\na(F0.2222899159\nF0.3919573931\ntp33\natp34\naa(lp35\n(g2\n(lp36\n(F3.425250914\nF0.1543289673\ntp37\na(F0.6239137298\nF0.5353281423\ntp38\na(F0.168855404\nF0.4446345422\ntp39\natp40\naa.", "last_theory": "DFT", "all_unique_theory": ["DFT"]}}, "metadata": {"archivable_for_new_entry": "False", "archivable": "True", "parser_version": "v7.1", "log_file": "SP_moins.log"}}
