{"molecule": {"atoms_masses": [14.003074, 12.0, 1.007825], "nb_atoms": 3, "starting_geometry": [[0.0, 0.0, 0.671663], [0.0, 0.0, -0.516451], [0.0, 0.0, -1.602931]], "atoms_Z": [7, 6, 1], "atoms_Zeff": [-4.55, -3.6, -1.0], "multiplicity": 2, "chirality": false, "nuclear_spins": [2.0, 0.0, 1.0], "nuclear_QMom": [2.044, 0.0, 0.0], "connectivity": {"bond_orders": [3, 3, 1, 1], "atom_pairs": [[0, 1], [1, 0], [1, 2], [2, 1]]}, "charge": -1, "can": "C#N", "smi": "N#C", "starting_nuclear_repulsion": 23.25742, "inchi": "InChI=1S/CHN/c1-2/h1H", "formula": "CHN-", "nuclear_gfactors": [0.403761, 0.0, 2.792846], "starting_energy": -91.8140121916, "nb_heavy_atoms": 2, "atoms_valence": [1, 2, 1], "monoisotopic_mass": 27.010899037}, "results": {"geometry": {"nuclear_repulsion_energy_from_xyz": 23.25742, "elements_3D_coords_converged": [0.0, 0.0, 0.671663, 0.0, 0.0, -0.516451, 0.0, 0.0, -1.602931]}, "excited_states": {}, "freq": {}, "wavefunction": {"SCF_values": [2.24e-09, 1.87e-08, -9.95e-14], "MO_number": 11, "homo_indexes": [7, 6], "virial_ratio": [1.9902], "MO_number_kept": 11, "total_molecular_energy": -91.8140121916, "MO_energies": [[-370.27184710776197, -258.1497840338915, -11.252996173577001, -4.4262038922330005, 3.245774008764, 3.6373458396335003, 3.9630661186819998, 12.65873632526, 16.0762141736895, 19.5271620257305, 38.834456060257004], [-370.01796488524553, -257.8912758759165, -10.5381530883135, -3.960344980177, 4.2441597262485, 4.328242906053, 5.4893527061365, 16.5583999167755, 17.847947454295003, 20.123635586026502, 39.473923608932]], "MO_coefs": [[[0.99276, 0.03521, 0.99113, 0.03928, -0.2019, 0.64149, -0.1982, -0.16996, 0.38441, 0.16042, 0.09514, 0.09045, -0.3141, -0.13014, 0.40404, -0.36369, 0.51625, 0.6369, 0.61872, -0.13489, 0.68989, 0.64749, -0.32885, -0.284, 0.21609, 0.6266, 0.62909, -0.81976, 0.83357, 0.82766, -0.82577, -0.30026, 0.49363, -0.19467, 1.23125, -0.40332, -1.11054, -1.14464, 1.04832, 0.72582, 1.48004, 0.60094], [0, 1, 5, 6, 0, 1, 4, 5, 6, 9, 10, 0, 1, 5, 6, 9, 10, 3, 8, 0, 1, 4, 6, 9, 10, 2, 7, 3, 8, 2, 7, 1, 4, 5, 6, 9, 10, 1, 4, 6, 9, 10], [0, 2, 4, 11, 17, 19, 25, 27, 29, 31, 37, 42]], [[0.99294, 0.03433, 0.99139, 0.03808, -0.19894, 0.62625, -0.20946, -0.16997, 0.38314, 0.17592, 0.10256, 0.08298, -0.27603, -0.12046, 0.35581, -0.36449, 0.55482, -0.14006, 0.70015, 0.65776, -0.31755, -0.25813, 0.19053, 0.62702, 0.62867, 0.61923, 0.63639, 0.82734, -0.82609, 0.83319, -0.82015, -0.29624, 0.47212, -0.19911, 1.23935, -0.42788, -1.1041, -1.15767, 1.04963, 0.74286, 1.47592, 0.58567], [0, 1, 5, 6, 0, 1, 4, 5, 6, 9, 10, 0, 1, 5, 6, 9, 10, 0, 1, 4, 6, 9, 10, 2, 7, 3, 8, 2, 7, 3, 8, 1, 4, 5, 6, 9, 10, 1, 4, 6, 9, 10], [0, 2, 4, 11, 17, 23, 25, 27, 29, 31, 37, 42]]], "MO_sym": [["sigma", "sigma", "sigma", "sigma", "pi", "sigma", "pi", "pi", "pi", "sigma", "sigma"], ["sigma", "sigma", "sigma", "sigma", "sigma", "pi", "pi", "pi", "pi", "sigma", "sigma"]]}}, "comp_details": {"geometry": {}, "excited_states": {}, "freq": {}, "general": {"scf_targets": [[1e-08, 1e-06, 1e-06]], "list_theory": ["DFT"], "solvent": "Gas", "package": "Gaussian", "integration_grid": "Default", "package_version": "09revisionD.01", "basis_set_size": 11, "job_type": ["SP"], "functional": "PBE1PBE", "is_closed_shell": "False", "core_electrons_per_atoms": [0, 0, 0], "basis_set_md5": "1bd0b66a536c7f710ddcd9f16ca1125c", "basis_set": "(lp0\n(lp1\n(VS\np2\n(lp3\n(F99.10616896\nF0.1543289673\ntp4\na(F18.05231239\nF0.5353281423\ntp5\na(F4.885660238\nF0.4446345422\ntp6\natp7\na(g2\n(lp8\n(F3.780455879\nF-0.09996722919\ntp9\na(F0.8784966449\nF0.3995128261\ntp10\na(F0.2857143744\nF0.7001154689\ntp11\natp12\na(VP\np13\n(lp14\n(F3.780455879\nF0.155916275\ntp15\na(F0.8784966449\nF0.6076837186\ntp16\na(F0.2857143744\nF0.3919573931\ntp17\natp18\naa(lp19\n(g2\n(lp20\n(F71.61683735\nF0.1543289673\ntp21\na(F13.04509632\nF0.5353281423\ntp22\na(F3.53051216\nF0.4446345422\ntp23\natp24\na(g2\n(lp25\n(F2.941249355\nF-0.09996722919\ntp26\na(F0.6834830964\nF0.3995128261\ntp27\na(F0.2222899159\nF0.7001154689\ntp28\natp29\na(g13\n(lp30\n(F2.941249355\nF0.155916275\ntp31\na(F0.6834830964\nF0.6076837186\ntp32\na(F0.2222899159\nF0.3919573931\ntp33\natp34\naa(lp35\n(g2\n(lp36\n(F3.425250914\nF0.1543289673\ntp37\na(F0.6239137298\nF0.5353281423\ntp38\na(F0.168855404\nF0.4446345422\ntp39\natp40\naa.", "last_theory": "DFT", "all_unique_theory": ["DFT"]}}, "metadata": {"archivable_for_new_entry": "False", "archivable": "True", "parser_version": "v7.1", "log_file": "SP_plus.log"}}
