{"molecule": {"atoms_masses": [12.0, 12.0, 12.0, 12.0, 12.0, 12.0, 1.007825, 1.007825, 1.007825, 1.007825, 1.007825, 1.007825], "nb_atoms": 12, "starting_geometry": [[1.387588, -0.0306, -2e-06], [0.667288, -1.216837, 5.7e-05], [0.720272, 1.186287, -1.1e-05], [-0.720276, -1.186283, -4.9e-05], [-0.667287, 1.216834, -4e-06], [-1.387588, 0.030601, 0.0], [2.47085, -0.054545, -4e-06], [1.188156, -2.166979, 6.6e-05], [1.282559, 2.112512, -5.5e-05], [-1.282539, -2.112519, -2e-06], [-1.188157, 2.166979, 3.3e-05], [-2.470852, 0.054535, 7e-06]], "atoms_Z": [6, 6, 6, 6, 6, 6, 1, 1, 1, 1, 1, 1], "atoms_Zeff": [-3.6, -3.6, -3.6, -3.6, -3.6, -3.6, -1.0, -1.0, -1.0, -1.0, -1.0, -1.0], "multiplicity": 1, "chirality": false, "nuclear_spins": [0.0, 0.0, 0.0, 0.0, 0.0, 0.0, 1.0, 1.0, 1.0, 1.0, 1.0, 1.0], "nuclear_QMom": [0.0, 0.0, 0.0, 0.0, 0.0, 0.0, 0.0, 0.0, 0.0, 0.0, 0.0, 0.0], "connectivity": {"bond_orders": [2, 1, 1, 2, 1, 1, 1, 2, 1, 1, 2, 1, 2, 1, 1, 2, 1, 1, 1, 1, 1, 1, 1, 1], "atom_pairs": [[0, 1], [0, 2], [0, 6], [1, 0], [1, 3], [1, 7], [2, 0], [2, 4], [2, 8], [3, 1], [3, 5], [3, 9], [4, 2], [4, 5], [4, 10], [5, 3], [5, 4], [5, 11], [6, 0], [7, 1], [8, 2], [9, 3], [10, 4], [11, 5]]}, "charge": 0, "can": "c1ccccc1", "smi": "c1ccccc1", "starting_nuclear_repulsion": 204.37486, "inchi": "InChI=1S/C6H6/c1-2-4-6-5-3-1/h1-6H", "formula": "C6H6", "nuclear_gfactors": [0.0, 0.0, 0.0, 0.0, 0.0, 0.0, 2.792846, 2.792846, 2.792846, 2.792846, 2.792846, 2.792846], "starting_energy": -232.035952047, "nb_heavy_atoms": 6, "atoms_valence": [3, 3, 3, 3, 3, 3, 1, 1, 1, 1, 1, 1], "monoisotopic_mass": 78.046950192}, "results": {"geometry": {"nuclear_repulsion_energy_from_xyz": 204.37486, "elements_3D_coords_converged": [1.387588, -0.0306, -2e-06, 0.667288, -1.216837, 5.7e-05, 0.720272, 1.186287, -1.1e-05, -0.720276, -1.186283, -4.9e-05, -0.667287, 1.216834, -4e-06, -1.387588, 0.030601, 0.0, 2.47085, -0.054545, -4e-06, 1.188156, -2.166979, 6.6e-05, 1.282559, 2.112512, -5.5e-05, -1.282539, -2.112519, -2e-06, -1.188157, 2.166979, 3.3e-05, -2.470852, 0.054535, 7e-06]}, "excited_states": {"et_oscs": [0.0, 0.0, 0.0, 0.0, 0.0522, 0.0, 0.0, 0.0, 0.6006, 0.6006], "et_rot": [0.0, 0.0, -0.011, 0.0079, 0.0, 0.0, 0.0, 0.0, -0.0048, -0.0029], "et_transitions": [[[[19, 0], [21, 0], -0.6348404681492824], [[19, 0], [22, 0], 0.30917536900600606], [[20, 0], [21, 0], 0.3094157853116095], [[20, 0], [22, 0], 0.6350667423192621]], [[[19, 0], [21, 0], 0.3083834094110771], [[19, 0], [22, 0], 0.6328747112975839], [[20, 0], [21, 0], 0.633595960214394], [[20, 0], [22, 0], -0.3085389729029382]], [[[20, 0], [23, 0], 0.9928344893284077]], [[[19, 0], [23, 0], 0.9928486314640314]], [[[19, 0], [25, 0], -0.6867703901596225], [[20, 0], [24, 0], 0.705720851895422]], [[[19, 0], [25, 0], 0.7050278872498591], [[20, 0], [24, 0], 0.6868411008377411]], [[[19, 0], [24, 0], -0.6933606253602811], [[20, 0], [25, 0], 0.698621499812309]], [[[19, 0], [24, 0], 0.7029207090419232], [[20, 0], [25, 0], 0.6969385856730851]], [[[19, 0], [21, 0], 0.5605659718534475], [[19, 0], [22, 0], -0.3995577577772706], [[20, 0], [21, 0], 0.3991617779798061], [[20, 0], [22, 0], 0.5604104083615864], [[20, 0], [28, 0], 0.18314065632731583]], [[[19, 0], [21, 0], 0.39958604204851805], [[19, 0], [22, 0], 0.560905383108417], [[19, 0], [28, 0], -0.18202342761304105], [[20, 0], [21, 0], -0.5602689870053491], [[20, 0], [22, 0], 0.3993597678785383]]], "et_energies": [44541.161787096, 49848.289929916, 51483.175757499, 51493.660965076, 55683.711223731, 56054.726261071, 56056.339369928995, 56616.894698084, 57109.699454203, 57112.11911749], "et_sym": ["Singlet-A", "Singlet-A", "Singlet-A", "Singlet-A", "Singlet-A", "Singlet-A", "Singlet-A", "Singlet-A", "Singlet-A", "Singlet-A"]}, "freq": {}, "wavefunction": {"Mulliken_partial_charges": [0.028149, 0.028354, 0.029105, 0.029128, 0.028505, 0.02819, -0.028611, -0.028567, -0.028535, -0.028535, -0.028567, -0.028615], "MO_number": 340, "homo_indexes": [20], "SCF_values": [4.24e-09, 1.92e-07, null], "MO_number_kept": 66, "total_molecular_energy": -232.035952047, "MO_energies": [[-278.305529054277, -278.29818198031353, -278.297909866463, -278.281038807732, -278.2807666938815, -278.27260327836655, -24.103300649589002, -21.028414138939002, -21.0275977973875, -16.9883398005655, -16.988067686715, -14.8032655810505, -12.949353917594001, -12.6579199837085, -11.8883820144945, -11.887021445242, -10.5533914639415, -9.7060289334845, -9.705756819634, -7.3293865632175, -7.328570221666, -0.26476677653650005, -0.26449466268599997, 0.0492526069405, 0.5083086727339999, 0.5085807865845, 1.0917207682060002, 1.0917207682060002, 1.8914633748255, 1.9894243610054998, 2.0985420150559997, 2.660185002488, 2.663450368694, 2.936652674596, 3.2444134395115003, 3.323598570007, 3.3241427977080003, 3.3940760572865, 3.394348171137, 3.7347625981125003, 4.0417070214765, 4.044156046131, 4.062659787965, 4.068374178825501, 4.3687878697775, 4.3687878697775, 4.891518576588, 5.6313961360975, 5.6313961360975, 5.727724439174501, 5.936435762508, 5.944054950322, 6.4961739529865, 7.3375499787325005, 7.584357241136001, 7.7348362004625, 7.737013111266501, 7.797694499927999, 7.798510841479501, 8.0978360770295, 8.833359814931, 9.482079234523, 9.482895576074501, 9.549835583297499, 9.5503798109985, 9.9759658731805]], "virial_ratio": [2.0046], "MO_sym": [["A", "A", "A", "A", "A", "A", "A", "A", "A", "A", "A", "A", "A", "A", "A", "A", "A", "A", "A", "A", "A", "A", "A", "A", "A", "A", "A", "A", "A", "A", "A", "A", "A", "A", "A", "A", "A", "A", "A", "A", "A", "A", "A", "A", "A", "A", "A", "A", "A", "A", "A", "A", "A", "A", "A", "A", "A", "A", "A", "A", "A", "A", "A", "A", "A", "A"]]}}, "comp_details": {"geometry": {}, "excited_states": {"nb_et_states": 10}, "freq": {}, "general": {"scf_targets": [[1e-08, 1e-06, 1e-06]], "list_theory": ["DFT"], "solvent": "Gas", "package": "Gaussian", "integration_grid": "Default", "package_version": "09revisionD.01", "basis_set_size": 342, "job_type": ["TD"], "functional": "PBE1PBE", "is_closed_shell": "True", "core_electrons_per_atoms": [0, 0, 0, 0, 0, 0, 0, 0, 0, 0, 0, 0], "basis_set_md5": "5af6ebc6b2aaee6af50d8e3b15123d37",