{"molecule": {"atoms_masses": [18.9984033, 18.9984033], "nb_atoms": 2, "starting_geometry": [[0.0, 0.0, 0.686859], [0.0, 0.0, -0.686859]], "atoms_Z": [9, 9], "atoms_Zeff": [-6.75, -6.75], "multiplicity": 2, "chirality": false, "nuclear_spins": [1.0, 1.0], "nuclear_QMom": [0.0, 0.0], "connectivity": {"bond_orders": [1, 1], "atom_pairs": [[0, 1], [1, 0]]}, "charge": -1, "can": "FF", "smi": "FF", "starting_nuclear_repulsion": 31.2024, "inchi": "InChI=1S/F2/c1-2", "formula": "F2-", "nuclear_gfactors": [2.628867, 2.628867], "starting_energy": -199.385854866, "nb_heavy_atoms": 2, "atoms_valence": [1, 1], "monoisotopic_mass": 37.99680644}, "results": {"geometry": {"nuclear_repulsion_energy_from_xyz": 31.2024, "elements_3D_coords_converged": [0.0, 0.0, 0.686859, 0.0, 0.0, -0.686859]}, "excited_states": {}, "freq": {}, "wavefunction": {"SCF_values": [1.66e-09, 4.84e-08, -5.12e-13], "MO_number": 78, "homo_indexes": [9, 8], "virial_ratio": [1.9973], "MO_number_kept": 40, "total_molecular_energy": -199.385854866, "MO_energies": [[-664.526513167545, -664.5251525982926, -27.3292103472665, -20.376429353141003, -7.4229937277895, -4.8362794649365, -4.8362794649365, -0.84899521356, -0.84899521356, 3.29801986806, 9.974061076226999, 10.6905368445935, 11.894096405355, 11.894096405355, 13.523242028298501, 13.523242028298501, 13.876717920097999, 17.9298537232955, 34.0901510767895, 34.0923279875935, 36.7514245346795, 36.7514245346795, 40.6388430029225, 40.73544341985001, 42.094107875396496, 42.094107875396496, 42.105808770968004, 42.109074137174, 43.546923723216, 43.546923723216, 48.392182945219005, 48.6542285832505, 55.9463355489495, 55.9463355489495, 60.141514782108004, 87.99263949463351, 125.421083289357, 131.706913235907, 131.710722829814, 132.40570160399102], [-663.9874556297045, -663.986639288153, -25.913401983115, -19.240081913453, -5.0107044431070005, -4.3584475434585, -4.3584475434585, -0.323271254394, -0.323271254394, 8.336207810067501, 10.312026478548, 11.9809007236645, 11.9809007236645, 12.3406352340255, 13.7153544067515, 13.7153544067515, 14.1670633985815, 18.098020082904497, 34.0906953044905, 34.092600101444, 36.966938704275506, 36.966938704275506, 41.65518823454, 41.700087019872505, 42.118326008091, 42.121591374297005, 42.3956100217505, 42.3956100217505, 43.96625116683651, 43.96625116683651, 48.751917455580006, 49.3720649208695, 56.24049062134001, 56.24049062134001, 61.227793273304, 88.6391820034215, 126.60124105897552, 132.016034570075, 132.0195720501315, 133.5586479885595]], "MO_coefs": [[[0.38738, 0.3335, -0.01293, -0.38738, -0.3335, 0.38739, 0.33366, 0.38739, 0.33366, -0.08602, -0.13995, -0.04428, 0.41379, -0.06983, 0.29004, -0.03059, -0.08602, -0.13995, 0.04428, 0.41379, 0.06983, 0.29004, -0.09372, -0.15301, 0.45851, 0.03604, 0.41595, -0.03461, 0.0283, 0.09372, 0.15301, -0.45851, 0.03604, -0.41595, 0.03461, -0.03458, 0.21428, 0.10568, 0.31744, 0.12713, 0.23271, 0.0574, 0.04109, -0.03458, -0.21428, 0.10568, -0.31744, 0.12713, -0.23271, 0.0574, -0.04109, 0.20964, 0.30667, 0.25426, 0.05919, 0.20964, 0.30667, 0.25426, 0.05919, 0.20964, 0.30667, 0.25426, 0.05919, 0.20964, 0.30667, 0.25426, 0.05919, 0.23428, 0.34072, 0.30954, 0.12762, -0.23428, -0.34072, -0.30954, -0.12762, 0.23428, 0.34072, 0.30954, 0.12762, -0.23428, -0.34072, -0.30954, -0.12762, -0.23749, 0.18559, -0.35066, 0.22158, -0.30012, 0.60658, -0.51328, -0.23749, -0.18559, -0.35066, -0.22158, -0.30012, -0.60658, -0.51328, -0.05187, -0.0898, -0.60374, -0.19732, 0.94797, 0.51849, 0.05187, -0.0898, -0.60374, 0.19732, 0.94797, -0.51849, 0.14366, -0.15043, 0.61985, 2.67912, -2.08022, 0.14366, 0.15043, 0.61985, -2.67912, -2.08022, -0.09563, -0.0873, -0.38848, 0.71959, -0.09563, -0.38848, 0.71959, -0.09563, -0.38848, 0.71959, -0.09563, -0.0873, -0.38848, 0.71959, -0.08515, -0.4003, 1.55315, 0.08515, 0.4003, -1.55315, -0.08515, -0.4003, 1.55315, 0.08515, 0.4003, -1.55315, -0.04305, 0.56516, -0.27421, -0.2829, 1.08943, -0.035, 0.04305, 0.56516, 0.27421, -0.2829, -1.08943, -0.035, -0.64409, -0.56815, 10.29177, -4.27289, 0.64409, -10.29177, -4.27289, 0.63918, 0.63918, 0.63917, 0.63917, 0.06052, 0.11537, 0.03634, 0.59077, 0.06052, 0.11537, 0.03634, -0.59077, 0.06052, 0.11537, 0.03634, 0.59077, 0.06052, 0.11537, 0.03634, -0.59077, -0.11412, -0.36148, -0.31126, 0.85215, -0.7916, 0.57745, 0.11412, 0.36148, -0.31126, -0.85215, 0.7916, 0.57745, -0.53978, -1.28819, 2.86485, -1.04831, -0.25431, -0.54299, -0.14918, -0.53978, 1.28819, 2.86485, 1.04831, -0.25431, 0.54299, -0.19074, -0.57442, 1.07147, -0.45897, -0.19074, -0.57442, 1.07147, -0.45897, -0.16073, -0.19074, -0.57442, 1.07147, -0.45897, -0.19074, -0.57442, 1.07147, -0.45897, -0.16073, 0.8065, -0.8065, 0.80649, -0.80649, -0.16453, -0.50238, 0.99637, -0.88452, 0.44808, 0.50238, -0.99637, 0.88452, 0.44808, -0.50238, 0.99637, -0.88452, 0.44808, 0.16453, 0.50238, -0.99637, 0.88452, 0.44808, 0.13991, -1.00304, -0.29925, 1.75795, 0.42764, -0.76496, -0.4008, 0.13991, -1.00304, 0.29925, 1.75795, -0.42764, -0.76496, -0.4008, 1.0137, -2.21511, 6.04768, -2.26418, 1.5809, -1.0137, -2.21511, -6.04768, -2.26418, -1.5809, -0.32383, 1.26183, -0.14795, -1.24273, 0.32383, -1.26183, 0.14795, -1.24273, -0.32383, 1.26183, -0.14795, -1.24273, 0.32383, -1.26183, 0.14795, -1.24273, -0.11414, -0.15204, 0.78554, -0.49967, -0.40016, 0.56878, -0.10247, -0.56018, -0.05819, -0.11414, 0.15204, 0.78554, 0.49967, -0.40016, -0.56878, 0.10247, -0.56018, -2.03217, 7.08675, -5.78221, 0.4731, 2.40471, 2.03217, -7.08675, -5.78221, -0.4731, -2.40471, 0.13423, 0.11985, -0.26895, 0.26409, 0.13073, -0.13962, 0.16471, 0.77337, -0.63321, -0.20195, -0.13423, 0.26895, 0.26409, -0.13073, -0.13962, -0.16471, 0.77337, -0.63321, 0.20195, 0.79037, -0.32287, 0.79037, -0.32287, 0.79037, -0.32288, 0.79037, -0.32288, -0.05249, 0.7996, -0.38304, -0.11462, -0.05249, -0.7996, 0.38304, -0.11462], [0, 1, 9, 39, 40, 0, 1, 39, 40, 0, 1, 4, 5, 8, 9, 12, 39, 40, 43, 44, 47, 48, 0, 1, 5, 8, 9, 13, 16, 39, 40, 44, 47, 48, 52, 1, 4, 5, 8, 9, 12, 13, 16, 40, 43, 44, 47, 48, 51, 52, 55, 3, 7, 11, 15, 42, 46, 50, 54, 2, 6, 10, 14, 41, 45, 49, 53, 3, 7, 11, 15, 42, 46, 50, 54, 2, 6, 10, 14, 41, 45, 49, 53, 4, 5, 8, 9, 12, 13, 16, 43, 44, 47, 48, 51, 52, 55, 4, 5, 9, 12, 13, 16, 43, 44, 48, 51, 52, 55, 8, 9, 12, 13, 16, 47, 48, 51, 52, 55, 2, 6, 10, 14, 41, 49, 53, 3, 11, 15, 42, 46, 50, 54, 2, 10, 14, 41, 49, 53, 3, 11, 15, 42, 50, 54, 4, 9, 12, 13, 16, 27, 43, 48, 51, 52, 55, 66, 9, 12, 13, 16, 48, 52, 55, 30, 69, 31, 70, 3, 7, 11, 29, 42, 46, 50, 68, 2, 6, 10, 28, 41, 45, 49, 67, 4, 8, 9, 12, 16, 27, 43, 47, 48, 51, 55, 66, 8, 9, 12, 13, 16, 27, 43, 47, 48, 51, 52, 55, 66, 2, 6, 10, 14, 41, 45, 49, 53, 67, 3, 7, 11, 15, 42, 46, 50, 54, 68, 30, 69, 31, 70, 3, 7, 11, 15, 29, 46, 50, 54, 68, 6, 10, 14, 28, 41, 45, 49, 53, 67, 1, 5, 8, 9, 12, 13, 27, 40, 44, 47, 48, 51, 52, 66, 9, 12, 13, 16, 27, 48, 51, 52, 55, 66, 7, 11, 15, 29, 46, 50, 54, 68, 6, 10, 14, 28, 45, 49, 53, 67, 1, 4, 5, 8, 9, 12, 16, 27, 39, 40, 43, 44, 47, 48, 51, 55, 66, 5, 9, 12, 13, 27, 44, 48, 51, 52, 66, 4, 5, 8, 9, 12, 13, 16, 22, 27, 32, 43, 47, 48, 51, 52, 55, 61, 66, 71, 25, 30, 64, 69, 26, 31, 65, 70, 10, 23, 28, 33, 49, 62, 67, 72], [0, 5, 9, 22, 35, 51, 59, 67, 75, 83, 97, 109, 119, 126, 133, 139, 145, 157, 164, 166, 168, 176, 184, 196, 209, 218, 227, 229, 231, 240, 249, 263, 273, 281, 289, 306, 316, 335, 339, 343, 351]], [[0.38757, 0.33364, 0.38757, 0.33364, 0.38757, 0.33351, -0.38757, -0.33351, -0.08569, -0.13903, -0.03125, 0.40494, -0.05177, 0.30261, -0.02995, -0.08569, -0.13903, 0.03125, 0.40494, 0.05177, 0.30261, -0.09217, -0.15026, 0.0344, 0.44676, 0.05048, 0.4116, 0.09217, 0.15026, 0.0344, -0.44676, 0.05048, -0.4116, -0.03138, 0.20674, 0.10503, 0.30803, 0.11118, 0.24805, 0.05941, 0.04969, -0.03138, -0.20674, 0.10503, -0.30803, 0.11118, -0.24805, 0.05941, -0.04969, 0.20673, 0.30178, 0.25667, 0.06488, 0.20673, 0.30178, 0.25667, 0.06488, 0.20673, 0.30178, 0.25667, 0.06488, 0.20673, 0.30178, 0.25667, 0.06488, 0.23165, 0.33619, 0.31467, 0.1388, 