{"molecule": {"atoms_masses": [18.9984033, 18.9984033], "nb_atoms": 2, "starting_geometry": [[0.0, 0.0, 0.686859], [0.0, 0.0, -0.686859]], "atoms_Z": [9, 9], "atoms_Zeff": [-6.75, -6.75], "multiplicity": 2, "chirality": false, "nuclear_spins": [1.0, 1.0], "nuclear_QMom": [0.0, 0.0], "connectivity": {"bond_orders": [1, 1], "atom_pairs": [[0, 1], [1, 0]]}, "charge": 1, "can": "FF", "smi": "FF", "starting_nuclear_repulsion": 31.2024, "inchi": "InChI=1S/F2/c1-2", "formula": "F2+", "nuclear_gfactors": [2.628867, 2.628867], "starting_energy": -198.810492295, "nb_heavy_atoms": 2, "atoms_valence": [1, 1], "monoisotopic_mass": 37.99680644}, "results": {"geometry": {"nuclear_repulsion_energy_from_xyz": 31.2024, "elements_3D_coords_converged": [0.0, 0.0, 0.686859, 0.0, 0.0, -0.686859]}, "excited_states": {}, "freq": {}, "wavefunction": {"SCF_values": [1.47e-09, 3.46e-08, -1.76e-12], "MO_number": 78, "homo_indexes": [8, 7], "virial_ratio": [2.003], "MO_number_kept": 39, "total_molecular_energy": -198.810492295, "MO_energies": [[-692.1648448489794, -692.1634842797271, -52.052114234444, -44.671298153482, -30.324911727421, -29.918373634774, -28.4905922612005, -26.368104227300503, -24.8105245470385, -16.6133669145765, -4.105109548643, -1.952688991188, -1.8800345931045, -1.7129566888975003, 0.46504257050450004, 0.9379764426735, 1.1007005252725, 5.124992260317001, 14.478905871254499, 14.482443351311002, 15.678111610408001, 16.254720859617503, 22.583816908397, 22.725860338358, 22.760963025072503, 22.7702148959895, 23.095390947337002, 23.220563318567, 24.512559880740998, 25.117196856552, 28.976859712044003, 30.226950741240998, 36.082568690150495, 36.639313628273506, 37.298645488035, 67.4932146810665, 101.59724356423149, 107.30211043996401, 107.347825566848], [-691.6374882067105, -691.6347670682055, -50.8997120775765, -43.136031808961, -29.796194515899497, -28.0606523774105, -26.3027969031805, -24.301943760454, -19.8928830408025, -15.986960830725499, -4.0155840918285, -1.8087407642735, -1.6930923778109999, -1.6569012356945, 0.472389644468, 1.1175715840035, 1.184239477376, 5.192476495240999, 14.799728100994, 14.818776070529, 16.2242441083615, 16.26696598289, 22.8545701896445, 23.256482346833, 23.279612024125502, 23.313898369288502, 23.371858619445, 23.6627483256295, 25.2616893111675, 25.566728937578, 29.428024476173004, 30.543691263223, 36.694552739925, 36.712512254058, 37.662189592303, 67.893494155152, 102.1164367909855, 108.6536999353975, 108.736150432099]], "MO_coefs": [[[0.38739, 0.33375, 0.38739, 0.33375, 0.38738, 0.3336, -0.38738, -0.3336, 0.01249, -0.08834, -0.14414, -0.04509, 0.44097, -0.07532, 0.2736, -0.03823, -0.08834, -0.14414, 0.04509, 0.44097, 0.07532, 0.2736, 0.03823, -0.01593, -0.09741, -0.15957, 0.49702, 0.03592, 0.40538, -0.03383, -0.08776, 0.03404, 0.09741, 0.15957, -0.49702, 0.03592, -0.40538, 0.08776, 0.03404, -0.02641, -0.0438, 0.22266, 0.14871, 0.33764, 0.13151, 0.21525, -0.02351, -0.02641, -0.0438, -0.22266, 0.14871, -0.33764, 0.13151, -0.21525, 0.23588, 0.34823, 0.23258, 0.23588, 0.34823, 0.23258, 0.23272, 0.34179, 0.2398, 0.23272, 0.34179, 0.2398, 0.25906, 0.37924, 0.27206, -0.25906, -0.37924, -0.27206, 0.25669, 0.37402, 0.28147, -0.25669, -0.37402, -0.28147, 0.04251, 0.27154, -0.15379, 0.40049, -0.19066, 0.35511, 0.0406, -0.04251, 0.27154, 0.15379, 0.40049, 0.19066, 0.35511, 0.0406, 0.04974, -0.16802, -0.60495, -0.04459, 0.91928, 0.06486, 0.04974, -0.16802, -0.60495, 0.04459, 0.91928, -0.06486, -0.09267, -0.11944, -0.21917, 0.65908, -0.11944, -0.21917, 0.65908, -0.08023, -0.12722, -0.09587, -0.13957, -0.34309, -0.58483, 1.14341, -0.08023, 0.12722, -0.09587, 0.13957, -0.34309, 0.58483, 1.14341, -0.09274, -0.11733, -0.23416, 0.66521, -0.11733, -0.23416, 0.66521, -0.05875, -0.07366, 0.25446, -0.19981, 0.11621, 1.10362, 0.07366, 0.25446, 0.19981, 0.11621, -1.10362, -0.07344, -0.087, -0.22312, 1.44403, 0.087, 0.22312, -1.44403, -0.0864, -0.2375, 1.45354, 0.07427, 0.0864, 0.2375, -1.45354, -0.65335, 10.03794, -4.41102, 0.65335, -10.03794, -4.41102, -0.01402, 0.03348, -0.01194, -0.01668, 0.02524, -0.01656, 0.63179, -0.01402, 0.03348, 0.01194, -0.01668, -0.02524, -0.01656, 0.63179, 0.63201, 0.63201, 0.09193, 0.19769, -0.17487, 0.12342, 0.54408, 0.09193, 0.19769, -0.17487, 0.12342, -0.54408, 0.09011, 0.19166, -0.15129, 0.10874, 0.54981, 0.09011, 0.19166, -0.15129, 0.10874, -0.54981, -0.17117, -0.49227, 1.09804, -0.52723, 0.25792, -0.49227, 1.09804, -0.52723, -0.25792, 0.10664, 0.33649, 0.37024, -0.88534, 0.92046, -0.56148, -0.10664, -0.33649, 0.37024, 0.88534, -0.92046, -0.56148, 0.02399, 0.03686, -0.0528, -0.27755, 0.14109, -0.03093, 0.79366, 0.02399, -0.03686, -0.0528, 0.27755, 0.14109, 0.03093, -0.79366, 0.79505, -0.79505, -0.14497, -0.49366, -1.00994, 2.62532, -0.63807, -0.48993, -0.39872, -0.14497, -0.49366, 1.00994, 2.62532, 0.63807, -0.48993, 0.39872, -0.50236, 1.09819, -0.52312, 0.2481, -0.17384, -0.50236, 1.09819, -0.52312, -0.2481, -0.16071, -0.46469, 1.09613, -1.05553, 0.38139, 0.46469, -1.09613, 1.05553, 0.38139, -0.16106, -0.46794, 1.08089, -1.04225, 0.39486, 0.46794, -1.08089, 1.04225, 0.39486, 0.13767, -1.02094, -0.26087, 1.82868, 0.41762, -0.83955, -0.35389, 0.13767, -1.02094, 0.26087, 1.82868, -0.41762, -0.83955, -0.35389, 0.68466, -2.13016, 6.97091, -2.62731, 1.50026, -0.68466, -2.13016, -6.97091, -2.62731, -1.50026, 0.28418, -1.20752, 0.12227, 1.2423, -0.28418, 1.20752, -0.12227, 1.2423, 0.29096, -1.21906, 0.13023, 1.24082, -0.29096, 1.21906, -0.13023, 1.24082, -0.10446, -0.1673, 0.72506, -0.49441, -0.3356, 0.57296, -0.10989, -0.56857, -0.05357, -0.10446, 0.1673, 0.72506, 0.49441, -0.3356, -0.57296, 0.10989, -0.56857, -2.00083, 7.13433, -5.91485, 0.63619, 2.46101, 2.00083, -7.13433, -5.91485, -0.63619, -2.46101, 0.14188, 0.12577, -0.28006, 0.27984, 0.13222, -0.14709, 0.17699, 0.76114, -0.65776, -0.21202, -0.14188, 0.12577, 0.28006, 0.27984, -0.13222, -0.14709, -0.17699, 0.76114, -0.65776, 0.21202, 0.78895, -0.33601, 0.78895, -0.33601, -0.02724, 0.02846, 0.06699, 0.78572, -0.05484, -0.33452, -0.02165, 0.02724, 0.02846, 0.06699, 0.78572, -0.05484, -0.33452, 0.02165], [0, 1, 39, 40, 0, 1, 39, 40, 48, 0, 1, 4, 5, 8, 9, 12, 39, 40, 43, 44, 47, 48, 51, 52, 0, 1, 5, 8, 9, 12, 13, 16, 39, 40, 44, 47, 48, 52, 55, 0, 1, 4, 5, 8, 9, 12, 27, 39, 40, 43, 44, 47, 48, 51, 2, 6, 10, 41, 45, 49, 3, 7, 11, 42, 46, 50, 2, 6, 10, 41, 45, 49, 3, 7, 11, 42, 46, 50, 1, 4, 5, 8, 9, 12, 16, 40, 43, 44, 47, 48, 51, 55, 1, 5, 9, 12, 13, 16, 40, 44, 48, 51, 52, 55, 2, 6, 10, 14, 45, 49, 53, 4, 5, 8, 9, 12, 13, 16, 43, 44, 47, 48, 51, 52, 55, 3, 7, 11, 15, 46, 50, 54, 4, 8, 9, 12, 13, 16, 47, 48, 51, 52, 55, 2, 6, 10, 14, 45, 49, 53, 7, 11, 15, 42, 46, 50, 54, 9, 13, 16, 48, 52, 55, 5, 9, 12, 13, 16, 27, 30, 44, 48, 51, 52, 55, 66, 69, 31, 70, 2, 6, 10, 14, 28, 41, 45, 49, 53, 67, 3, 7, 11, 15, 29, 42, 46, 50, 54, 68, 2, 6, 10, 14, 28, 45, 49, 53, 67, 4, 8, 9, 12, 16, 27, 43, 47, 48, 51, 55, 66, 8, 9, 12, 13, 16, 27, 30, 47, 48, 51, 52, 55, 66, 69, 31, 70, 4, 8, 9, 12, 13, 16, 27, 43, 47, 48, 51, 52, 55, 66, 7, 11, 15, 29, 42, 46, 50, 54, 68, 2, 6, 10, 14, 28, 45, 49, 53, 67, 3, 7, 11, 15, 29, 46, 50, 54, 68, 1, 5, 8, 9, 12, 13, 27, 40, 44, 47, 48, 51, 52, 66, 9, 12, 13, 16, 27, 48, 51, 52, 55, 66, 6, 10, 14, 28, 45, 49, 53, 67, 7, 11, 15, 29, 46, 50, 54, 68, 1, 4, 5, 8, 9, 12, 16, 27, 39, 40, 43, 44, 47, 48, 51, 55, 66, 5, 9, 12, 13, 27, 44, 48, 51, 52, 66, 4, 5, 8, 9, 12, 13, 16, 22, 27, 32, 43, 44, 47, 48, 51, 52, 55, 61, 66, 71, 26, 31, 65, 70, 8, 9, 22, 25, 27, 30, 32, 47, 48, 61, 64, 66, 69, 71], [0, 4, 9, 24, 39, 54, 60, 66, 72, 78, 92, 104, 111, 125, 132, 143, 150, 157, 163, 177, 179, 189, 199, 208, 220, 234, 236, 250, 259, 268, 277, 291, 301, 309, 317, 334, 344, 364, 368, 382]], [[0.38766, 0.33367, 0.38766, 0.33367, 0.38766, 0.33355, -0.38766, -0.33355, -0.08707, -0.14175, -0.04749, 0.42934, -0.07866, 0.27709, -0.04249, 0.01755, -0.08707, -0.14175, 0.04749, 0.42934, 0.07866, 0.27709, 0.04249, -0.09656, -0.1579, 0.48791, 0.03934, 0.41685, -0.03535, 