{"molecule": {"atoms_masses": [18.9984033, 18.9984033], "nb_atoms": 2, "starting_geometry": [[0.0, 0.0, 0.686859], [0.0, 0.0, -0.686859]], "atoms_Z": [9, 9], "atoms_Zeff": [-6.75, -6.75], "multiplicity": 1, "chirality": false, "nuclear_spins": [1.0, 1.0], "nuclear_QMom": [0.0, 0.0], "connectivity": {"bond_orders": [1, 1], "atom_pairs": [[0, 1], [1, 0]]}, "charge": 0, "can": "FF", "smi": "FF", "starting_nuclear_repulsion": 31.2024, "inchi": "InChI=1S/F2/c1-2", "formula": "F2", "nuclear_gfactors": [2.628867, 2.628867], "starting_energy": -199.38902487, "nb_heavy_atoms": 2, "atoms_valence": [1, 1], "monoisotopic_mass": 37.99680644}, "results": {"geometry": {"nuclear_repulsion_energy_from_xyz": 31.2024, "elements_3D_coords_converged": [0.0, 0.0, 0.686859, 0.0, 0.0, -0.686859]}, "excited_states": {"et_oscs": [0.0, 0.0, 0.0, 0.0, 0.0, 0.0, 0.0, 0.0, 0.0, 0.0], "et_rot": [0.0, 0.0, 0.0, 0.0, 0.0, 0.0, 0.0, 0.0, 0.0, 0.0], "et_transitions": [[[[7, 0], [9, 0], 1.005859396237864]], [[[8, 0], [9, 0], 1.005859396237864]], [[[4, 0], [9, 0], 1.0148537944945568]], [[[6, 0], [9, 0], 0.9974306834061203]], [[[5, 0], [9, 0], 0.9974306834061203]], [[[8, 0], [10, 0], 0.9931597584477535]], [[[7, 0], [10, 0], 0.9931597584477535]], [[[6, 0], [10, 0], -0.19780605096912482], [[8, 0], [11, 0], 0.9741527281694592]], [[[5, 0], [10, 0], -0.19782019310474855], [[7, 0], [11, 0], 0.9741527281694592]], [[[7, 0], [13, 0], 0.7015489218864214], [[8, 0], [12, 0], 0.7015489218864214]]], "et_energies": [25911.367586054, 25911.367586054, 57723.487374672, 59279.330868213, 59279.330868213, 104074.55730044401, 104074.55730044401, 115973.65479148099, 115973.65479148099, 117702.10093282799], "et_sym": ["Triplet-?Sym", "Triplet-?Sym", "Triplet-SGU", "Triplet-?Sym", "Triplet-?Sym", "Triplet-?Sym", "Triplet-?Sym", "Triplet-?Sym", "Triplet-?Sym", "Triplet-?Sym"]}, "freq": {}, "wavefunction": {"Mulliken_partial_charges": [0.0, 0.0], "MO_number": 78, "homo_indexes": [8], "SCF_values": [6.43e-11, 8.39e-10, null], "MO_number_kept": 39, "total_molecular_energy": -199.38902487, "MO_energies": [[-677.0777645218575, -677.0766760664555, -38.325058932121, -30.9456034204115, -17.2370518599225, -15.6130764001385, -15.6130764001385, -11.6848408543205, -11.6848408543205, -3.352986865861, 3.4735333016325005, 4.796278728913, 5.3587380578965, 5.3587380578965, 7.405306327507, 7.526941218680501, 7.526941218680501, 11.7751826526865, 24.955561229355002, 24.957466026308502, 27.044579259643502, 27.044579259643502, 32.217735671499, 32.557333756923, 33.1105412149895, 33.1105412149895, 33.136392030787, 33.1393852831425, 34.8030893650995, 34.8030893650995, 39.412425878719, 40.0869961141085, 46.871066520924, 46.871066520924, 49.682002596589, 78.520628472579, 114.37652632526301, 120.9325653253595, 120.9363749192665]], "virial_ratio": [2.0021], "MO_sym": [["sigma.g", "sigma.u", "sigma.g", "sigma.u", "sigma.g", "pi.u", "pi.u", "pi.g", "pi.g", "sigma.u", "sigma.g", "sigma.u", "pi.u", "pi.u", "sigma.g", "pi.g", "pi.g", "sigma.u", "delta.g", "delta.g", "pi.u", "pi.u", "sigma.g", "sigma.u", "pi.u", "pi.u", "delta.u", "delta.u", "pi.g", "pi.g", "sigma.g", "sigma.u", "pi.g", "pi.g", "sigma.g", "sigma.u", "sigma.g", "delta.g", "delta.g"]]}}, "comp_details": {"geometry": {}, "excited_states": {"nb_et_states": 10}, "freq": {}, "general": {"scf_targets": [[1e-08, 1e-06, 1e-06]], "list_theory": ["DFT"], "solvent": "Gas", "package": "Gaussian", "integration_grid": "Default", "package_version": "09revisionD.01", "basis_set_size": 78, "job_type": ["TD"], "functional": "PBE1PBE", "is_closed_shell": "True", "core_electrons_per_atoms": [0, 0], "basis_set_md5": "41b0ebf85e7c2374b54005d77c08e957", "basis_set": "(lp0\n(lp1\n(VS\np2\n(lp3\n(F11427.1\nF0.001800930156\ntp4\na(F1722.35\nF0.01374190119\ntp5\na(F395.746\nF0.06813340591\ntp6\na(F115.139\nF0.2333250202\ntp7\na(F33.6026\nF0.5890860511\ntp8\na(F4.91901\nF0.299505026\ntp9\natp10\na(g2\n(lp11\n(F55.4441\nF0.1145360155\ntp12\na(F12.6323\nF0.9205121249\ntp13\na(F3.71756\nF-0.003378040458\ntp14\natp15\na(VP\np16\n(lp17\n(F55.4441\nF0.03546088738\ntp18\na(F12.6323\nF0.2374509155\ntp19\na(F3.71756\nF0.820457708\ntp20\natp21\na(g2\n(lp22\n(F1.16545\nF1.0\ntp23\natp24\na(g16\n(lp25\n(F1.16545\nF1.0\ntp26\natp27\na(g2\n(lp28\n(F0.321892\nF1.0\ntp29\natp30\na(g16\n(lp31\n(F0.321892\nF1.0\ntp32\natp33\na(g2\n(lp34\n(F0.1076\nF1.0\ntp35\natp36\na(g16\n(lp37\n(F0.1076\nF1.0\ntp38\natp39\na(VD\np40\n(lp41\n(F7.0\nF1.0\ntp42\natp43\na(g40\n(lp44\n(F1.75\nF1.0\ntp45\natp46\na(g40\n(lp47\n(F0.4375\nF1.0\ntp48\natp49\na(VF\np50\n(lp51\n(F1.85\nF1.0\ntp52\natp53\naa(lp54\n(g2\n(lp55\n(F11427.1\nF0.001800930156\ntp56\na(F1722.35\nF0.01374190119\ntp57\na(F395.746\nF0.06813340591\ntp58\na(F115.139\nF0.2333250202\ntp59\na(F33.6026\nF0.5890860511\ntp60\na(F4.91901\nF0.299505026\ntp61\natp62\na(g2\n(lp63\n(F55.4441\nF0.1145360155\ntp64\na(F12.6323\nF0.9205121249\ntp65\na(F3.71756\nF-0.003378040458\ntp66\natp67\na(g16\n(lp68\n(F55.4441\nF0.03546088738\ntp69\na(F12.6323\nF0.2374509155\ntp70\na(F3.71756\nF0.820457708\ntp71\natp72\na(g2\n(lp73\n(F1.16545\nF1.0\ntp74\natp75\na(g16\n(lp76\n(F1.16545\nF1.0\ntp77\natp78\na(g2\n(lp79\n(F0.321892\nF1.0\ntp80\natp81\na(g16\n(lp82\n(F0.321892\nF1.0\ntp83\natp84\na(g2\n(lp85\n(F0.1076\nF1.0\ntp86\natp87\na(g16\n(lp88\n(F0.1076\nF1.0\ntp89\natp90\na(g40\n(lp91\n(F7.0\nF1.0\ntp92\natp93\na(g40\n(lp94\n(F1.75\nF1.0\ntp95\natp96\na(g40\n(lp97\n(F0.4375\nF1.0\ntp98\natp99\na(g50\n(lp100\n(F1.85\nF1.0\ntp101\natp102\naa.", "last_theory": "DFT", "all_unique_theory": ["DFT"]}}, "metadata": {"archivable_for_new_entry": "False", "archivable": "True", "parser_version": "v7.1", "log_file": "TD_T.log"}}
