{"molecule": {"atoms_masses": [57.9353471], "nb_atoms": 1, "starting_geometry": [[0.0, 0.0, 0.0]], "atoms_Z": [28], "atoms_Zeff": [0.0], "multiplicity": 3, "chirality": false, "nuclear_spins": [0.0], "nuclear_QMom": [0.0], "connectivity": {"bond_orders": [], "atom_pairs": []}, "charge": 0, "can": "[Ni]", "smi": "[Ni]", "starting_nuclear_repulsion": 0.0, "inchi": "InChI=1S/Ni", "formula": "Ni", "nuclear_gfactors": [0.0], "starting_energy": -1507.9604709, "nb_heavy_atoms": 1, "atoms_valence": [0], "monoisotopic_mass": 57.9353429}, "results": {"geometry": {"geometric_values": [[0.0, 0.0, 0.0, 0.0]], "nuclear_repulsion_energy_from_xyz": 0.0, "elements_3D_coords_converged": [0.0, 0.0, 0.0], "OPT_DONE": true}, "excited_states": {}, "freq": {}, "wavefunction": {"SCF_values": [2.53e-09, 6.8e-08, 1.14e-12], "MO_number": 81, "homo_indexes": [14, 12], "virial_ratio": [2.0006], "MO_number_kept": 45, "total_molecular_energy": -1507.9604709, "MO_energies": [[-8165.670522479094, -974.2856822011171, -849.9655715508829, -849.00609811402, -849.00609811402, -109.5848735318085, -72.1762940481715, -70.246190506575, -70.246190506575, -8.7198883392725, -7.247752408067499, -7.247752408067499, -6.5772638804355, -6.5772638804355, -5.3059479708995, -0.43184468074349996, -0.273746533603, -0.273746533603, 0.349394184042, 5.616974102021, 5.693165980161, 5.892897546428, 5.892897546428, 7.851573042327001, 8.0259980204975, 8.0259980204975, 8.1865451922925, 8.1865451922925, 33.044961777019005, 33.125507476767005, 33.125507476767005, 33.347008151074, 33.347008151074, 33.491228491839, 33.491228491839, 43.2701839372575, 43.9907414133815, 43.9907414133815, 44.404082352291, 44.404082352291, 48.136395925749, 49.088250174798, 49.088250174798, 88.97224935643351, 111.90437199347049], [-8165.6365082477805, -973.6394118061794, -849.062697794924, -848.6803778349715, -848.6803778349715, -108.07300897843051, -69.375970412676, -69.2684854417285, -69.2684854417285, -6.619985754964, -6.619985754964, -5.6488114225295, -5.6488114225295, -2.5369174282115, -0.22558238206450001, 0.649263647293, 0.649263647293, 0.672665438436, 0.8944382265935001, 6.574270628080001, 6.8210778904835, 6.878493912939001, 6.878493912939001, 8.7732226539705, 8.7732226539705, 8.9533620230015, 8.9533620230015, 9.430921830629, 34.169336207285, 34.169336207285, 34.343761185455506, 34.343761185455506, 34.4792738830045, 34.4792738830045, 34.484444046164, 44.748034259323, 44.748034259323, 45.3006974896885, 45.3006974896885, 45.891456659124, 49.639552835911, 49.8765639996965, 49.8765639996965, 90.11485541468299, 113.404535651277]], "MO_coefs": [[[0.49594, 0.40272, 0.19506, -0.17006, -0.24962, -0.08341, 0.50784, 0.60475, 0.75204, 0.29288, 0.055, 0.75255, 0.29246, 0.05473, 0.75255, 0.29246, 0.05473, 0.06537, 0.10162, -0.31875, -0.48385, 0.68312, 0.58108, -0.31095, -0.09041, 0.38449, 0.53356, 0.24276, -0.31033, -0.08953, 0.38344, 0.53041, 0.24699, -0.31033, -0.08953, 0.38344, 0.53041, 0.24699, 0.231, 0.4001, 0.21933, 0.37988, 0.16701, 0.28928, 0.0579, 0.10028, 0.45336, 0.43005, 0.34164, 0.14041, 0.45336, 0.43005, 0.34164, 0.14041, 0.38973, -0.22501, 0.36959, -0.21338, 0.29736, -0.17168, 0.13107, 0.45003, 0.42677, 0.34336, 0.15135, 0.07228, 0.11526, -0.2062, -0.28309, 0.59044, 0.52749, 0.02365, -0.05468, -0.10028, 0.27769, 0.79809, -0.05188, -0.09454, 0.24482, 0.82488, -0.05188, -0.09454, 0.24482, 0.82488, 0.07449, 0.09155, -0.13813, -0.94416, 1.51586, -0.11389, -0.11721, -0.11561, 1.37557, -1.08822, 0.15481, 0.44523, -2.37424, 2.89622, -1.1012, -0.11534, -0.11258, -0.12926, 1.38884, -1.06975, -0.11534, -0.11258, -0.12926, 1.38884, -1.06975, 0.06071, -0.08027, -0.13904, -0.06235, -0.10799, -0.08937, -0.15479, 0.52264, 0.90523, -0.17119, -0.13413, -0.197, 1.04545, -0.17119, -0.13413, -0.197, 1.04545, -0.15197, 0.08774, -0.11925, -0.17772, 0.10261, 0.90531, -0.52268, -0.17548, -0.13769, -0.20521, 1.04536, -0.03253, 0.02909, -0.02271, -0.02932, 0.62143, 0.80226, 0.02477, -0.03711, 0.25387, 0.98324, -0.02347, -0.0303, 0.62186, 0.80281, -0.04067, 1.01656, -0.03215, 0.80366, -0.62251, -0.03253, 0.80382, -0.62264, -0.03984, 0.98448, -0.25419, -0.17658, -0.30584, -0.24868, -0.43073, 0.62764, 1.0871, -0.26161, -0.45312, -0.35668, -0.50614, 1.25211, -0.51764, -0.35668, -0.50614, 1.25211, -0.51764, -0.30989, 0.17891, -0.44097, 0.25459, 1.08332, -0.62546, -0.4459, 0.25744, -0.35782, -0.50919, 1.25091, -0.51489, 0.2039, -1.28933, 1.94449, -0.96611, 0.37097, 0.20475, -1.29789, 1.94625, -0.95701, 0.36646, 0.20475, -1.29789, 1.94625, -0.95701, 0.36646, -0.98309, 3.05476, -2.79522, 1.28694, -0.86437, 0.2588, 0.0356, 0.67497, 0.87139, -0.30223, -0.39018], [0, 1, 2, 0, 1, 2, 3, 4, 11, 14, 17, 10, 13, 16, 12, 15, 18, 0, 1, 3, 4, 5, 6, 11, 14, 17, 20, 23, 10, 13, 16, 19, 22, 12, 15, 18, 21, 24, 31, 34, 36, 39, 41, 44, 46, 49, 35, 40, 45, 50, 33, 38, 43, 48, 31, 34, 36, 39, 41, 44, 46, 32, 37, 42, 47, 3, 4, 5, 6, 7, 8, 9, 17, 20, 26, 29, 16, 19, 25, 28, 18, 21, 27, 30, 5, 6, 7, 8, 9, 17, 20, 23, 26, 29, 5, 6, 7, 8, 9, 16, 19, 22, 25, 28, 18, 21, 24, 27, 30, 7, 31, 34, 36, 39, 41, 44, 46, 49, 35, 40, 45, 50, 33, 38, 43, 48, 31, 34, 36, 41, 44, 46, 49, 32, 37, 42, 47, 23, 26, 60, 64, 67, 71, 56, 63, 66, 70, 58, 61, 65, 68, 62, 69, 60, 67, 71, 58, 65, 68, 59, 66, 70, 31, 34, 36, 39, 41, 44, 46, 49, 35, 40, 45, 50, 33, 38, 43, 48, 31, 34, 36, 39, 41, 44, 46, 49, 32, 37, 42, 47, 11, 20, 23, 26, 29, 10, 19, 22, 25, 28, 12, 21, 24, 27, 30, 4, 5, 6, 7, 8, 9, 57, 60, 64, 67, 71], [0, 3, 8, 11, 14, 17, 23, 28, 33, 38, 46, 50, 54, 61, 65, 72, 76, 80, 84, 89, 94, 99, 104, 109, 118, 122, 126, 133, 137, 143, 147, 151, 153, 156, 159, 162, 170, 174, 178, 186, 190, 195, 200, 205, 211, 216]], [[0.49594, 0.40272, 0.19506, -0.17013, -0.24969, -0.08357, 0.50872, 0.60433, 0.75287, 0.29246, 0.05416, 0.75284, 0.29232, 0.05443, 0.75284, 0.29232, 0.05443, 0.06525, 0.10147, -0.31837, -0.48258, 0.68016, 0.58339, -0.30998, -0.08929, 0.38237, 0.5334, 0.24491, -0.31008, -0.08902, 0.3823, 0.53139, 0.24709, -0.31008, -0.08902, 0.3823, 0.53139, 0.24709, 0.45508, 0.43285, 0.33985, 0.1337, 0.45508, 0.43285, 0.33985, 0.1337, 0.44981, 0.42815, 0.34256, 0.15006, 0.38955, -0.2249, 0.37079, -0.21407, 0.29667, -0.17128, 0.12996, 0.06611, 0.1058, -0.18895, -0.25517, 0.45893, 0.59292, 0.09146, 0.20877, 0.3616, 0.20238, 0.35054, 0.1723, 0.29844, 0.12373, 0.21431, -0.04698, -0.08801, 0.18596, 0.86957, -0.04698, -0.08801, 0.18596, 0.86957, -0.04762, -0.08939, 0.19778, 0.86063, 0.08191, 0.08939, -1.13846, 1.56691, 0.16382, 0.4699, -2.4097, 2.81415, -1.02402, -0.11661, -0.11442, -0.12933, 1.39656, -1.04119, -0.11759, -0.1137, -0.13248, 1.3996, -1.0341, -0.11759, -0.1137, -0.13248, 1.3996, -1.0341, -0.16694, -0.12904, -0.19815, 1.04804, -0.16694, -0.12904, -0.19815, 1.04804, -0.17329, -0.13449, -0.21041, 1.04795, -0.15008, 0.08665, -0.11647, -0.18222, 0.10521, 0.90755, -0.52398, -0.04584, -0.10646, -0.18439, -0.08741, -0.1514, -0.12896, -0.22337, 0.51599, 0.89373, -0.0304, 0.80288, -0.62191, -0.03845, 1.01558, 0.01731, 0.02444, -0.03931, 0.25413, 0.98421, 0.01996, -0.02486, -0.0321, 0.62246, 0.80361, -0.03192, 0.80356, -0.62243, -0.03909, 0.98415, -0.25411, 0.01986, -0.02586, -0.03338, 0.62292, 0.80419, -0.35658, -0.50482, 1.25205, -0.5142, -0.35658, -0.50482, 1.25205, -0.5142, -0.35834, -0.5096, 1.25017, -0.51008, -0.31034, 0.17917, -0.44132, 0.2548, 1.08268, -0.62509, -0.44174, 0.25504, -0.18329, -0.31747, -0.2628, -0.45518, 0.6211, 1.07578, -0.25233, -0.43705, 0.20439, -1.29663, 1.94598, -0.95659, 0.36646, 0.20492, -1.2985, 1.94602, -0.95464, 0.36545, 0.20492, -1.2985, 1.94602, -0.95464, 0.36545, -0.98412, 3.05627, -2.79388, 1.28215, -0.85979, 0.25688, 1.10323, -0.49272], [0, 1, 2, 0, 1, 2, 3, 4, 11, 14, 17, 10, 13, 16, 12, 15, 18, 0, 1, 3, 4, 5, 6, 11, 14, 17, 20, 23, 10, 13, 16, 19, 22, 12, 15, 18, 21, 24, 35, 40, 45, 50, 33, 38, 43, 48, 32, 37, 42, 47, 31, 34, 36, 39, 41, 44, 46, 3, 4, 5, 6, 7, 8, 9, 31, 34, 36, 39, 41, 44, 46, 49, 18, 21, 27, 30, 16, 19, 25, 28, 17, 20, 26, 29, 5, 6, 8, 9, 5, 6, 7, 8, 