{"molecule": {"atoms_masses": [57.9353471], "nb_atoms": 1, "starting_geometry": [[0.0, 0.0, 0.0]], "atoms_Z": [28], "atoms_Zeff": [-25.48], "multiplicity": 2, "chirality": false, "nuclear_spins": [0.0], "nuclear_QMom": [0.0], "connectivity": {"bond_orders": [], "atom_pairs": []}, "charge": 1, "can": "[Ni]", "smi": "[Ni]", "starting_nuclear_repulsion": 0.0, "inchi": "InChI=1S/Ni", "formula": "Ni+", "nuclear_gfactors": [0.0], "starting_energy": -1507.6793632299998, "nb_heavy_atoms": 1, "atoms_valence": [0], "monoisotopic_mass": 57.9353429}, "results": {"geometry": {"nuclear_repulsion_energy_from_xyz": 0.0, "elements_3D_coords_converged": [0.0, 0.0, 0.0]}, "excited_states": {}, "freq": {}, "wavefunction": {"SCF_values": [9.62e-09, 3.88e-07, -2.27e-12], "MO_number": 81, "homo_indexes": [13, 12], "virial_ratio": [2.0006], "MO_number_kept": 44, "total_molecular_energy": -1507.6793632299998, "MO_energies": [[-8174.102242250686, -982.4934522737485, -858.2212336612025, -857.2443449379076, -857.2443449379076, -118.00244338317549, -80.6874710641105, -78.732333048268, -78.732333048268, -17.166030144942, -15.6854586843715, -15.6854586843715, -14.9904799101945, -14.9904799101945, -10.038552058795501, -5.6754785798785, -5.4648624595915, -5.4648624595915, -2.729846148216, 0.4819136292355, 0.6821894232035, 0.6821894232035, 0.9475004274409999, 1.9883359056035, 2.1409917757340002, 2.1409917757340002, 2.2854842303494998, 2.2854842303494998, 25.727276109373, 25.798569938204, 25.798569938204, 26.0040158953315, 26.0040158953315, 26.1574881070135, 26.1574881070135, 35.5007892777815, 36.184611384088, 36.184611384088, 36.602578258456006, 36.602578258456006, 40.235842390332, 41.184975500876, 41.184975500876, 80.895093932042], [-8174.106323958444, -981.836841552492, -857.3004003911105, -856.900120917025, -856.900120917025, -116.49710956220949, -77.8618408405185, -77.718981069006, -77.718981069006, -15.154020334344999, -15.154020334344999, -14.157811527664501, -14.157811527664501, -9.8219494337975, -8.665737683023, -5.421052129661001, -5.421052129661001, -5.419419446558, -2.6999136246610003, 0.7102171498050001, 0.733074713247, 0.733074713247, 1.048726779827, 2.1981356843390003, 2.1981356843390003, 2.3755539148650002, 2.3755539148650002, 2.8090312787115, 25.9648315008595, 25.9648315008595, 26.176808190398997, 26.176808190398997, 26.2973546261705, 26.2973546261705, 26.374907073563, 36.412098563106, 36.412098563106, 36.978095372146, 36.978095372146, 37.6064062529505, 41.305794050498, 41.5406283034795, 41.5406283034795, 81.7367420716385]], "MO_coefs": [[[0.49595, 0.40273, 0.19505, -0.17006, -0.24962, -0.08338, 0.50778, 0.60477, 0.75205, 0.29284, 0.05504, 0.75257, 0.29241, 0.05477, 0.75257, 0.29241, 0.05477, 0.06527, 0.10145, -0.31828, -0.48252, 0.67849, 0.58479, -0.31057, -0.09002, 0.3827, 0.53399, 0.2445, -0.30998, -0.08916, 0.38175, 0.53076, 0.24877, -0.30998, -0.08916, 0.38175, 0.53076, 0.24877, 0.23258, 0.40285, 0.22208, 0.38466, 0.16897, 0.29266, 0.0426, 0.07379, 0.45785, 0.43638, 0.34764, 0.10283, 0.45785, 0.43638, 0.34764, 0.10283, 0.39416, -0.22757, 0.37542, -0.21675, 0.30332, -0.17512, 0.096, 0.45514, 0.4335, 0.35024, 0.11085, -0.02444, 0.07992, 0.12926, -0.23228, -0.31627, 0.78106, 0.37561, 0.05605, -0.07667, -0.13383, 0.55639, 0.55107, 0.05393, -0.07398, -0.12597, 0.52522, 0.58341, 0.05393, -0.07398, -0.12597, 0.52522, 0.58341, -0.05321, 0.0946, 0.15698, -0.61709, -0.20178, 1.2189, -0.09697, -0.12727, -0.06495, 1.26121, -1.22403, -0.09893, -0.12367, -0.07883, 1.28312, -1.21081, -0.09893, -0.12367, -0.07883, 1.28312, -1.21081, 0.14879, 0.36916, -2.22458, 3.05355, -1.42079, 0.08861, -0.09652, -0.07624, -0.13205, -0.06152, -0.10656, -0.07154, -0.1239, 0.51856, 0.89817, -0.16039, -0.13007, -0.15909, 1.03923, -0.16039, -0.13007, -0.15909, 1.03923, -0.14152, 0.08171, -0.11468, -0.14444, 0.08339, 0.90076, -0.52006, -0.16342, -0.13242, -0.16678, 1.04011, 0.02137, -0.03237, 0.02935, -0.02267, 0.61914, 0.79931, 0.02426, -0.02901, 0.25295, 0.97966, 0.0198, -0.02369, 0.61959, 0.79989, -0.03249, 1.01296, -0.02569, 0.80082, -0.62031, -0.02613, 0.80101, -0.62046, -0.03201, 0.98104, -0.2533, -0.17609, -0.30499, -0.24614, -0.42632, 0.62855, 1.08867, -0.27176, -0.4707, -0.35556, -0.5012, 1.25423, -0.53778, -0.35556, -0.5012, 1.25423, -0.53778, -0.30888, -0.43676, 0.25216, 1.08524, -0.62656, -0.46302, 0.26732, -0.35667, -0.50432, 1.25312, -0.53465, 0.20273, -1.28251, 1.94449, -0.99999, 0.39533, 0.20364, -1.29159, 1.94664, -0.98995, 0.39001, 0.20364, -1.29159, 1.94664, -0.98995, 0.39001, -0.98255, 3.05373, -2.79893, 1.31015, -0.88991, 0.26865], [0, 1, 2, 0, 1, 2, 3, 4, 11, 14, 17, 10, 13, 16, 12, 15, 18, 0, 1, 3, 4, 5, 6, 11, 14, 17, 20, 23, 10, 13, 16, 19, 22, 12, 15, 18, 21, 24, 31, 34, 36, 39, 41, 44, 46, 49, 35, 40, 45, 50, 33, 38, 43, 48, 31, 34, 36, 39, 41, 44, 46, 32, 37, 42, 47, 1, 3, 4, 5, 6, 7, 8, 11, 17, 20, 26, 29, 10, 16, 19, 25, 28, 12, 18, 21, 27, 30, 4, 5, 6, 7, 8, 9, 17, 20, 23, 26, 29, 16, 19, 22, 25, 28, 18, 21, 24, 27, 30, 5, 6, 7, 8, 9, 7, 8, 31, 34, 36, 39, 41, 44, 46, 49, 35, 40, 45, 50, 33, 38, 43, 48, 31, 34, 36, 41, 44, 46, 49, 32, 37, 42, 47, 20, 23, 26, 64, 67, 71, 56, 63, 66, 70, 54, 61, 65, 68, 62, 69, 60, 67, 71, 58, 65, 68, 59, 66, 70, 31, 34, 36, 39, 41, 44, 46, 49, 35, 40, 45, 50, 33, 38, 43, 48, 31, 36, 39, 41, 44, 46, 49, 32, 37, 42, 47, 11, 20, 23, 26, 29, 10, 19, 22, 25, 28, 12, 21, 24, 27, 30, 4, 5, 6, 7, 8, 9], [0, 3, 8, 11, 14, 17, 23, 28, 33, 38, 46, 50, 54, 61, 65, 72, 77, 82, 87, 93, 98, 103, 108, 113, 123, 127, 131, 138, 142, 148, 152, 156, 158, 161, 164, 167, 175, 179, 183, 190, 194, 199, 204, 209, 215]], [[0.49595, 0.40273, 0.19505, -0.17014, -0.24971, -0.08355, 0.5088, 0.60424, 0.75293, 0.29238, 0.05419, 0.75291, 0.29222, 0.05446, 0.75291, 0.29222, 0.05446, 0.06516, 0.10131, -0.3181, -0.48111, 0.67595, 0.58636, -0.30935, -0.08901, 0.38099, 0.53181, 0.24831, -0.30942, -0.08873, 0.38088, 0.5296, 0.25073, -0.30942, -0.08873, 0.38088, 0.5296, 0.25073, 0.45483, 0.43332, 0.35106, 0.11028, 0.45483, 0.43332, 0.35106, 0.11028, 0.45009, 0.42893, 0.35494, 0.12336, 0.38979, -0.22504, 0.37146, -0.21446, 0.30739, -0.17747, 0.10684, 0.07891, 0.12574, -0.22319, -0.31776, 0.75384, 0.40446, 0.21159, 0.36649, 0.20484, 0.35478, 0.18231, 0.31576, 0.0981, 0.16992, 0.05315, -0.0729, -0.12316, 0.5145, 0.59448, 0.05315, -0.0729, -0.12316, 0.5145, 0.59448, 0.05344, -0.07321, -0.12494, 0.5237, 0.58533, 0.09142, 0.1581, -0.59358, -0.24938, 1.23945, -0.09846, -0.12275, -0.08117, 1.28535, -1.21021, -0.09942, -0.12224, -0.0845, 1.2909, -1.20613, -0.09942, -0.12224, -0.0845, 1.2909, -1.20613, 0.14599, 0.38219, -2.24608, 3.04899, -1.40356, -0.1636, -0.13309, -0.16515, 1.03948, -0.1636, -0.13309, -0.16515, 1.03948, -0.16846, -0.13707, -0.17724, 1.04057, -0.14589, 0.08423, -0.11871, -0.1535, 0.08862, 0.90116, -0.52028, -0.06398, -0.09918, -0.17178, -0.08386, -0.14525, -0.10917, -0.18909, 0.51629, 0.89423, -0.02599, 0.80095, -0.62042, -0.03288, 1.01313, 0.01838, 0.02394, -0.03382, 0.25351, 0.9818, 0.01955, -0.02139, -0.02761, 0.62095, 0.80164, -0.02756, 0.80166, -0.62096, -0.03375, 0.98182, -0.25351, 0.01945, -0.02232, -0.02882, 0.62137, 0.80219, -0.35668, -0.5046, 1.25315, -0.53596, -0.35668, -0.5046, 1.25315, -0.53596, -0.3585, -0.50952, 1.25129, -0.53124, -0.31047, 0.17925, -0.44126, 0.25476, 1.08365, -0.62564, -0.46006, 0.26562, -0.18334, -0.31755, -0.26253, -0.45472, 0.62169, 1.0768, -0.26235, -0.45441, 0.20337, -1.2937, 1.94738, -0.98789, 0.38902, 0.20393, -1.29602, 1.94758, -0.98566, 0.38786, 0.20393, -1.29602, 1.94758, -0.98566, 0.38786, -0.98417, 3.05583, -2.7972, 1.30278, -0.88419, 0.26686], [0, 1, 2, 0, 1, 2, 3, 4, 11, 14, 17, 10, 13, 16, 12, 15, 18, 0, 1, 3, 4, 5, 6, 11, 14, 17, 20, 23, 10, 13, 16, 19, 22, 12, 15, 18, 21, 24, 35, 40, 45, 50, 33, 38, 43, 48, 32, 37, 42, 47, 31, 34, 36, 39, 41, 44, 46, 3, 4, 5, 6, 7, 8, 31, 34, 36, 39, 41, 44, 46, 49, 12, 18, 21, 27, 30, 10, 16, 19, 25, 28, 11, 17, 20, 26, 29, 5, 6, 7, 8, 9, 17, 20, 23, 26, 29, 16, 19, 22, 25, 28, 18,