{"molecule": {"atoms_masses": [57.9353471], "nb_atoms": 1, "starting_geometry": [[0.0, 0.0, 0.0]], "atoms_Z": [28], "atoms_Zeff": [-25.48], "multiplicity": 2, "chirality": false, "nuclear_spins": [0.0], "nuclear_QMom": [0.0], "connectivity": {"bond_orders": [], "atom_pairs": []}, "charge": -1, "can": "[Ni]", "smi": "[Ni]", "starting_nuclear_repulsion": 0.0, "inchi": "InChI=1S/Ni", "formula": "Ni-", "nuclear_gfactors": [0.0], "starting_energy": -1507.9939924700002, "nb_heavy_atoms": 1, "atoms_valence": [0], "monoisotopic_mass": 57.9353429}, "results": {"geometry": {"nuclear_repulsion_energy_from_xyz": 0.0, "elements_3D_coords_converged": [0.0, 0.0, 0.0]}, "excited_states": {}, "freq": {}, "wavefunction": {"SCF_values": [4.26e-09, 2.37e-07, -7.78e-11], "MO_number": 81, "homo_indexes": [14, 13], "virial_ratio": [2.0006], "MO_number_kept": 45, "total_molecular_energy": -1507.9939924700002, "MO_energies": [[-8159.691909069758, -968.4121047380745, -844.071041321352, -843.133336992529, -843.133336992529, -103.6146956518385, -66.1761836446465, -64.286352952924, -64.286352952924, -2.643858171458, -1.1861442743294999, -1.1861442743294999, -0.5308941223255, -0.5308941223255, 0.41687841896600003, 3.280060353927, 4.168239961959, 4.2947729024415, 4.2947729024415, 10.43284502817, 10.89543857402, 11.221430966919002, 11.221430966919002, 13.1237788957645, 13.337116154556501, 13.337116154556501, 13.4938537324445, 13.4938537324445, 39.3746020534995, 39.477188975138, 39.477188975138, 39.709574203465, 39.709574203465, 39.840188851705, 39.840188851705, 49.4351953341855, 50.15656915186101, 50.15656915186101, 50.558481309049505, 50.558481309049505, 54.2439913002215, 55.1893148168585, 55.1893148168585, 95.02841521316151, 118.08625444912951], [-8159.69326963901, -967.7437931212465, -843.1488474820076, -842.7760515068226, -842.7760515068226, -102.09493979679601, -63.3581726088685, -63.249599182519006, -63.249599182519006, -0.6397396625255, -0.6397396625255, 0.3191895466365, 0.3191895466365, 0.557833393525, 3.3091765359305, 4.229193464471, 4.28307200687, 4.28307200687, 5.6069058895525, 10.615705535706, 11.234492431743, 11.307418943677002, 11.307418943677002, 13.381198598337502, 13.381198598337502, 13.586644555465002, 13.586644555465002, 13.993726875813001, 39.6684850120395, 39.6684850120395, 39.8371955993495, 39.8371955993495, 39.975701549254, 39.975701549254, 40.101690262035504, 50.3914034048425, 50.3914034048425, 50.9530463922745, 50.9530463922745, 51.595235079454504, 55.308228569527, 55.5583011981365, 55.5583011981365, 95.8839411591335, 119.40709507945651]], "MO_coefs": [[[0.49594, 0.40272, 0.19506, -0.17005, -0.2496, -0.08341, 0.50777, 0.60482, 0.75201, 0.29292, 0.05499, 0.75251, 0.29251, 0.05472, 0.75251, 0.29251, 0.05472, 0.06541, 0.10168, -0.3188, -0.48449, 0.68465, 0.58023, -0.31131, -0.09045, 0.38482, 0.53512, 0.24067, -0.31072, -0.08959, 0.38384, 0.53208, 0.24472, -0.31072, -0.08959, 0.38384, 0.53208, 0.24472, 0.23186, 0.4016, 0.22047, 0.38187, 0.16328, 0.2828, 0.06068, 0.1051, 0.4552, 0.43265, 0.33329, 0.14671, 0.4552, 0.43265, 0.33329, 0.14671, 0.39131, -0.22593, 0.37188, -0.2147, 0.28978, -0.16731, 0.13711, 0.45185, 0.4294, 0.33461, 0.15832, 0.05807, 0.09462, -0.17145, -0.21605, 0.37215, 0.45784, 0.34279, 0.10447, 0.08541, 0.08198, -1.47271, 1.61137, 0.02914, -0.03405, -0.08162, 0.03422, 0.97451, 0.02771, -0.03175, -0.07801, 0.99185, 0.02771, -0.03175, -0.07801, 0.99185, 0.17027, 0.49169, -2.42609, 2.68424, -0.89468, -0.12365, -0.11549, -0.1355, 1.41319, -0.9384, -0.12436, -0.11019, -0.14832, 1.41988, -0.92178, -0.12436, -0.11019, -0.14832, 1.41988, -0.92178, 0.05249, -0.07932, -0.13739, -0.05914, -0.10243, -0.09776, -0.16933, 0.52574, 0.91061, -0.16972, -0.12819, -0.21292, 1.05102, -0.16972, -0.12819, -0.21292, 1.05102, -0.15101, 0.08719, -0.11446, -0.19121, 0.11039, 0.90982, -0.52529, -0.17437, -0.13216, -0.22079, 1.05057, -0.0312, 0.0289, -0.02317, -0.02991, 0.62162, 0.80251, 0.02493, -0.03766, 0.25393, 0.98348, -0.02382, -0.03075, 0.622, 0.803, -0.04111, 1.01674, -0.0325, 0.8038, -0.62262, -0.04032, 0.98468, -0.25424, -0.03292, 0.80399, -0.62277, -0.17648, -0.30567, -0.24787, -0.42933, 0.62729, 1.0865, -0.25487, -0.44145, -0.35635, -0.5042, 1.25154, -0.50479, -0.35635, -0.5042, 1.25154, -0.50479, -0.30953, 0.17871, -0.43919, 0.25357, 1.08288, -0.6252, -0.43506, 0.25118, -0.35741, -0.50713, 1.2504, -0.50237, 0.20436, -1.28895, 1.94304, -0.95152, 0.35888, 0.20514, -1.29711, 1.94466, -0.94312, 0.3548, 0.20514, -1.29711, 1.94466, -0.94312, 0.3548, -0.98285, 3.05467, -2.79375, 1.27713, -0.85025, 0.25256, 0.03608, 0.67475, 0.8711, -0.30182, -0.38964], [0, 1, 2, 0, 1, 2, 3, 4, 11, 14, 17, 10, 13, 16, 12, 15, 18, 0, 1, 3, 4, 5, 6, 11, 14, 17, 20, 23, 10, 13, 16, 19, 22, 12, 15, 18, 21, 24, 31, 34, 36, 39, 41, 44, 46, 49, 35, 40, 45, 50, 33, 38, 43, 48, 31, 34, 36, 39, 41, 44, 46, 32, 37, 42, 47, 3, 4, 5, 6, 7, 8, 9, 5, 6, 7, 8, 9, 11, 17, 20, 26, 29, 10, 16, 19, 28, 12, 18, 21, 30, 5, 6, 7, 8, 9, 17, 20, 23, 26, 29, 16, 19, 22, 25, 28, 18, 21, 24, 27, 30, 7, 31, 34, 36, 39, 41, 44, 46, 49, 35, 40, 45, 50, 33, 38, 43, 48, 31, 34, 36, 41, 44, 46, 49, 32, 37, 42, 47, 23, 26, 60, 64, 67, 71, 56, 63, 66, 70, 58, 61, 65, 68, 62, 69, 60, 67, 71, 59, 66, 70, 58, 65, 68, 31, 34, 36, 39, 41, 44, 46, 49, 35, 40, 45, 50, 33, 38, 43, 48, 31, 34, 36, 39, 41, 44, 46, 49, 32, 37, 42, 47, 11, 20, 23, 26, 29, 10, 19, 22, 25, 28, 12, 21, 24, 27, 30, 4, 5, 6, 7, 8, 9, 57, 60, 64, 67, 71], [0, 3, 8, 11, 14, 17, 23, 28, 33, 38, 46, 50, 54, 61, 65, 72, 77, 82, 86, 90, 95, 100, 105, 110, 119, 123, 127, 134, 138, 144, 148, 152, 154, 157, 160, 163, 171, 175, 179, 187, 191, 196, 201, 206, 212, 217]], [[0.49594, 0.40272, 0.19506, -0.17014, -0.2497, -0.08359, 0.5088, 0.60428, 0.75289, 0.29246, 0.05414, 0.75285, 0.29232, 0.05441, 0.75285, 0.29232, 0.05441, 0.06529, 0.10154, -0.31859, -0.48303, 0.68193, 0.58194, -0.31006, -0.08941, 0.38298, 0.53302, 0.24452, -0.31015, -0.08915, 0.38292, 0.53098, 0.24667, -0.31015, -0.08915, 0.38292, 0.53098, 0.24667, 0.45114, 0.42892, 0.33557, 0.15899, 0.45114, 0.42892, 0.33557, 0.15899, 0.44517, 0.42372, 0.33702, 0.17887, 0.38552, -0.22258, 0.36695, -0.21186, 0.29186, -0.16851, 0.15491, 0.05526, 0.08889, -0.15929, -0.20823, 0.33212, 0.44496, 0.39307, 0.10651, 0.09068, 0.09754, -1.52517, 1.60738, 0.02713, -0.03112, -0.07614, 0.99471, -0.03094, -0.07639, 0.99746, -0.03094, -0.07639, 0.99746, 0.20341, 0.35231, 0.19806, 0.34305, 0.1635, 0.28319, 0.15174, 0.26283, 0.16661, 0.50562, -2.4359, 2.65903, -0.88163, -0.12394, -0.10745, -0.15311, 1.42231, -0.91917, -0.12441, -0.10755, -0.15461, 1.42291, -0.91645, -0.12441, -0.10755, -0.15461, 1.42291, -0.91645, -0.17484, -0.13292, -0.22076, 1.05025, -0.17484, -0.13292, -0.22076, 1.05025, -0.18265, -0.13982, -0.23365, 1.04893, -0.15818, 0.09132, -0.12109, -0.20234, 0.11682, 0.9084, -0.52446, -0.11576, -0.2005, -0.1632, -0.14585, -0.25263, 0.51185, 0.88655, -0.04155, 1.01693, -0.03284, 0.80396, -0.62274, 0.01725, 0.02462, -0.04226, 0.25442, 0.9855, 0.0201, -0.02673, -0.0345, 0.62331, 0.80463, -0.0421, 0.98548, -0.25441, -0.03438, 0.80461, -0.6233, 0.02189, 0.02002, -0.02767, -0.03573, 0.62369, 0.80518, -0.35762, -0.50782, 1.25025, -0.50284, -0.35762, -0.50782, 1.25025, -0.50284, -0.35935, -0.51247, 1.24836, -0.49913, -0.3112, 0.17967, -0.44382, 0.25624, 1.08111, -0.62418, -0.43226, 0.24956, -0.1838, -0.31835, -0.26385, -0.457, 0.62005, 1.07396, -0.24576, -0.42566, 0.20495, -1.29975, 1.94525, -0.93956, 0.35359, 0.20541, -1.30152, 1.94543, -0.93882, 0.35295, 0.20541, -1.30152, 1.94543, -0.93882, 0.35295, -0.98448, 3.05672, -2.79191, 1.26999, -0.84499, 0.25098, 1.10319, -0.49005], [0, 1, 2, 0, 1, 2, 3, 4, 11, 14, 17, 10, 13, 16, 12, 15, 18, 0, 1, 3, 4, 5, 6, 11, 14, 17, 20, 23, 10, 13, 16, 19, 22, 12, 15, 18, 21, 24, 35, 40, 45, 50, 33, 38, 43, 48, 32, 37, 42, 47, 31, 34, 36, 39, 41, 44, 46, 3, 4, 5, 6, 7, 8, 9, 5, 6, 7, 8, 9, 11, 17, 20, 29, 16, 19, 28, 18, 21, 30, 31, 34, 36, 39, 41, 44, 46, 49, 5, 6, 7, 8, 9, 17, 20, 23, 26, 29,