{"molecule": {"atoms_masses": [18.9984033], "nb_atoms": 1, "starting_geometry": [[0.0, 0.0, 0.0]], "atoms_Z": [9], "atoms_Zeff": [0.0], "multiplicity": 2, "chirality": false, "nuclear_spins": [1.0], "nuclear_QMom": [0.0], "connectivity": {"bond_orders": [], "atom_pairs": []}, "charge": 0, "can": "[F]", "smi": "[F]", "starting_nuclear_repulsion": 0.0, "inchi": "InChI=1S/F", "formula": "F", "nuclear_gfactors": [2.628867], "starting_energy": -99.6672737378, "nb_heavy_atoms": 1, "atoms_valence": [0], "monoisotopic_mass": 18.99840322}, "results": {"geometry": {"geometric_values": [[0.0, 0.0, 0.0, 0.0]], "nuclear_repulsion_energy_from_xyz": 0.0, "elements_3D_coords_converged": [0.0, 0.0, 0.0], "OPT_DONE": true}, "excited_states": {}, "freq": {}, "wavefunction": {"SCF_values": [5.02e-10, 6.7e-09, -3.98e-13], "MO_number": 39, "homo_indexes": [4, 3], "virial_ratio": [2.0018], "MO_number_kept": 35, "total_molecular_energy": -99.6672737378, "MO_energies": [[-676.8089160375636, -34.551384053387004, -16.046553763985, -13.463649095039, -13.463649095039, 3.5448271304635, 5.3081248817035, 5.675750693728999, 5.675750693728999, 27.716428356528, 27.9528952926125, 27.9528952926125, 28.725970741883003, 28.725970741883003, 32.5195099317035, 33.818037226289505, 33.818037226289505, 41.0241562152305, 119.41444215342, 120.01853490152999, 120.01853490152999, 121.90972616250501, 121.90972616250501, 166.8534102803375, 169.13671759988299, 169.13671759988299, 177.4261218276645, 177.69469819810803, 177.69469819810803, 178.4949850324285, 178.4949850324285, 179.9216779506, 179.9216779506, 520.6672674821585, 521.3540828408205], [-675.906858623156, -31.800313024831997, -12.589891521083501, -12.589891521083501, -6.73209666137, 3.8406148859569997, 5.763099239739501, 5.763099239739501, 6.200386197493001, 28.7942713183585, 28.7942713183585, 28.9455666192365, 28.9455666192365, 29.185843149228, 34.198996616989504, 34.198996616989504, 35.139149970466995, 42.207579351054996, 122.2681001036135, 122.2681001036135, 122.63409323253599, 122.63409323253599, 123.3233576158525, 169.8684317438775, 169.8684317438775, 170.9677716998975, 179.95433161266, 179.95433161266, 180.03324462930502, 180.03324462930502, 180.1902543210435, 180.1902543210435, 180.49502183360352, 523.8670542501881, 523.8673263640385]], "MO_coefs": [[[0.54767, 0.47202, -0.13168, -0.21532, 0.65892, 0.47492, 0.33543, 0.49557, 0.37297, 0.32758, 0.47737, 0.38889, 0.32758, 0.47737, 0.38889, -0.16648, -0.90935, 1.55978, -0.11941, -0.12602, -0.41449, 1.22134, -0.12524, -0.12868, -0.45242, 1.23317, -0.12524, -0.12868, -0.45242, 1.23317, -0.05855, 0.06836, -0.04018, 0.99545, 0.99663, 0.99663, 0.9992, 0.9992, -0.26066, -0.77565, 1.65803, -0.83672, -0.26383, -0.79164, 1.64753, -0.81906, -0.26383, -0.79164, 1.64753, -0.81906, 0.24018, -1.75392, 2.50072, -1.156, 1.12204, -0.52769, 1.12229, -0.52616, 1.12229, -0.52616, 1.12263, -0.52143, 1.12263, -0.52143, -1.25398, 1.49484, -0.84454, 0.31592, -1.25468, 1.49212, -0.83838, 0.31308, -1.25468, 1.49212, -0.83838, 0.31308, 0.08792, -0.1147, 0.06142, 0.99732, 0.08987, -0.11505, 0.06185, 0.99726, 0.08987, -0.11505, 0.06185, 0.99726, 1.0, 1.0, 1.0, 1.0, 1.14236, -0.61963, 0.18774, 1.14237, -0.61942, 0.18758], [0, 1, 0, 1, 5, 9, 4, 8, 12, 3, 7, 11, 2, 6, 10, 5, 9, 13, 4, 8, 12, 16, 3, 7, 11, 15, 2, 6, 10, 14, 5, 9, 13, 27, 28, 29, 30, 31, 4, 8, 12, 16, 2, 6, 10, 14, 3, 7, 11, 15, 1, 5, 9, 13, 22, 27, 24, 29, 23, 28, 25, 30, 26, 31, 4, 8, 12, 16, 2, 6, 10, 14, 3, 7, 11, 15, 4, 8, 12, 32, 2, 6, 10, 33, 3, 7, 11, 34, 35, 36, 37, 38, 17, 22, 27, 19, 24, 29], [0, 2, 6, 9, 12, 15, 18, 22, 26, 30, 34, 35, 36, 37, 38, 42, 46, 50, 54, 56, 58, 60, 62, 64, 68, 72, 76, 80, 84, 88, 89, 90, 91, 92, 95, 98]], [[0.54836, 0.47184, -0.1297, -0.21126, 0.63825, 0.48938, 0.32321, 0.46977, 0.39546, 0.06522, 0.32321, 0.46977, 0.39546, 0.06522, 0.29667, 0.43735, 0.41024, 0.13532, -0.15751, -0.94028, 1.57127, -0.12794, -0.1312, -0.46679, 1.2368, -0.12794, -0.1312, -0.46679, 1.2368, -0.14472, -0.15643, -0.52404, 1.24186, 0.99978, 0.99978, 1.001, 1.001, 1.0021, -0.26508, -0.79865, 1.64319, -0.81318, -0.26508, -0.79865, 1.64319, -0.81318, -0.27091, -0.82593, 1.62549, -0.79758, 0.24289, -1.76347, 2.48742, -1.14111, 1.12279, -0.52036, 1.12279, -0.52036, 1.12347, -0.51814, 1.12347, -0.51814, 1.12393, -0.51611, -1.25844, 1.49496, -0.83819, 0.31286, -1.25844, 1.49496, -0.83819, 0.31286, -1.26195, 1.48754, -0.83176, 0.3105, 1.0, 1.0, 1.0, 1.0, 0.99996, 0.99996, 0.99998, 1.14237, -0.61852, 0.18698, 1.14237, -0.61852, 0.18698], [0, 1, 0, 1, 5, 9, 3, 7, 11, 15, 2, 6, 10, 14, 4, 8, 12, 16, 5, 9, 13, 2, 6, 10, 14, 3, 7, 11, 15, 4, 8, 12, 16, 30, 31, 28, 29, 27, 2, 6, 10, 14, 3, 7, 11, 15, 4, 8, 12, 16, 1, 5, 9, 13, 26, 31, 25, 30, 24, 29, 23, 28, 22, 27, 2, 6, 10, 14, 3, 7, 11, 15, 4, 8, 12, 16, 36, 35, 37, 38, 33, 34, 32, 21, 26, 31, 20, 25, 30], [0, 2, 6, 10, 14, 18, 21, 25, 29, 33, 34, 35, 36, 37, 38, 42, 46, 50, 54, 56, 58, 60, 62, 64, 68, 72, 76, 77, 78, 79, 80, 81, 82, 83, 86, 89]]], "MO_sym": [["A1g", "?A", "?B", "?B", "?B", "A1g", "?B", "?B", "?B", "?A", "T2g", "T2g", "?A", "T2g", "?B", "?B", "?B", "?A", "?A", "T2g", "T2g", "?A", "T2g", "?B", "?B", "?B", "?B", "?B", "?B", "?B", "A2u", "?B", "?B", "Eg", "T2g"], ["A1g", "T2g", "?A", "?A", "?A", "A1g", "?A", "?A", "?A", "T2g", "T2g", "T2g", "T2g", "T2g", "?A", "?A", "?A", "A1g", "T2g", "Eg", "T2g", "T2g", "Eg", "?B", "?B", "?B", "A2u", "?B", "?B", "?B", "?B", "?B", "?B", "T2g", "Eg"]]}}, "comp_details": {"geometry": {"geometric_targets": [0.00045, 0.0003, 0.0018, 0.0012]}, "excited_states": {}, "freq": {}, "general": {"scf_targets": [[1e-08, 1e-06, 1e-06]], "list_theory": ["DFT"], "solvent": "Gas", "package": "Gaussian", "integration_grid": "Default", "package_version": "09revisionD.01", "basis_set_size": 39, "job_type": ["OPT"], "functional": "PBE1PBE", "is_closed_shell": "False", "core_electrons_per_atoms": [0], "basis_set_md5": "3391182375efabd5152e335f1e477c54", "basis_set": "(lp0\n(lp1\n(VS\np2\n(lp3\n(F11427.1\nF0.001800930156\ntp4\na(F1722.35\nF0.01374190119\ntp5\na(F395.746\nF0.06813340591\ntp6\na(F115.139\nF0.2333250202\ntp7\na(F33.6026\nF0.5890860511\ntp8\na(F4.91901\nF0.299505026\ntp9\natp10\na(g2\n(lp11\n(F55.4441\nF0.1145360155\ntp12\na(F12.6323\nF0.9205121249\ntp13\na(F3.71756\nF-0.003378040458\ntp14\natp15\na(VP\np16\n(lp17\n(F55.4441\nF0.03546088738\ntp18\na(F12.6323\nF0.2374509155\ntp19\na(F3.71756\nF0.820457708\ntp20\natp21\na(g2\n(lp22\n(F1.16545\nF1.0\ntp23\natp24\na(g16\n(lp25\n(F1.16545\nF1.0\ntp26\natp27\na(g2\n(lp28\n(F0.321892\nF1.0\ntp29\natp30\na(g16\n(lp31\n(F0.321892\nF1.0\ntp32\natp33\na(g2\n(lp34\n(F0.1076\nF1.0\ntp35\natp36\na(g16\n(lp37\n(F0.1076\nF1.0\ntp38\natp39\na(VD\np40\n(lp41\n(F7.0\nF1.0\ntp42\natp43\na(g40\n(lp44\n(F1.75\nF1.0\ntp45\natp46\na(g40\n(lp47\n(F0.4375\nF1.0\ntp48\natp49\na(VF\np50\n(lp51\n(F1.85\nF1.0\ntp52\natp53\naa.", "last_theory": "DFT", "basis_set_name": "6-311++G(3df,3pd)", "all_unique_theory": ["DFT"]}}, "metadata": {"archivable_for_new_entry": "True", "archivable": "True", "parser_version": "v7.1", "log_file": "OPT.log"}}
