{"molecule": {"atoms_masses": [18.9984033], "nb_atoms": 1, "starting_geometry": [[0.0, 0.0, 0.0]], "atoms_Z": [9], "atoms_Zeff": [-6.75], "multiplicity": 2, "chirality": false, "nuclear_spins": [1.0], "nuclear_QMom": [0.0], "connectivity": {"bond_orders": [], "atom_pairs": []}, "charge": 0, "can": "[F]", "smi": "[F]", "starting_nuclear_repulsion": 0.0, "inchi": "InChI=1S/F", "formula": "F", "nuclear_gfactors": [2.628867], "starting_energy": -99.6672737378, "nb_heavy_atoms": 1, "atoms_valence": [0], "monoisotopic_mass": 18.99840322}, "results": {"geometry": {"nuclear_repulsion_energy_from_xyz": 0.0, "elements_3D_coords_converged": [0.0, 0.0, 0.0]}, "excited_states": {"et_oscs": [0.0, 0.0, 0.0186, 0.0186, 0.0923, 0.0923, 0.0, 0.0, 0.0, 0.0], "et_rot": [0.0, 0.0, 0.0, 0.0, 0.0, 0.0, 0.0, 0.0, 0.0, 0.0], "et_transitions": [[[[3, 1], [4, 1], 1.9436], [[3, 1], [8, 1], -0.14991]], [[[2, 1], [4, 1], 1.9436], [[2, 1], [8, 1], -0.14991]], [[[4, 0], [5, 0], -0.3667], [[3, 1], [5, 1], 0.92868]], [[[3, 0], [5, 0], -0.3667], [[2, 1], [5, 1], 0.92868]], [[[4, 0], [5, 0], 0.92951], [[3, 1], [5, 1], 0.36764]], [[[3, 0], [5, 0], 0.92951], [[2, 1], [5, 1], 0.36764]], [[[3, 0], [8, 0], -0.40598], [[4, 0], [7, 0], -0.40598], [[2, 1], [7, 1], 0.57352], [[3, 1], [6, 1], 0.57352]], [[[3, 0], [7, 0], -0.16883], [[4, 0], [8, 0], -0.16883], [[2, 1], [6, 1], 0.68604], [[3, 1], [7, 1], 0.68604]], [[[3, 0], [8, 0], 0.16885], [[4, 0], [7, 0], -0.16885], [[2, 1], [7, 1], -0.68603], [[3, 1], [6, 1], 0.68603]], [[[2, 1], [6, 1], 0.7068], [[3, 1], [7, 1], -0.7068]]], "et_energies": [469.414677678, 469.414677678, 111760.214454385, 111760.214454385, 118500.589817538, 118500.589817538, 126144.30614117101, 127892.109588814, 127892.916143243, 130450.500237602], "et_sym": ["1.994-?Sym", "1.994-?Sym", "3.277-?Sym", "3.277-?Sym", "2.296-?Sym", "2.296-?Sym", "3.423-?Sym", "3.141-?Sym", "3.141-?Sym", "2.829-?Sym"]}, "freq": {}, "wavefunction": {"SCF_values": [3.81e-11, 8.06e-10, null], "MO_number": 39, "homo_indexes": [4, 3], "virial_ratio": [2.0018], "MO_number_kept": 35, "total_molecular_energy": -99.6672737378, "MO_energies": [[-676.8089160375636, -34.551384053387004, -16.046553763985, -13.463649095039, -13.463649095039, 3.5448271304635, 5.3081248817035, 5.675750693728999, 5.675750693728999, 27.716428356528, 27.9528952926125, 27.9528952926125, 28.725970741883003, 28.725970741883003, 32.5195099317035, 33.818037226289505, 33.818037226289505, 41.0241562152305, 119.41444215342, 120.01853490152999, 120.01853490152999, 121.90972616250501, 121.90972616250501, 166.8534102803375, 169.13671759988299, 169.13671759988299, 177.4261218276645, 177.69469819810803, 177.69469819810803, 178.4949850324285, 178.4949850324285, 179.9216779506, 179.9216779506, 520.6672674821585, 521.3540828408205], [-675.906858623156, -31.800313024831997, -12.589891521083501, -12.589891521083501, -6.73209666137, 3.8406148859569997, 5.763099239739501, 5.763099239739501, 6.200386197493001, 28.7942713183585, 28.7942713183585, 28.9455666192365, 28.9455666192365, 29.185843149228, 34.198996616989504, 34.198996616989504, 35.139149970466995, 42.207579351054996, 122.2681001036135, 122.2681001036135, 122.63409323253599, 122.63409323253599, 123.3233576158525, 169.8684317438775, 169.8684317438775, 170.9677716998975, 179.95433161266, 179.95433161266, 180.03324462930502, 180.03324462930502, 180.1902543210435, 180.1902543210435, 180.49502183360352, 523.8670542501881, 523.8673263640385]], "MO_sym": [["A1g", "?A", "?B", "?B", "?B", "A1g", "?B", "?B", "?B", "?A", "T2g", "T2g", "?A", "T2g", "?B", "?B", "?B", "?A", "?A", "T2g", "T2g", "?A", "T2g", "?B", "?B", "?B", "?B", "?B", "?B", "?B", "A2u", "?B", "?B", "Eg", "T2g"], ["A1g", "T2g", "?A", "?A", "?A", "A1g", "?A", "?A", "?A", "T2g", "T2g", "T2g", "T2g", "T2g", "?A", "?A", "?A", "A1g", "T2g", "Eg", "T2g", "T2g", "Eg", "?B", "?B", "?B", "A2u", "?B", "?B", "?B", "?B", "?B", "?B", "T2g", "Eg"]]}}, "comp_details": {"geometry": {}, "excited_states": {"nb_et_states": 10}, "freq": {}, "general": {"scf_targets": [[1e-08, 1e-06, 1e-06]], "list_theory": ["DFT"], "solvent": "Gas", "package": "Gaussian", "integration_grid": "Default", "package_version": "09revisionD.01", "basis_set_size": 39, "job_type": ["TD"], "functional": "PBE1PBE", "is_closed_shell": "False", "core_electrons_per_atoms": [0], "basis_set_md5": "3391182375efabd5152e335f1e477c54", "basis_set": "(lp0\n(lp1\n(VS\np2\n(lp3\n(F11427.1\nF0.001800930156\ntp4\na(F1722.35\nF0.01374190119\ntp5\na(F395.746\nF0.06813340591\ntp6\na(F115.139\nF0.2333250202\ntp7\na(F33.6026\nF0.5890860511\ntp8\na(F4.91901\nF0.299505026\ntp9\natp10\na(g2\n(lp11\n(F55.4441\nF0.1145360155\ntp12\na(F12.6323\nF0.9205121249\ntp13\na(F3.71756\nF-0.003378040458\ntp14\natp15\na(VP\np16\n(lp17\n(F55.4441\nF0.03546088738\ntp18\na(F12.6323\nF0.2374509155\ntp19\na(F3.71756\nF0.820457708\ntp20\natp21\na(g2\n(lp22\n(F1.16545\nF1.0\ntp23\natp24\na(g16\n(lp25\n(F1.16545\nF1.0\ntp26\natp27\na(g2\n(lp28\n(F0.321892\nF1.0\ntp29\natp30\na(g16\n(lp31\n(F0.321892\nF1.0\ntp32\natp33\na(g2\n(lp34\n(F0.1076\nF1.0\ntp35\natp36\na(g16\n(lp37\n(F0.1076\nF1.0\ntp38\natp39\na(VD\np40\n(lp41\n(F7.0\nF1.0\ntp42\natp43\na(g40\n(lp44\n(F1.75\nF1.0\ntp45\natp46\na(g40\n(lp47\n(F0.4375\nF1.0\ntp48\natp49\na(VF\np50\n(lp51\n(F1.85\nF1.0\ntp52\natp53\naa.", "last_theory": "DFT", "all_unique_theory": ["DFT"]}}, "metadata": {"archivable_for_new_entry": "False", "archivable": "True", "parser_version": "v7.1", "log_file": "TD_T.log"}}
