{"molecule": {"atoms_masses": [89.9043], "nb_atoms": 1, "starting_geometry": [[0.0, 0.0, 0.0]], "atoms_Z": [40], "atoms_Zeff": [-49.6], "multiplicity": 3, "chirality": false, "nuclear_spins": [0.0], "nuclear_QMom": [0.0], "connectivity": {"bond_orders": [], "atom_pairs": []}, "charge": 0, "can": "[Zr]", "smi": "[Zr]", "starting_nuclear_repulsion": 0.0, "inchi": "InChI=1S/Zr", "formula": "Zr", "nuclear_gfactors": [0.0], "starting_energy": -3523.79769992, "nb_heavy_atoms": 1, "atoms_valence": [0], "monoisotopic_mass": 89.904704}, "results": {"geometry": {"geometric_values": [[0.0, 0.0, 0.0, 0.0]], "nuclear_repulsion_energy_from_xyz": 0.0, "elements_3D_coords_converged": [0.0, 0.0, 0.0], "OPT_DONE": true}, "excited_states": {}, "freq": {"electronic_thermal_energy": -3523.796284, "zero_point_energy": -3523.7977, "enthalpy": -3523.795339, "polarizabilities": [[140.198, 0.0, 0.0], [0.0, 140.198, 0.0], [0.0, 0.0, 131.844]], "entropy": 6.6269e-05, "free_energy": -3523.815097}, "wavefunction": {"SCF_values": [0.0, 0.0, null], "MO_number": 39, "homo_indexes": [20, 18], "virial_ratio": [2.0019], "MO_number_kept": 39, "total_molecular_energy": -3523.79769992, "MO_energies": [[-17391.435380889823, -2401.9824283671114, -2192.84579108528, -2192.84579108528, -2192.7611636777747, -404.4517957552165, -322.65083481486005, -322.65083481486005, -322.278583067376, -188.69190735221503, -188.69190735221503, -188.5876877474735, -188.5876877474735, -188.344145851276, -56.4111060056035, -34.020762044912004, -34.020762044912004, -33.874909021044, -5.487447909183, -5.487447909183, -4.7791355563315, -2.4291603434135003, -2.4288882295630003, -1.8258839368550002, -0.8707643216000001, -0.8707643216000001, -0.862056678384, 1.1385243504920002, 2.2778650425355003, 2.2778650425355003, 2.283579433396, 9.506569481068, 18.3021054707795, 18.3021054707795, 18.691500390845, 18.691500390845, 19.180761094043998, 57.4160224555, 2709.9935380250713], [-17391.435108775975, -2401.8093639581934, -2192.739666683585, -2192.739666683585, -2192.5712282101254, -404.3462155812225, -322.54062870540747, -322.54062870540747, -322.134362726611, -188.583061812015, -188.583061812015, -188.298974952093, -188.205912015222, -188.205912015222, -55.154212130143996, -32.754344184685, -32.754344184685, -31.704528949455998, -4.3325967276610005, -1.7788082407185, -1.7788082407185, -1.1469598798575, -0.792395532656, -0.792395532656, -0.7004210511869999, -0.7004210511869999, -0.48354631233850004, 1.2854658297619999, 2.378819281071, 2.378819281071, 2.7219548465514998, 9.9128354598645, 19.052867584309002, 19.052867584309002, 19.6055308146745, 19.9375097122845, 19.9375097122845, 58.2533167734885, 2710.3448370060673]], "MO_sym": [["A1g", "A1g", "T1u", "T1u", "T1u", "A1g", "T1u", "T1u", "T1u", "T2g", "Eg", "T2g", "T2g", "Eg", "A1g", "T1u", "T1u", "T1u", "?A", "?A", "?B", "?A", "?B", "?B", "T1u", "T1u", "T1u", "?B", "T1u", "T1u", "T1u", "?B", "?A", "?A", "?A", "Eg", "Eg", "A1g", "A1g"], ["A1g", "A1g", "T1u", "T1u", "T1u", "A1g", "T1u", "T1u", "T1u", "T2g", "Eg", "Eg", "T2g", "T2g", "?A", "T1u", "T1u", "T1u", "?A", "T2g", "?A", "?A", "?B", "?B", "T2g", "T2g", "?B", "?A", "?B", "?B", "?B", "?A", "T2g", "?A", "?A", "T2g", "T2g", "A1g", "A1g"]]}}, "comp_details": {"geometry": {"geometric_targets": [0.00045, 0.0003, 0.0018, 0.0012]}, "excited_states": {}, "freq": {"temperature": 298.15}, "general": {"scf_targets": [[1e-08, 1e-06, 1e-06]], "list_theory": ["DFT"], "solvent": "Gas", "package": "Gaussian", "integration_grid": "Default", "package_version": "09revisionD.01", "basis_set_size": 39, "job_type": ["OPT"], "functional": "PBE1PBE", "is_closed_shell": "False", "core_electrons_per_atoms": [0], "basis_set_md5": "2ff7b9848ff5741e6c48bd4d13a83905", "basis_set": "(lp0\n(lp1\n(VS\np2\n(lp3\n(F8084.5919\nF0.06157760047\ntp4\na(F1221.6678\nF0.3693989028\ntp5\na(F267.69173\nF0.6887280052\ntp6\natp7\na(g2\n(lp8\n(F361.021193\nF-0.111906718\ntp9\na(F78.304948\nF0.08583992663\ntp10\na(F24.8452292\nF0.9675130223\ntp11\natp12\na(VP\np13\n(lp14\n(F361.021193\nF0.1487616111\ntp15\na(F78.304948\nF0.5965690004\ntp16\na(F24.8452292\nF0.4167848772\ntp17\natp18\na(g2\n(lp19\n(F20.006277\nF-1.544348624\ntp20\na(F17.5741464\nF1.409596044\ntp21\na(F3.74298507\nF1.009349253\ntp22\natp23\na(g13\n(lp24\n(F20.006277\nF-0.7568479798\ntp25\na(F17.5741464\nF1.112090061\ntp26\na(F3.74298507\nF0.7368023798\ntp27\natp28\na(g2\n(lp29\n(F3.55478844\nF-0.3793873088\ntp30\na(F1.17899236\nF0.4232847258\ntp31\na(F0.444696559\nF0.8140675616\ntp32\natp33\na(g13\n(lp34\n(F3.55478844\nF0.002599454819\ntp35\na(F1.17899236\nF0.4599758038\ntp36\na(F0.444696559\nF0.6058485068\ntp37\natp38\na(g2\n(lp39\n(F0.505048819\nF-0.3295117829\ntp40\na(F0.0621161226\nF1.120709453\ntp41\natp42\na(g13\n(lp43\n(F0.505048819\nF-0.001248930019\ntp44\na(F0.0621161226\nF1.000384339\ntp45\natp46\na(g2\n(lp47\n(F0.0255795531\nF1.0\ntp48\natp49\na(g13\n(lp50\n(F0.0255795531\nF1.0\ntp51\natp52\na(VD\np53\n(lp54\n(F54.723232\nF0.1348239976\ntp55\na(F14.774164\nF0.5005543911\ntp56\na(F4.3589612\nF0.5787822897\ntp57\natp58\na(g53\n(lp59\n(F1.8628424\nF0.285032029\ntp60\na(F0.64331354\nF0.7972073721\ntp61\natp62\na(g53\n(lp63\n(F0.19939538\nF1.0\ntp64\natp65\naa.", "last_theory": "DFT", "all_unique_theory": ["DFT"]}}, "metadata": {"archivable_for_new_entry": "False", "archivable": "True", "parser_version": "v7.1", "log_file": "freq.log"}}
