{"molecule": {"atoms_masses": [89.9043], "nb_atoms": 1, "starting_geometry": [[0.0, 0.0, 0.0]], "atoms_Z": [40], "atoms_Zeff": [-49.6], "multiplicity": 2, "chirality": false, "nuclear_spins": [0.0], "nuclear_QMom": [0.0], "connectivity": {"bond_orders": [], "atom_pairs": []}, "charge": 1, "can": "[Zr]", "smi": "[Zr]", "starting_nuclear_repulsion": 0.0, "inchi": "InChI=1S/Zr", "formula": "Zr+", "nuclear_gfactors": [0.0], "starting_energy": -3523.55871379, "nb_heavy_atoms": 1, "atoms_valence": [0], "monoisotopic_mass": 89.904704}, "results": {"geometry": {"nuclear_repulsion_energy_from_xyz": 0.0, "elements_3D_coords_converged": [0.0, 0.0, 0.0]}, "excited_states": {}, "freq": {}, "wavefunction": {"SCF_values": [3.46e-09, 8.17e-08, 1.82e-12], "MO_number": 39, "homo_indexes": [19, 18], "virial_ratio": [2.0018], "MO_number_kept": 39, "total_molecular_energy": -3523.55871379, "MO_energies": [[-17397.055076130353, -2407.5030741660553, -2198.406709734098, -2198.406709734098, -2198.251060611612, -409.995571231453, -328.28712900026653, -328.28712900026653, -327.671879584286, -194.35323601186752, -194.35323601186752, -194.1012585863045, -194.1012585863045, -193.75594611002, -61.9502555463815, -39.710118431166, -39.710118431166, -39.3876635183235, -11.176804295437, -11.176804295437, -8.1157955911625, -8.0439575346305, -8.04368542078, -7.277684931622501, -4.775053848574, -4.618316270686, -4.618316270686, -1.8628914205229998, -0.9472283135905001, -0.885458469527, -0.885458469527, 5.4469029454585, 12.9235031017965, 12.9235031017965, 13.327592169789, 13.3284085113405, 13.964338579959, 51.9718406485465, 2704.4347962870575], [-17397.073579872183, -2407.372187403965, -2198.3275246036023, -2198.3275246036023, -2198.09758839993, -409.9419648029045, -328.20086890965797, -328.20086890965797, -327.60711648786696, -194.2645268966045, -194.2645268966045, -193.8476484776385, -193.752136516113, -193.752136516113, -60.992142678771, -38.67499734386401, -38.67499734386401, -37.7185171593565, -10.015422381503, -7.8453144237655, -7.8453144237655, -7.2183641122135, -6.565018757163, -6.565018757163, -5.2602328440155, -5.2602328440155, -4.647976680390499, -2.288477482705, -1.25716598931, -1.25716598931, -0.9850521388100001, 5.3168325249195005, 13.285414522961501, 13.285414522961501, 13.865289138377, 14.3150933332535, 14.3150933332535, 52.467359970307, 2704.6807872079094]], "MO_coefs": [[[0.97877, 0.07867, 0.10966, 0.08222, -0.06534, -0.06534, -0.06534, -0.0312, -0.0312, -0.3338, 1.01762, 0.07295, -0.04007, 0.01526, 0.98001, 0.04986, 0.98001, 0.04986, 0.98003, 0.04983, 0.13691, -0.50542, 1.04177, 0.13709, -0.03876, -0.03921, -0.4657, 1.08033, -0.4657, 1.08033, -0.46572, 1.0805, 0.84651, -0.84651, 0.06469, -0.06469, 0.97747, 0.0747, 0.97776, 0.07378, 0.97776, 0.07378, -0.48895, -0.48895, 0.97762, -0.03604, 0.07487, -0.05318, 0.21176, -0.47635, 1.1204, -0.02597, 0.17032, -0.52673, 1.09457, 0.17032, -0.52673, 1.09457, 0.16984, -0.52532, 1.09168, -0.23855, 0.62605, 0.54878, -0.23855, 0.62605, 0.54878, -0.06582, 0.17049, -0.45281, 0.77259, 0.10602, 0.02657, 0.02657, -0.03761, 0.15691, 0.18172, -0.20279, 0.20279, 0.52795, -0.52795, 0.48922, -0.48922, -0.23417, 0.60964, 0.56488, 0.07574, -0.15307, 0.11151, 0.11151, -0.22478, -0.29399, -0.29399, 0.57702, -0.29165, -0.29165, 0.56779, 0.13316, -0.34286, 0.88245, 0.18651, 0.13024, -0.33653, 0.88123, 0.18809, 0.13024, -0.33653, 0.88123, 0.18809, -0.19053, -2.24464, 2.29716, 0.12623, 0.12623, 0.13974, 0.28291, -1.47057, 1.64449, 0.27932, -1.47171, 1.64438, 0.27932, -1.47171, 1.64438, 1.44541, 5.34125, -2.13938, -0.27671, -1.74761, -1.74761, -1.72581, -0.30383, 1.03369, -1.02468, -0.30383, 1.03369, -1.02468, -0.26687, 0.26687, 0.90361, -0.90361, -0.87978, 0.87978, -0.30815, 1.04339, -1.01589, 0.15587, 0.15587, -0.31177, -0.52574, -0.52574, 1.05523, 0.48281, 0.48281, -1.02567, -0.54483, 4.92472, -1.76985, 0.53746, -2.4131, -2.4131, -2.40922, 0.91541, 0.91541, 0.91361, 2.55631, 17.68567, 6.46111, -8.90996, -8.90996, -8.91, -2.3524, -2.3524, -2.35234], [0, 1, 5, 9, 21, 22, 23, 28, 29, 0, 1, 5, 9, 29, 2, 6, 3, 7, 4, 8, 0, 1, 5, 9, 28, 29, 3, 7, 2, 6, 4, 8, 21, 22, 27, 28, 24, 30, 25, 31, 26, 32, 21, 22, 23, 28, 29, 0, 1, 5, 9, 29, 2, 6, 10, 3, 7, 11, 4, 8, 12, 25, 31, 37, 26, 32, 38, 1, 5, 9, 13, 17, 21, 22, 23, 29, 35, 21, 22, 27, 28, 33, 34, 24, 30, 36, 9, 13, 21, 22, 23, 27, 28, 29, 33, 34, 35, 8, 12, 16, 20, 7, 11, 15, 19, 6, 10, 14, 18, 5, 13, 17, 33, 34, 35, 12, 16, 20, 11, 15, 19, 10, 14, 18, 9, 13, 17, 29, 33, 34, 35, 25, 31, 37, 26, 32, 38, 21, 22, 27, 28, 33, 34, 24, 30, 36, 21, 22, 23, 27, 28, 29, 33, 34, 35, 5, 9, 13, 17, 27, 28, 29, 33, 34, 35, 1, 5, 9, 21, 22, 23, 27, 28, 29], [0, 9, 14, 16, 18, 20, 26, 28, 30, 32, 36, 38, 40, 42, 47, 52, 55, 58, 61, 64, 67, 77, 83, 86, 97, 101, 105, 109, 115, 118, 121, 124, 131, 134, 137, 143, 146, 155, 165, 174]], [[0.97877, 0.07867, 0.10966, 0.08222, -0.06533, -0.06533, -0.06533, -0.0312, -0.0312, -0.33381, 1.01766, 0.07311, -0.03993, 0.01521, 0.98003, 0.04982, 0.98003, 0.04982, 0.98004, 0.04979, 0.13692, -0.50546, 1.04166, 0.13696, -0.03879, -0.03929, -0.46571, 1.08045, -0.46571, 1.08045, -0.46573, 1.0806, 0.8466, -0.8466, 0.06443, -0.06443, 0.97757, 0.07439, -0.48897, -0.48897, 0.97763, -0.03608, 0.07476, 0.97782, 0.07364, 0.97782, 0.07364, -0.05348, 0.21308, -0.48017, 1.14473, -0.02295, -0.03877, 0.16997, -0.52573, 1.09259, 0.16997, -0.52573, 1.09259, 0.17009, -0.52627, 1.09473, 0.14289, -0.38219, 0.62874, 0.07332, -0.06348, 0.13925, 0.2161, 0.2161, -0.30609, 0.24608, 0.24608, -0.29898, -0.1962, 0.1962, 0.50641, -0.50641, 0.50992, -0.50992, -0.22656, 0.58475, 0.58881, -0.20517, 0.49181, 0.16319, 0.09615, 0.09615, -0.18577, -0.2391, -0.2391, 0.49935, -0.22168, -0.22168, 0.43559, -0.22487, 0.58065, 0.59271, -0.22487, 0.58065, 0.59271, 0.1305, -0.33592, 0.85355, 0.21865, 0.1305, -0.33592, 0.85355, 0.21865, 0.11669, -0.30048, 0.69836, 0.38396, 0.19451, 2.30887, -2.30374, -0.15322, -0.15322, -0.11436, 0.28768, -1.48769, 1.64057, 0.28768, -1.48769, 1.64057, 0.31723, -1.5668, 1.60996, 1.42513, 5.3188, -2.12898, -0.29156, -1.74249, -1.74249, -1.74755, -0.27147, 0.27147, 0.91588, -0.91588, -0.86794, 0.86794, -0.31347, 1.05756, -1.00221, -0.15339, -0.15339, 0.30938, 0.54844, 0.54844, -1.01981, -0.49044, -0.49044, 1.0292, -0.3139, 1.05987, -0.99991, -0.3139, 1.05987, -0.99991, -0.54395, 4.92624, -1.75071, 0.53253, -2.40729, -2.40729, -2.42402, 0.90375, 0.90375, 0.91363, 2.55633, 17.68563, 6.46142, -8.90997, -8.90997, -8.91, -2.35248, -2.35248, -2.35247], [0, 1, 5, 9, 21, 22, 23, 28, 29, 0, 1, 5, 9, 29, 2, 6, 3, 7, 4, 8, 0, 1, 5, 9, 28, 29, 2, 6, 3, 7, 4, 8, 21, 22, 27, 28, 24, 30, 21, 22, 23, 28, 29, 25, 31, 26, 32, 0, 1, 5, 9, 28, 29, 2, 6, 10, 3, 7, 11, 4, 8, 12, 5, 9, 13, 17, 21, 23, 27, 28, 29, 33, 34, 35, 21, 22, 27, 28, 33, 34, 24, 30, 36, 9, 13, 17, 21, 22, 23, 27, 28, 29, 33, 34, 35, 25, 31, 37, 26, 32, 38, 7, 11, 15, 19, 6, 10, 14, 18, 8, 12, 16, 20, 5, 13, 17, 33, 34, 35, 11, 15, 19, 10, 14, 18, 12, 16, 20, 9, 13, 17, 29, 33, 34, 35, 21, 22, 27, 28, 33, 34, 24, 30, 36, 21, 22, 23, 27, 28, 29, 33, 34, 35, 25, 31, 37, 26, 32, 38, 5, 9, 13, 17, 27, 28, 29, 33, 34, 35, 1, 5, 9, 21, 22, 23, 27, 28, 29], [0, 9, 14, 16, 18, 20, 26, 28, 30, 32, 36, 38, 43, 45, 47, 53, 56, 59, 62, 74, 80, 83, 95, 98, 101, 105, 109, 113, 119, 122, 125, 128, 135, 141, 144, 153, 156, 159, 169, 178]]], "MO_sym": [["A1g", "A1g", "T1u", "T1u", "T1u", "A1g", "T1u", "T1u", "T1u", "Eg", "T2g", "T2g", "T2g", "Eg", "A1g", "T1u", "T1u", "T1u", "?A", "?A", "?B", "?B", "?A", "?B", "T1u", "T1u", "T1u", "?B", "T1u", "T1u", "T1u", "?B", "?A", "?A", "?B", "?A", "?B", "A1g", "A1g"], ["A1g", "A1g", "T1u", "T1u", "T1u", "A1g", "T1u", "T1u", "T1u", "Eg", "T2g", "Eg", "T2g", "T2g", "?A", "T1u", "T1u", "T1u", "?A", "?A", "T2g", "?A", "T2g", "T2g", "?B", "?B", "?B", "?A", "?B", "?B", "?B", "?A", "?A", "T2g", "?A", "T2g", "T2g", "?A", "A1g"]]}}, "comp_details": {"geometry": {}, "excited_states": {}, "freq": {},