{"molecule": {"atoms_masses": [89.9043], "nb_atoms": 1, "starting_geometry": [[0.0, 0.0, 0.0]], "atoms_Z": [40], "atoms_Zeff": [-49.6], "multiplicity": 2, "chirality": false, "nuclear_spins": [0.0], "nuclear_QMom": [0.0], "connectivity": {"bond_orders": [], "atom_pairs": []}, "charge": -1, "can": "[Zr]", "smi": "[Zr]", "starting_nuclear_repulsion": 0.0, "inchi": "InChI=1S/Zr", "formula": "Zr-", "nuclear_gfactors": [0.0], "starting_energy": -3523.78075955, "nb_heavy_atoms": 1, "atoms_valence": [0], "monoisotopic_mass": 89.904704}, "results": {"geometry": {"nuclear_repulsion_energy_from_xyz": 0.0, "elements_3D_coords_converged": [0.0, 0.0, 0.0]}, "excited_states": {}, "freq": {}, "wavefunction": {"SCF_values": [9.21e-10, 2.82e-08, 9.09e-13], "MO_number": 39, "homo_indexes": [20, 19], "virial_ratio": [2.0018], "MO_number_kept": 39, "total_molecular_energy": -3523.78075955, "MO_energies": [[-17382.476032362112, -2392.8274299808895, -2183.7318818904837, -2183.6682072494664, -2183.6682072494664, -395.368363311676, -313.483863419216, -313.427807966013, -313.427807966013, -179.5774539297175, -179.5774539297175, -179.4647987956105, -179.440036435215, -179.3260207318555, -47.404409667904005, -25.730541475579, -24.8780087819625, -24.8780087819625, 0.6506242165455001, 2.168747388485, 2.168747388485, 2.898012507825, 2.944816090111, 2.944816090111, 4.74022327571, 5.455338474824, 5.6705805305695, 5.9856883694485, 6.5369910305615, 6.781621382161, 6.781621382161, 14.725441019807501, 25.5517626758005, 25.5517626758005, 26.272592265775, 26.397764637005, 26.7022600357145, 65.390046730552, 2718.9041781735446], [-17382.476032362112, -2392.7512381027495, -2183.6524246461377, -2183.6524246461377, -2183.5865730943165, -395.3212876155395, -313.4133859319365, -313.4133859319365, -313.3524324294245, -179.53582051059098, -179.426974970391, -179.405750090052, -179.281666174224, -179.281666174224, -46.8163716369735, -24.711202991606, -24.711202991606, -23.846153060866502, 0.832124154829, 2.5263049880420003, 2.9137951111539997, 2.9137951111539997, 2.9605986934399997, 4.8887974380829995, 5.882557220109001, 5.9835114586445, 6.3655593047465, 6.3655593047465, 6.816451955025, 6.816451955025, 7.1209473537345, 14.9768742176695, 25.756664405227003, 26.5351821315075, 26.613550920451498, 26.949611525819, 26.949611525819, 65.805836694116, 2719.0690791669476]], "MO_coefs": [[[0.97877, 0.07867, 0.10966, 0.08222, -0.06533, -0.06533, -0.06533, -0.0312, -0.0312, -0.33381, 1.01763, 0.07302, -0.04002, 0.01524, 0.98001, 0.04986, 0.98002, 0.04984, 0.98002, 0.04984, 0.13691, -0.50543, 1.04171, 0.13712, -0.03897, -0.03897, -0.46569, 1.08033, -0.4657, 1.08041, -0.4657, 1.08041, 0.97764, 0.07419, 0.97764, 0.07419, 0.84652, -0.84652, 0.06467, -0.06467, -0.48875, -0.48875, 0.97752, -0.03707, 0.07479, 0.97763, 0.07423, -0.05299, 0.21093, -0.47551, 1.11329, -0.02002, -0.02002, 0.16922, -0.5232, 1.08535, 0.08479, 0.16929, -0.52352, 1.08659, 0.08052, 0.16929, -0.52352, 1.08659, 0.08052, -0.05049, 0.07954, -0.38154, 0.97495, 0.0375, 0.0375, 0.09483, -0.21919, 0.56012, 0.61184, -0.21919, 0.56012, 0.61184, 0.05419, -0.13193, -0.09537, 1.07746, -0.11911, -0.14103, 1.11063, -0.11911, -0.14103, 1.11063, 0.23611, 0.17725, 3.37514, -2.41382, -0.51629, -0.51629, -0.30767, -0.18423, 0.18423, 0.46572, -0.46572, 0.54752, -0.54752, 0.85341, -0.51545, -0.10511, -0.10511, 0.20627, 0.25043, 0.25043, -0.53713, 0.17103, 0.17103, -0.75372, -0.20941, 0.52757, 0.64138, 0.16907, -0.44042, 1.71145, -1.25604, 0.1691, -0.441, 1.7085, -1.22687, 0.1691, -0.441, 1.7085, -1.22687, 1.31629, 4.74481, -1.69436, -0.21981, -1.71135, -1.71135, -1.70026, -0.31847, 1.07083, -0.98832, -0.31847, 1.07083, -0.98832, -0.27998, 0.27998, 0.93721, -0.93721, -0.84472, 0.84472, 0.16198, -0.3231, -0.52976, -0.52976, 1.09409, 0.49797, 0.49797, -0.96418, -0.32501, 1.08723, -0.96941, -0.54425, 4.9661, -1.64004, 0.49168, -2.42207, -2.42207, -2.4133, 0.86771, 0.86771, 0.86477, 2.55629, 17.68573, 6.46057, -8.90997, -8.90997, -8.90996, -2.35204, -2.35204, -2.35207], [0, 1, 5, 9, 21, 22, 23, 28, 29, 0, 1, 5, 9, 28, 4, 8, 3, 7, 2, 6, 0, 1, 5, 9, 27, 28, 4, 8, 3, 7, 2, 6, 26, 32, 25, 31, 21, 22, 27, 28, 21, 22, 23, 28, 29, 24, 30, 0, 1, 5, 9, 27, 28, 4, 8, 12, 16, 3, 7, 11, 15, 2, 6, 10, 14, 1, 5, 9, 17, 33, 34, 35, 26, 32, 38, 25, 31, 37, 8, 12, 16, 20, 11, 15, 19, 10, 14, 18, 5, 9, 13, 17, 33, 34, 35, 21, 22, 27, 28, 33, 34, 13, 17, 21, 22, 23, 27, 28, 29, 33, 34, 35, 24, 30, 36, 8, 12, 16, 20, 7, 11, 15, 19, 6, 10, 14, 18, 9, 13, 17, 28, 33, 34, 35, 26, 32, 38, 25, 31, 37, 21, 22, 27, 28, 33, 34, 21, 23, 27, 28, 29, 33, 34, 35, 24, 30, 36, 5, 9, 13, 17, 27, 28, 29, 33, 34, 35, 1, 5, 9, 21, 22, 23, 27, 28, 29], [0, 9, 14, 16, 18, 20, 26, 28, 30, 32, 34, 36, 40, 45, 47, 53, 57, 61, 65, 72, 75, 78, 82, 85, 88, 95, 101, 112, 115, 119, 123, 127, 134, 137, 140, 146, 154, 157, 167, 176]], [[0.97877, 0.07867, 0.10965, 0.08222, -0.06533, -0.06533, -0.06533, -0.0312, -0.0312, -0.33381, 1.01765, 0.07308, -0.03996, 0.01522, 0.98003, 0.04983, 0.98003, 0.04983, 0.98003, 0.04981, 0.13691, -0.50544, 1.04168, 0.13713, -0.03895, -0.03907, -0.4657, 1.08042, -0.4657, 1.08042, -0.46571, 1.0805, 0.97769, 0.07403, -0.48877, -0.48877, 0.97752, -0.03749, 0.0743, 0.84659, -0.84659, 0.06446, -0.06446, 0.97768, 0.07406, 0.97768, 0.07406, -0.05316, 0.21168, -0.47741, 1.12591, -0.01828, -0.02938, 0.16927, -0.52347, 1.08656, 0.08055, 0.16927, -0.52347, 1.08656, 0.08055, 0.16935, -0.52382, 1.08789, 0.07599, -0.04776, 0.06449, -0.37354, -0.1567, 1.0944, 0.08108, 0.08108, -0.21811, 0.55694, 0.61478, -0.11671, -0.15109, 1.11783, -0.11671, -0.15109, 1.11783, -0.10307, -0.19969, 1.15217, 0.23854, 0.18077, 3.44309, -2.37975, -0.39735, -0.39735, -0.61822, 0.90247, -0.52912, 0.10222, 0.10222, -0.20856, -0.27504, -0.27504, 0.51137, -0.45598, -0.45598, 0.46572, -0.18328, 0.18328, 0.46309, -0.46309, 0.54989, -0.54989, -0.20856, 0.52516, 0.64352, -0.20856, 0.52516, 0.64352, 0.1694, -0.44173, 1.70764, -1.22032, 0.1694, -0.44173, 1.70764, -1.22032, 0.16924, -0.44185, 1.70285, -1.18801, 1.30557, 4.68693, -1.66592, -0.22813, -1.69815, -1.69815, -1.70879, -0.31904, 1.0725, -0.98649, 0.16131, -0.32369, -0.55427, -0.55427, 1.06946, 0.47697, 0.47697, -0.98524, -0.28038, 0.28038, 0.93852, -0.93852, -0.84318, 0.84318, -0.32538, 1.08841, -0.96798, -0.32538, 1.08841, -0.96798, -0.54403, 4.9662, -1.63157, 0.48907, -2.41623, -2.41623, -2.42587, 0.8621, 0.8621, 0.866, 2.5563, 17.6857, 6.46079, -8.90997, -8.90997, -8.90997, -2.35214, -2.35214, -2.35212], [0, 1, 5, 9, 21, 22, 23, 28, 29, 0, 1, 5, 9, 29, 3, 7, 2, 6, 4, 8, 0, 1, 5, 9, 28, 29, 3, 7, 2, 6, 4, 8, 24, 30, 21, 22, 23, 28, 29, 21, 22, 27, 28, 26, 32, 25, 31, 0, 1, 5, 9, 21, 29, 3, 7, 11, 15, 2, 6, 10, 14, 4, 8, 12, 16, 1, 5, 9, 13, 17, 33, 34, 24, 30, 36, 10, 14, 18, 11, 15, 19, 12, 16, 20, 5, 9, 13, 17, 33, 34, 35, 13, 17, 21, 22, 23, 27, 28, 29, 33, 34, 35, 21, 22, 27, 28, 33, 34, 25, 31, 37, 26, 32, 38, 6, 10, 14, 18, 7, 11, 15, 19, 8, 12, 16, 20, 9, 13, 17, 29, 33, 34, 35, 24, 30, 36, 21, 23, 27, 28, 29, 33, 34, 35, 21, 22, 27, 28, 33, 34, 25, 31, 37, 26, 32, 38, 5, 9, 13, 17, 27, 28, 29, 33, 34, 35, 1, 5, 9, 21, 22, 23, 27, 28, 29], [0, 9, 14, 16, 18, 20, 26, 28, 30, 32, 34, 39, 43, 45, 47, 53, 57, 61, 65, 72, 75, 78, 81, 84, 91, 102, 108, 111, 114, 118, 122, 126, 133, 136, 144, 150, 153, 156, 166, 175]]], "MO_sym": [["A1g", "A1g", "T1u", "T1u", "T1u", "A1g", "T1u", "T1u", "T1u", "T2g", "T2g", "Eg", "Eg", "T2g", "?A", "T1u", "T1u", "T1u", "?A", "?B", "?B", "?C", "?C", "?C", "?A", "?A", "?A", "?B", "?C", "?C", "?C", "?A", "?B", "?B", "?A", "?A", "?B", "A1g", "A1g"], ["A1g", "A1g", "T1u", "T1u", "T1u", "A1g", "T1u", "T1u", "T1u", "T2g", "Eg", "Eg", "T2g", "T2g", "?A", "T1u", "T1u", "T1u", "?A", "?B", "?C", "?C", "?C", "?A", "?A", "?A", "?B", "?B", "?C", "?C", "?C", "?A", "?B", "?A", "?A", "?B", "?B", "A1g", "A1g"]]}}, "comp_details": {"geometry": {}, "excited_states": {}, "freq": {}, "general": {"scf_targets": [[1e-08, 1e-06, 1e-06]], "list_theory": ["DFT"],