{"molecule": {"atoms_masses": [126.9004, 126.9004], "nb_atoms": 2, "starting_geometry": [[1.066497, 0.0, 0.0], [3.933503, 0.0, 0.0]], "atoms_Z": [53, 53], "atoms_Zeff": [-65.72, -65.72], "multiplicity": 1, "chirality": false, "nuclear_spins": [5.0, 5.0], "nuclear_QMom": [-71.0, -71.0], "connectivity": {"bond_orders": [], "atom_pairs": []}, "charge": 0, "can": "I.I", "smi": "I.I", "starting_nuclear_repulsion": 518.47185, "inchi": "InChI=1S/2HI/h2*1H", "formula": "I2", "nuclear_gfactors": [2.81328, 2.81328], "starting_energy": -13780.2830965, "nb_heavy_atoms": 2, "atoms_valence": [0, 0], "monoisotopic_mass": 253.808946}, "results": {"geometry": {"geometric_values": [[0.052979, 0.052979, 0.15, 0.212132], [0.023117, 0.023117, 0.239205, 0.338287], [0.000967, 0.000967, 0.015543, 0.021981], [4e-06, 4e-06, 6.6e-05, 9.4e-05]], "nuclear_repulsion_energy_from_xyz": 455.62234, "elements_3D_coords_converged": [0.868764, 0.0, 0.0, 4.131236, 0.0, 0.0], "OPT_DONE": true}, "excited_states": {"et_oscs": [0.0, 0.0, 0.0, 0.0, 1.925, 0.0, 0.0, 0.0, 0.1255, 0.4216, 0.0, 0.0, 0.0, 0.0, 1.7313, 0.0, 0.2088, 0.0, 0.0, 0.5973, 0.0, 0.0, 0.0, 0.0, 1.433, 0.0, 0.3501, 0.0, 0.0, 0.7194, 0.0, 0.0, 0.0, 0.0, 1.4513, 0.0, 0.3413, 0.0, 0.0, 0.7214], "et_rot": [0.0, 0.0, 0.0, 0.0, 0.0, 0.0, 0.0, 0.0, 0.0, -0.0001], "et_transitions": [[[[52, 0], [53, 0], 0.9980670795091883]], [[[51, 0], [53, 0], 0.9980670795091883]], [[[49, 0], [53, 0], 0.2926997810043595], [[50, 0], [53, 0], 0.9577619929815548]], [[[49, 0], [53, 0], 0.9577619929815548], [[50, 0], [53, 0], -0.2926997810043595]], [[[48, 0], [53, 0], 1.0120112252341869]], [[[47, 0], [53, 0], 0.9973599727280016]], [[[51, 0], [54, 0], 0.5795164335892469], [[52, 0], [54, 0], 0.8024530595617417]], [[[51, 0], [54, 0], 0.8024530595617417], [[52, 0], [54, 0], -0.5795164335892469]], [[[46, 0], [53, 0], 0.9880968738944579]], [[[49, 0], [54, 0], 0.4353090766340624], [[51, 0], [55, 0], -0.44734403404985745], [[52, 0], [55, 0], 0.7751163114010696]], [[[51, 0], [53, 0], -1.0108232858417934]], [[[52, 0], [53, 0], 1.0108232858417934]], [[[50, 0], [53, 0], 1.0021824409756939]], [[[49, 0], [53, 0], 1.0021824409756939]], [[[48, 0], [53, 0], 1.021033907762127]], [[[47, 0], [53, 0], 0.998236785136673]], [[[46, 0], [53, 0], 0.9948002461801063]], [[[50, 0], [55, 0], -0.1465832357399713], [[51, 0], [54, 0], 0.8832895067869878], [[52, 0], [54, 0], -0.4410649258329209]], [[[49, 0], [55, 0], -0.1465832357399713], [[51, 0], [54, 0], 0.4410649258329209], [[52, 0], [54, 0], 0.8832895067869878]], [[[50, 0], [54, 0], 0.6371456362559506], [[51, 0], [55, 0], -0.7513858078244491], [[52, 0], [55, 0], 0.15240979561694848]], [[[51, 0], [53, 0], 0.6576517329103604], [[52, 0], [53, 0], -0.7910686403846383]], [[[51, 0], [53, 0], -0.7910686403846383], [[52, 0], [53, 0], -0.6576517329103604]], [[[49, 0], [53, 0], -0.9151800226185011], [[50, 0], [53, 0], 0.4186779251405548]], [[[49, 0], [53, 0], -0.4186779251405548], [[50, 0], [53, 0], -0.9151800226185011]], [[[48, 0], [53, 0], -1.0396873846498282]], [[[47, 0], [53, 0], -0.9984206328997814]], [[[46, 0], [53, 0], -0.9983782064929103]], [[[51, 0], [54, 0], 0.8863159238104663], [[52, 0], [54, 0], -0.43125028371005164]], [[[51, 0], [54, 0], 0.43125028371005164], [[52, 0], [54, 0], 0.8863159238104663]], [[[49, 0], [54, 0], 0.23208658772104865], [[50, 0], [54, 0], 0.8684402643820702], [[51, 0], [55, 0], 0.2909178719157694], [[52, 0], [55, 0], -0.32641463233133405]], [[[51, 0], [53, 0], 0.858102363241123], [[52, 0], [53, 0], -0.564271211386865]], [[[51, 0], [53, 0], -0.564271211386865], [[52, 0], [53, 0], -0.858102363241123]], [[[49, 0], [53, 0], 0.6673108115413687], [[50, 0], [53, 0], -0.7528565899293171]], [[[49, 0], [53, 0], -0.7528565899293171], [[50, 0], [53, 0], -0.6673108115413687]], [[[48, 0], [53, 0], -1.038287313223079]], [[[47, 0], [53, 0], -0.9984347750354051]], [[[46, 0], [53, 0], -0.998236785136673]], [[[50, 0], [55, 0], 0.1602445387524954], [[51, 0], [54, 0], 0.9045309944938316], [[52, 0], [54, 0], -0.39158159328548636]], [[[49, 0], [55, 0], 0.1602445387524954], [[51, 0], [54, 0], 0.39158159328548636], [[52, 0], [54, 0], 0.9045309944938316]], [[[49, 0], [54, 0], -0.30514486035324273], [[50, 0], [54, 0], 0.8352486720731737], [[51, 0], [55, 0], 0.3917654410485948], [[52, 0], [55, 0], -0.2341654816577371]]], "et_energies": [13759.012004311, 13759.012004311, 24270.029323039, 24270.029323039, 57089.535593477995, 105707.02346473999, 117446.423178835, 117446.423178835, 117594.829193771, 125388.564641198, 10581.99410848, 10581.99410848, 18780.619879265, 18780.619879265, 51301.701010974, 103229.288258852, 111073.836635306, 117209.296176709, 117209.296176709, 124569.911895763, 6559.707171057, 6559.707171057, 12162.034234891, 12162.034234891, 43113.560447765994, 99939.352742961, 103729.35200483199, 116301.11588965499, 116301.11588965499, 122391.408383034, 6791.18829218, 6791.18829218, 12527.403391228, 12527.403391228, 43603.945540598, 100130.506142634, 104115.69157632299, 116377.73856041, 116377.73856041, 122566.430694127], "et_sym": ["Singlet-?Sym", "Singlet-?Sym", "Singlet-?Sym", "Singlet-?Sym", "Singlet-?Sym", "Singlet-?Sym", "Singlet-?Sym", "Singlet-?Sym", "Singlet-?Sym", "Singlet-?Sym", "Singlet-?Sym", "Singlet-?Sym", "Singlet-?Sym", "Singlet-?Sym", "Singlet-?Sym", "Singlet-?Sym", "Singlet-?Sym", "Singlet-?Sym", "Singlet-?Sym", "Singlet-?Sym", "Singlet-?Sym", "Singlet-?Sym", "Singlet-?Sym", "Singlet-?Sym", "Singlet-?Sym", "Singlet-?Sym", "Singlet-?Sym", "Singlet-?Sym", "Singlet-?Sym", "Singlet-?Sym", "Singlet-?Sym", "Singlet-?Sym", "Singlet-?Sym", "Singlet-?Sym", "Singlet-?Sym", "Singlet-?Sym", "Singlet-?Sym", "Singlet-?Sym", "Singlet-?Sym", "Singlet-?Sym"]}, "freq": {}, "wavefunction": {"Mulliken_partial_charges": [0.0, 0.0], "MO_number": 66, "homo_indexes": [52], "SCF_values": [7.28e-09, 1.27e-07, 1.46e-11], "MO_number_kept": 66, "total_molecular_energy": -13780.266881, "MO_energies": [[null, null, -4785.693228014699, -4785.691323217747, -4478.607849676141, -4478.605128537636, -4478.528392431795, -4478.528392431795, -4478.5259434071395, -4478.5259434071395, -977.0647809562735, -977.0647809562735, -844.9102404362941, -844.9094240947425, -844.6841138265286, -844.6841138265286, -844.6835695988275, -844.6835695988275, -624.2572007736015, -624.2550238627975, -624.2011453203985, -624.2011453203985, -624.2011453203985, -624.2011453203985, -624.039781807052, -624.039781807052, -624.039781807052, -624.039781807052, -175.92840719451252, -175.92840719451252, -129.6717737480175, -129.6717737480175, -129.0856405140405, -129.0856405140405, -129.0856405140405, -129.0856405140405, -57.6171145910195, -57.614665566365005, -57.4500366868125, -57.4500366868125, -57.4489482314105, -57.4489482314105, -56.951251998846, -56.951251998846, -56.951251998846, -56.9509798849955, -18.8283736576465, -17.846858998893, -9.6614022620025, -8.420290989871999, -8.420290989871999, -7.7000056275985, -7.7000056275985, -5.504318967914, 8.2224642205585, 9.400445079373, 10.347945506814, 10.347945506814, 11.9185866519, 11.9185866519, 12.078045368293, 13.527323736056001, 109.78351664267349, 112.80153135856901, 6148.196665764053, 6149.798872115797]], "virial_ratio": [2.0034, 2.0034, 2.0034, 2.0034]}}, "comp_details": {"geometry": {"geometric_targets": [0.00045, 0.0003, 0.0018, 0.0012]}, "excited_states": {"nb_et_states": 40}, "freq": {}, "general": {"scf_targets": [[1e-08, 1e-06, 1e-06], [1e-08, 1e-06, 1e-06], [1e-08, 1e-06, 1e-06], [1e-08, 1e-06, 1e-06]], "list_theory": ["DFT"], "solvent": "Gas", "package": "Gaussian", "integration_grid": "Default", "package_version": "09revisionD.01", "basis_set_size": 66, "job_type": ["OPT_ES"], "functional": "PBE1PBE", "is_closed_shell": "True", "core_electrons_per_atoms": [0, 0], "basis_set_md5": "7ef8a8c5d8f21cc008e913d0c5de4cd8",