{"molecule": {"atoms_masses": [14.003074, 14.003074], "nb_atoms": 2, "starting_geometry": [[-0.5448, 0.0, 0.0], [0.5448, 0.0, 0.0]], "atoms_Z": [7, 7], "atoms_Zeff": [-4.55, -4.55], "multiplicity": 1, "chirality": false, "nuclear_spins": [2.0, 2.0], "nuclear_QMom": [2.044, 2.044], "connectivity": {"bond_orders": [3, 3], "atom_pairs": [[0, 1], [1, 0]]}, "charge": 0, "can": "N#N", "smi": "N#N", "starting_nuclear_repulsion": 23.79743, "inchi": "InChI=1S/N2/c1-2", "formula": "N2", "nuclear_gfactors": [0.403761, 0.403761], "starting_energy": -109.43910904, "nb_heavy_atoms": 2, "atoms_valence": [1, 1], "monoisotopic_mass": 28.00614801}, "results": {"geometry": {"geometric_values": [[0.282649, 0.282649, 0.073684, 0.104205], [0.072087, 0.072087, 0.038442, 0.054365], [0.00195, 0.00195, 0.001164, 0.001645], [4e-06, 4e-06, 2e-06, 3e-06]], "nuclear_repulsion_energy_from_xyz": 21.48204, "elements_3D_coords_converged": [-0.603519, 0.0, 0.0, 0.603519, 0.0, 0.0], "OPT_DONE": true}, "excited_states": {"et_oscs": [0.0, 0.0, 0.0, 0.0, 0.0, 0.0, 0.361, 0.0529, 0.0529, 0.1654, 0.0, 0.0, 0.0, 0.0, 0.0, 0.0, 0.7676, 0.1409, 0.1409, 0.006, 0.0, 0.0, 0.0, 0.0, 0.0, 0.5843, 0.1364, 0.1364, 0.0, 0.1812, 0.0, 0.0, 0.0, 0.0, 0.0, 0.5894, 0.1364, 0.1364, 0.0, 0.1765], "et_rot": [0.0, 0.0, 0.0, 0.0, 0.0, 0.0, 0.0, 0.0, 0.0, 0.0], "et_transitions": [[[[6, 0], [7, 0], 0.9778155412960055], [[6, 0], [8, 0], -0.19363412096012417]], [[[6, 0], [7, 0], 0.19363412096012417], [[6, 0], [8, 0], 0.9778155412960055]], [[[4, 0], [7, 0], 0.7040520798918217], [[5, 0], [8, 0], -0.7040520798918217]], [[[4, 0], [8, 0], -0.7051834507417202], [[5, 0], [7, 0], 0.7051834507417202]], [[[4, 0], [7, 0], 0.7051834507417202], [[5, 0], [8, 0], 0.7051834507417202]], [[[6, 0], [9, 0], 0.983147126426152]], [[[4, 0], [8, 0], 0.15682214193155253], [[5, 0], [7, 0], 0.15682214193155253], [[6, 0], [10, 0], 0.9642815175040949]], [[[3, 0], [8, 0], 0.1934502731970157], [[6, 0], [11, 0], 0.92332589273777], [[6, 0], [12, 0], 0.3103774505340232]], [[[3, 0], [7, 0], 0.1934502731970157], [[6, 0], [11, 0], -0.3103774505340232], [[6, 0], [12, 0], 0.92332589273777]], [[[3, 0], [7, 0], 0.27814752344754035], [[5, 0], [9, 0], 0.9545093017880968]], [[[6, 0], [7, 0], 0.17663527394039957], [[6, 0], [8, 0], 0.9819309027625112]], [[[4, 0], [7, 0], -0.575146513681514], [[4, 0], [8, 0], -0.4089481358314279], [[5, 0], [7, 0], -0.4089481358314279], [[5, 0], [8, 0], 0.575146513681514]], [[[6, 0], [7, 0], 0.9819309027625112], [[6, 0], [8, 0], -0.17663527394039957]], [[[4, 0], [7, 0], 0.5492946897613339], [[4, 0], [8, 0], 0.4434973731602026], [[5, 0], [7, 0], -0.4434973731602026], [[5, 0], [8, 0], 0.5492946897613339]], [[[4, 0], [7, 0], 0.4434973731602026], [[4, 0], [8, 0], -0.5492946897613339], [[5, 0], [7, 0], 0.5492946897613339], [[5, 0], [8, 0], 0.4434973731602026]], [[[4, 0], [12, 0], -0.14853485045604617], [[5, 0], [11, 0], 0.14853485045604617], [[6, 0], [9, 0], 0.9756517945455746]], [[[3, 0], [9, 0], 0.21682722338304297], [[4, 0], [7, 0], -0.30308010855217804], [[4, 0], [8, 0], 0.4262581098348746], [[5, 0], [7, 0], 0.4262581098348746], [[5, 0], [8, 0], 0.30308010855217804], [[6, 0], [10, 0], 0.5865309328586175]], [[[4, 0], [9, 0], 0.6159465749559778], [[5, 0], [9, 0], -0.7784679975438938]], [[[4, 0], [9, 0], 0.7784679975438938], [[5, 0], [9, 0], 0.6159465749559778]], [[[4, 0], [7, 0], 0.2203203308821045], [[4, 0], [8, 0], -0.3098541915159451], [[5, 0], [7, 0], -0.3098541915159451], [[5, 0], [8, 0], -0.2203203308821045], [[6, 0], [10, 0], 0.8064977103501287]], [[[6, 0], [7, 0], 0.987884741860102], [[6, 0], [8, 0], 0.14222745796786218]], [[[4, 0], [8, 0], 0.7014923533439265], [[5, 0], [7, 0], 0.7014923533439265]], [[[4, 0], [7, 0], 0.7014923533439265], [[5, 0], [8, 0], -0.7014923533439265]], [[[6, 0], [7, 0], -0.14222745796786218], [[6, 0], [8, 0], 0.987884741860102]], [[[4, 0], [7, 0], 0.6124958938637874], [[4, 0], [8, 0], -0.35185633431842606], [[5, 0], [7, 0], 0.35185633431842606], [[5, 0], [8, 0], 0.6124958938637874]], [[[3, 0], [9, 0], 0.19224819166899856], [[4, 0], [7, 0], 0.32780056162245974], [[4, 0], [8, 0], 0.5706210302819201], [[4, 0], [15, 0], 0.1722087854901718], [[5, 0], [7, 0], -0.5706210302819201], [[5, 0], [8, 0], 0.32780056162245974], [[5, 0], [14, 0], -0.1722087854901718], [[6, 0], [17, 0], 0.2014122955531762]], [[[4, 0], [9, 0], 0.30070422976739125], [[5, 0], [9, 0], -0.9485696048261298]], [[[4, 0], [9, 0], -0.9485696048261298], [[5, 0], [9, 0], -0.30070422976739125]], [[[4, 0], [12, 0], 0.162790123164767], [[5, 0], [11, 0], 0.162790123164767], [[6, 0], [9, 0], 0.97063133639915]], [[[6, 0], [10, 0], 0.9953093630625607]], [[[6, 0], [7, 0], 0.1654064182551572], [[6, 0], [8, 0], 0.9842643551404269]], [[[4, 0], [7, 0], 0.5862480901461429], [[4, 0], [8, 0], 0.3938019085784121], [[5, 0], [7, 0], -0.3938019085784121], [[5, 0], [8, 0], 0.5862480901461429]], [[[4, 0], [7, 0], -0.3938019085784121], [[4, 0], [8, 0], 0.5862480901461429], [[5, 0], [7, 0], -0.5862480901461429], [[5, 0], [8, 0], -0.3938019085784121]], [[[4, 0], [7, 0], -0.6257470749432233], [[4, 0], [8, 0], 0.3276732824018461], [[5, 0], [7, 0], 0.3276732824018461], [[5, 0], [8, 0], 0.6257470749432233]], [[[6, 0], [7, 0], 0.9842643551404269], [[6, 0], [8, 0], -0.1654064182551572]], [[[3, 0], [9, 0], 0.19364826309574792], [[4, 0], [7, 0], 0.30500343899700544], [[4, 0], [8, 0], 0.582457997798983], [[4, 0], [15, 0], 0.1582222133583019], [[5, 0], [7, 0], 0.582457997798983], [[5, 0], [8, 0], -0.30500343899700544], [[5, 0], [14, 0], -0.1582222133583019], [[6, 0], [17, 0], 0.19980009209207086]], [[[4, 0], [9, 0], 0.6522352949664715], [[5, 0], [9, 0], -0.7514706606381916]], [[[4, 0], [9, 0], -0.7514706606381916], [[5, 0], [9, 0], -0.6522352949664715]], [[[4, 0], [12, 0], 0.1621113006548279], [[5, 0], [11, 0], 0.1621113006548279], [[6, 0], [9, 0], 0.9707868998910112]], [[[6, 0], [10, 0], 0.9948992411294725]]], "et_energies": [76110.508692585, 76110.508692585, 76918.676230443, 81081.30363851199, 81081.30363851199, 105898.17686441299, 106945.891067684, 108774.349958227, 108774.349958227, 110704.434706824, 67409.399512533, 64263.030685004, 67409.399512533, 68766.024062111, 68766.024062111, 104303.61875828, 104681.89278548099, 105231.962906059, 105231.962906059, 106766.83598444599, 63223.382026023, 63003.999221335, 63003.999221335, 63223.382026023, 58339.694958428, 100252.295861413, 102624.372437102, 102624.372437102, 103435.766192676, 105236.80223263301, 63346.78485366, 63171.762542567, 63171.762542567, 58512.297606233995, 63346.78485366, 100407.96086620999, 102700.995107857, 102700.995107857, 103462.382488833, 105266.64474650599], "et_sym": ["Singlet-?Sym", "Singlet-?Sym", "Singlet-?Sym", "Singlet-?Sym", "Singlet-?Sym", "Singlet-?Sym", "Singlet-?Sym", "Singlet-?Sym", "Singlet-?Sym", "Singlet-?Sym", "Singlet-?Sym", "Singlet-?Sym", "Singlet-?Sym", "Singlet-?Sym", "Singlet-?Sym", "Singlet-?Sym", "Singlet-?Sym", "Singlet-?Sym", "Singlet-?Sym", "Singlet-?Sym", "Singlet-?Sym", "Singlet-?Sym", "Singlet-?Sym", "Singlet-?Sym", "Singlet-?Sym", "Singlet-?Sym", "Singlet-?Sym", "Singlet-?Sym", "Singlet-?Sym", "Singlet-?Sym", "Singlet-?Sym", "Singlet-?Sym", "Singlet-?Sym", "Singlet-?Sym", "Singlet-?Sym", "Singlet-?Sym", "Singlet-?Sym", "Singlet-?Sym", "Singlet-?Sym", "Singlet-?Sym"]}, "freq": {}, "wavefunction": {"Mulliken_partial_charges": [0.0, 0.0], "MO_number": 68, "homo_indexes": [6], "SCF_values": [1.26e-09, 2.09e-08, -4.66e-12], "MO_number_kept": 37, "total_molecular_energy": -109.408384002,