{"molecule": {"atoms_masses": [15.9949146, 15.9949146], "nb_atoms": 2, "starting_geometry": [[0.0, 0.0, 0.595631], [0.0, 0.0, -0.595631]], "atoms_Z": [8, 8], "atoms_Zeff": [-5.6, -5.6], "multiplicity": 1, "chirality": false, "nuclear_spins": [0.0, 0.0], "nuclear_QMom": [0.0, 0.0], "connectivity": {"bond_orders": [2, 2], "atom_pairs": [[0, 1], [1, 0]]}, "charge": 0, "can": "O=O", "smi": "O=O", "starting_nuclear_repulsion": 28.42985, "inchi": "InChI=1S/O2/c1-2", "formula": "O2", "nuclear_gfactors": [0.0, 0.0], "starting_energy": -150.159680307, "nb_heavy_atoms": 2, "atoms_valence": [1, 1], "monoisotopic_mass": 31.98982924}, "results": {"geometry": {"geometric_values": [[0.0, 0.0, 0.0, 0.0]], "nuclear_repulsion_energy_from_xyz": 28.42985, "elements_3D_coords_converged": [0.0, 0.0, 0.595631, 0.0, 0.0, -0.595631], "OPT_DONE": true}, "excited_states": {}, "freq": {"electronic_thermal_energy": -150.153417, "vibrational_freq": [1712.1845], "zero_point_energy": -150.15578, "enthalpy": -150.152473, "polarizabilities": [[7.112, 0.0, 0.0], [0.0, 7.837, 0.0], [0.0, 0.0, 13.574]], "entropy": 7.4499e-05, "vibrational_sym": ["SGG"], "vibration_disp": [[[0.0, 0.0, 0.70711], [0.0, 0.0, -0.70711]]], "vibrational_int": [0.0], "free_energy": -150.174685}, "wavefunction": {"Mulliken_partial_charges": [0.0, 0.0], "MO_number": 78, "homo_indexes": [7], "SCF_values": [2.7e-10, 3.22e-09, null], "MO_number_kept": 38, "total_molecular_energy": -150.159680307, "MO_energies": [[-526.9296956375655, -526.9212601082, -36.371825713232, -22.510890396463, -15.331166451020499, -14.934696570842, -14.872654612928002, -7.304896316672501, -4.717909939969, 2.641681260654, 2.8223648573860003, 3.849322529173, 4.0272849874, 5.560374421117, 6.070315776954, 6.0776628509175, 8.033345094461, 9.343845398469, 17.268889180431, 17.2735151158895, 22.585177477649502, 22.7440919663415, 22.7517111541555, 23.1751203055335, 25.9523142637365, 26.062792487039502, 26.085377936631, 26.481031475258, 27.731938846006503, 27.970854806745503, 28.915906209532, 33.430274989326996, 37.3827286678395, 37.824913674902, 48.2079618684305, 61.164934973838506, 76.863999350735, 77.703198465677]], "virial_ratio": [2.0024], "MO_sym": [["sigma.g", "sigma.u", "sigma.g", "sigma.u", "sigma.g", "pi.u", "pi.u", "pi.g", "pi.g", "sigma.g", "sigma.u", "pi.u", "pi.u", "sigma.g", "pi.g", "pi.g", "sigma.u", "sigma.u", "?A", "?A", "sigma.u", "?A", "pi.u", "pi.u", "pi.u", "?B", "?B", "pi.u", "pi.g", "pi.g", "sigma.g", "?B", "pi.g", "pi.g", "sigma.g", "sigma.u", "pi.u", "pi.u"]]}}, "comp_details": {"geometry": {"geometric_targets": [0.00045, 0.0003, 0.0018, 0.0012]}, "excited_states": {}, "freq": {"temperature": 298.15}, "general": {"scf_targets": [[1e-08, 1e-06, 1e-06]], "list_theory": ["DFT"], "solvent": "Gas", "package": "Gaussian", "integration_grid": "Default", "package_version": "09revisionD.01", "basis_set_size": 78, "job_type": ["FREQ", "OPT"], "functional": "PBE1PBE", "is_closed_shell": "True", "core_electrons_per_atoms": [0, 0], "basis_set_md5": "6212aced3df8bb15ba8ffaa4973f1b41", "basis_set": "(lp0\n(lp1\n(VS\np2\n(lp3\n(F8588.5\nF0.001895150083\ntp4\na(F1297.23\nF0.01438590063\ntp5\na(F299.296\nF0.0707320031\ntp6\na(F87.3771\nF0.2400010105\ntp7\na(F25.6789\nF0.5947970261\ntp8\na(F3.74004\nF0.2808020123\ntp9\natp10\na(g2\n(lp11\n(F42.1175\nF0.1138890124\ntp12\na(F9.62837\nF0.9208111006\ntp13\na(F2.85332\nF-0.003274470358\ntp14\natp15\na(VP\np16\n(lp17\n(F42.1175\nF0.03651139738\ntp18\na(F9.62837\nF0.237152983\ntp19\na(F2.85332\nF0.8197019412\ntp20\natp21\na(g2\n(lp22\n(F0.905661\nF1.0\ntp23\natp24\na(g16\n(lp25\n(F0.905661\nF1.0\ntp26\natp27\na(g2\n(lp28\n(F0.255611\nF1.0\ntp29\natp30\na(g16\n(lp31\n(F0.255611\nF1.0\ntp32\natp33\na(g2\n(lp34\n(F0.0845\nF1.0\ntp35\natp36\na(g16\n(lp37\n(F0.0845\nF1.0\ntp38\natp39\na(VD\np40\n(lp41\n(F5.168\nF1.0\ntp42\natp43\na(g40\n(lp44\n(F1.292\nF1.0\ntp45\natp46\na(g40\n(lp47\n(F0.323\nF1.0\ntp48\natp49\na(VF\np50\n(lp51\n(F1.4\nF1.0\ntp52\natp53\naa(lp54\n(g2\n(lp55\n(F8588.5\nF0.001895150083\ntp56\na(F1297.23\nF0.01438590063\ntp57\na(F299.296\nF0.0707320031\ntp58\na(F87.3771\nF0.2400010105\ntp59\na(F25.6789\nF0.5947970261\ntp60\na(F3.74004\nF0.2808020123\ntp61\natp62\na(g2\n(lp63\n(F42.1175\nF0.1138890124\ntp64\na(F9.62837\nF0.9208111006\ntp65\na(F2.85332\nF-0.003274470358\ntp66\natp67\na(g16\n(lp68\n(F42.1175\nF0.03651139738\ntp69\na(F9.62837\nF0.237152983\ntp70\na(F2.85332\nF0.8197019412\ntp71\natp72\na(g2\n(lp73\n(F0.905661\nF1.0\ntp74\natp75\na(g16\n(lp76\n(F0.905661\nF1.0\ntp77\natp78\na(g2\n(lp79\n(F0.255611\nF1.0\ntp80\natp81\na(g16\n(lp82\n(F0.255611\nF1.0\ntp83\natp84\na(g2\n(lp85\n(F0.0845\nF1.0\ntp86\natp87\na(g16\n(lp88\n(F0.0845\nF1.0\ntp89\natp90\na(g40\n(lp91\n(F5.168\nF1.0\ntp92\natp93\na(g40\n(lp94\n(F1.292\nF1.0\ntp95\natp96\na(g40\n(lp97\n(F0.323\nF1.0\ntp98\natp99\na(g50\n(lp100\n(F1.4\nF1.0\ntp101\natp102\naa.", "last_theory": "DFT", "all_unique_theory": ["DFT"]}}, "metadata": {"archivable_for_new_entry": "False", "archivable": "True", "parser_version": "v7.1", "log_file": "freq.log"}}
