{"molecule": {"atoms_masses": [15.9949146, 15.9949146], "nb_atoms": 2, "starting_geometry": [[0.0, 0.0, 0.5], [0.0, 0.0, -0.5]], "atoms_Z": [8, 8], "atoms_Zeff": [0.0, 0.0], "multiplicity": 1, "chirality": false, "nuclear_spins": [0.0, 0.0], "nuclear_QMom": [0.0, 0.0], "connectivity": {"bond_orders": [2, 2], "atom_pairs": [[0, 1], [1, 0]]}, "charge": 0, "can": "O=O", "smi": "O=O", "starting_nuclear_repulsion": 33.86734, "inchi": "InChI=1S/O2/c1-2", "formula": "O2", "nuclear_gfactors": [0.0, 0.0], "starting_energy": -150.0659316, "nb_heavy_atoms": 2, "atoms_valence": [1, 1], "monoisotopic_mass": 31.98982924}, "results": {"geometry": {"geometric_values": [[0.652417, 0.652417, 0.094533, 0.13369], [0.212498, 0.212498, 0.102622, 0.145129], [0.02745, 0.02745, 0.016646, 0.023541], [0.000368, 0.000368, 0.000207, 0.000293], [0.0, 0.0, 0.0, 0.0]], "nuclear_repulsion_energy_from_xyz": 28.42985, "elements_3D_coords_converged": [0.0, 0.0, 0.595631, 0.0, 0.0, -0.595631], "OPT_DONE": true}, "excited_states": {}, "freq": {}, "wavefunction": {"Mulliken_partial_charges": [0.0, 0.0], "MO_number": 78, "homo_indexes": [7], "SCF_values": [5.93e-09, 1.7e-07, -2.22e-12], "MO_number_kept": 38, "total_molecular_energy": -150.159680307, "MO_energies": [[-526.9296956375655, -526.9212601082, -36.371825713232, -22.510890396463, -15.331166451020499, -14.934696570842, -14.872654612928002, -7.304896316672501, -4.717909939969, 2.641681260654, 2.8223648573860003, 3.849322529173, 4.0272849874, 5.560374421117, 6.070315776954, 6.0776628509175, 8.033345094461, 9.343845398469, 17.268889180431, 17.2735151158895, 22.585177477649502, 22.7440919663415, 22.7517111541555, 23.1751203055335, 25.9523142637365, 26.062792487039502, 26.085377936631, 26.481031475258, 27.731938846006503, 27.970854806745503, 28.915906209532, 33.430274989326996, 37.3827286678395, 37.824913674902, 48.2079618684305, 61.164934973838506, 76.863999350735, 77.703198465677]], "MO_coefs": [[[0.39009, 0.33216, 0.39009, 0.33216, 0.3901, 0.33198, -0.0302, -0.3901, -0.33198, 0.0302, -0.08453, -0.13587, -0.08275, 0.39605, -0.12676, 0.21194, -0.04514, -0.08453, -0.13587, 0.08275, 0.39605, 0.12676, 0.21194, 0.04514, 0.01937, -0.09071, -0.1476, 0.06698, 0.44071, 0.08622, 0.60349, -0.0877, -0.06748, 0.09071, 0.1476, 0.06698, -0.44071, 0.08622, -0.60349, -0.0877, 0.06748, -0.03187, -0.05235, 0.21339, 0.15605, 0.3175, 0.22462, 0.20159, 0.03333, -0.03187, -0.05235, -0.21339, 0.15605, -0.3175, 0.22462, -0.20159, 0.03333, 0.20672, 0.31709, 0.22995, -0.02535, 0.20672, 0.31709, 0.22995, 0.02535, 0.02516, 0.21265, 0.31932, 0.22755, -0.02343, -0.01775, 0.21265, 0.31932, 0.22755, 0.02343, 0.24559, 0.36283, 0.36019, 0.09631, -0.24559, -0.36283, -0.36019, -0.09631, 0.23774, 0.35828, 0.37013, 0.12668, -0.23774, -0.35828, -0.37013, -0.12668, 0.04398, -0.04915, -0.13205, -0.66542, -0.19137, 0.95049, 0.27659, 0.04398, 0.04915, -0.13205, -0.66542, 0.19137, 0.95049, -0.27659, 0.23937, -0.56682, 0.63915, 4.17973, -2.19163, -0.23937, 0.56682, 0.63915, -4.17973, -2.19163, 0.17824, -0.07958, -0.08575, -0.28404, 0.66918, -0.07958, -0.08575, -0.28404, 0.66918, -0.0797, -0.08106, -0.28832, 0.67135, -0.0797, -0.08106, -0.28832, 0.67135, 0.04024, -0.04359, 0.41932, -0.12184, -0.04447, 1.35823, -0.04929, 0.04024, 0.04359, 0.41932, 0.12184, -0.04447, -1.35823, -0.04929, -0.08132, -0.3687, 1.8665, 0.08132, 0.3687, -1.8665, -0.09142, -0.37324, 1.86253, 0.09142, 0.37324, -1.86253, -0.25208, -0.39037, 1.9623, -1.89321, 2.1571, -0.24315, 0.20659, -0.25208, -0.39037, -1.9623, -1.89321, -2.1571, -0.24315, -0.20659, -1.34916, 22.43691, -7.42304, -1.34916, -22.43691, -7.42304, 0.58376, 0.58376, -0.02894, 0.08094, -0.02548, -0.03737, 0.07366, 0.01096, -0.03744, 0.58275, -0.02894, 0.08094, 0.02548, -0.03737, -0.07366, -0.03744, 0.58275, 9.58795, -7.84903, 6.04985, -1.13842, 1.87502, -9.58795, -7.84903, -6.04985, -1.13842, -1.87502, -0.19273, 0.20031, 0.88726, -0.52697, -0.33284, 1.03551, -0.7251, -0.08052, -0.19273, -0.20031, 0.88726, 0.52697, -0.33284, -1.03551, -0.7251, -0.04404, 0.50772, -0.22647, 0.66677, 0.50772, -0.22647, -0.66677, -0.07053, 0.54021, -0.24153, 0.66333, -0.07053, 0.54021, -0.24153, -0.66333, -0.18933, -0.60295, 0.93882, -0.42694, -0.18933, -0.60295, 0.93882, -0.42694, 0.11667, 0.9459, -0.9459, 0.11985, -0.08483, -0.31145, 0.11484, 0.94531, -0.11985, -0.08483, 0.31145, 0.11484, -0.94531, -0.18897, -0.59528, 0.9199, -0.41525, -0.18897, -0.59528, 0.9199, -0.41525, 0.14073, 0.17371, 0.53524, -1.02694, 1.11148, -0.42634, -0.53524, 1.02694, -1.11148, -0.42634, 0.17175, 0.52745, -1.00244, 1.10692, -0.44763, -0.52745, 1.00244, -1.10692, -0.44763, -0.69621, -0.48396, 1.67169, 1.00602, -0.80339, -0.1187, -0.49171, 0.11481, -0.69621, 0.48396, 1.67169, -1.00602, -0.80339, 0.1187, -0.49171, 4.52923, -3.52815, 11.09665, -3.48998, 1.79496, -4.52923, -3.52815, -11.09665, -3.48998, -1.79496, -0.23592, 2.8377, -2.15924, 0.23592, -2.8377, -2.15924, -0.23948, 2.8498, -2.15698, 0.23948, -2.8498, -2.15698, -0.13849, 1.37543, -0.57441, -0.1601, 1.1189, -0.16462, 0.11772, -1.25642, -0.13849, 1.37543, 0.57441, -0.1601, -1.1189, -0.16462, -0.11772, -1.25642, -2.24939, 20.01354, -12.41901, 3.51191, 2.24939, -20.01354, -12.41901, -1.13535, -3.51191, 0.10475, -0.05205, -0.09509, 0.71179, -0.43605, -0.1172, 0.10475, -0.09509, -0.71179, 0.43605, -0.1172, 0.10469, -0.05594, -0.09183, 0.71207, -0.43466, -0.11651, 0.10469, -0.09183, -0.71207, 0.43466, -0.11651], [0, 1, 39, 40, 0, 1, 9, 39, 40, 48, 0, 1, 4, 5, 8, 9, 12, 39, 40, 43, 44, 47, 48, 51, 61, 0, 1, 4, 5, 8, 9, 12, 13, 39, 40, 43, 44, 47, 48, 51, 52, 0, 1, 4, 5, 8, 9, 12, 13, 39, 40, 43, 44, 47, 48, 51, 52, 2, 6, 10, 23, 41, 45, 49, 62, 67, 3, 7, 11, 24, 29, 42, 46, 50, 63, 3, 7, 11, 15, 42, 46, 50, 54, 2, 6, 10, 14, 41, 45, 49, 53, 1, 4, 5, 9, 12, 13, 16, 40, 43, 44, 48, 51, 52, 55, 5, 9, 12, 13, 16, 44, 48, 51, 52, 55, 66, 2, 6, 10, 14, 41, 45, 49, 53, 3, 7, 11, 15, 42, 46, 50, 54, 5, 8, 9, 12, 13, 16, 27, 44, 47, 48, 51, 52, 55, 66, 7, 11, 15, 46, 50, 54, 6, 10, 14, 45, 49, 53, 4, 8, 9, 12, 13, 16, 27, 43, 47, 48, 51, 52, 55, 66, 12, 13, 16, 51, 52, 55, 31, 70, 5, 9, 12, 13, 16, 20, 27, 30, 44, 48, 51, 52, 55, 66, 69, 9, 12, 13, 16, 27, 48, 51, 52, 55, 66, 5, 8, 9, 12, 13, 16, 27, 43, 44, 47, 48, 51, 52, 55, 66, 6, 10, 14, 28, 49, 53, 67, 7, 11, 15, 29, 46, 50, 54, 68, 2, 6, 10, 14, 41, 45, 49, 53, 67, 31, 70, 9, 12, 13, 16, 30, 48, 51, 52, 55, 69, 3, 7, 11, 15, 42, 46, 50, 54, 68, 2, 6, 10, 14, 28, 45, 49, 53, 67, 3, 7, 11, 15, 29, 46, 50, 54, 68, 5, 8, 9, 12, 13, 16, 27, 40, 44, 47, 48, 51, 52, 55, 66, 9, 12, 13, 16, 27, 48, 51, 52, 55, 66, 6, 10, 28, 45, 49, 67, 7, 11, 29, 46, 50, 68, 1, 5, 8, 9, 12, 13, 16, 27, 40, 44, 47, 48, 51, 52, 55, 66, 5, 9, 12, 27, 44, 48, 51, 52, 66, 2, 6, 10, 23, 28, 33, 41, 49, 62, 67, 72, 3, 7, 11, 24, 29, 34, 42, 50, 63, 68, 73], [0, 4, 10, 25, 41, 57, 66, 75, 83, 91, 105, 116, 124, 132, 146, 152, 158, 172, 178, 180, 195, 205, 220, 227, 235, 244, 246, 256, 265, 274, 283, 298, 308, 314, 320, 336, 345, 356, 367]]], "virial_ratio": [1.9944, 1.9995, 2.0028, 2.0023, 2.0024], "MO_sym": [["sigma.g", "sigma.u", "sigma.g", "sigma.u", "pi.u", "pi.u", "sigma.g", "pi.g", "pi.g", "sigma.g", "sigma.u", "pi.u", "pi.u", "sigma.g", "pi.g", "pi.g", "sigma.u", "sigma.u", "?A", "?A", "?A", "?B", "pi.u", "pi.u", "pi.u", "?B", "?B", "sigma.g", "pi.u", "pi.g", "pi.g", "pi.g", "pi.g", "sigma.u", "sigma.g", "sigma.u", "pi.u", "pi.u"]]}}, "comp_details": {"geometry": {"geometric_targets": [0.00045, 0.0003, 0.0018, 0.0012]}, "excited_states": {}, "freq": {}, "general": {"scf_targets": [[1e-08, 1e-06, 1e-06], [1e-08, 1e-06, 1e-06], [1e-08, 1e-06, 1e-06], [1e-08, 1e-06, 1e-06], [1e-08, 1e-06, 1e-06]], "list_theory": ["DFT"], "solvent": "Gas", "package": "Gaussian", "integration_grid": "Default", "package_version": "09revisionD.01", "basis_set_size": 78, "job_type": ["OPT"], "functional": "PBE1PBE", "is_closed_shell": "True", "core_electrons_per_atoms": [0, 0], "basis_set_md5": "6212aced3df8bb15ba8ffaa4973f1b41",