{"molecule": {"atoms_masses": [15.9949146, 15.9949146], "nb_atoms": 2, "starting_geometry": [[0.0, 0.0, 0.595631], [0.0, 0.0, -0.595631]], "atoms_Z": [8, 8], "atoms_Zeff": [-5.6, -5.6], "multiplicity": 2, "chirality": false, "nuclear_spins": [0.0, 0.0], "nuclear_QMom": [0.0, 0.0], "connectivity": {"bond_orders": [2, 2], "atom_pairs": [[0, 1], [1, 0]]}, "charge": 1, "can": "O=O", "smi": "O=O", "starting_nuclear_repulsion": 28.42985, "inchi": "InChI=1S/O2/c1-2", "formula": "O2+", "nuclear_gfactors": [0.0, 0.0], "starting_energy": -149.75151331, "nb_heavy_atoms": 2, "atoms_valence": [1, 1], "monoisotopic_mass": 31.98982924}, "results": {"geometry": {"nuclear_repulsion_energy_from_xyz": 28.42985, "elements_3D_coords_converged": [0.0, 0.0, 0.595631, 0.0, 0.0, -0.595631]}, "excited_states": {}, "freq": {}, "wavefunction": {"SCF_values": [7.14e-09, 2.56e-07, -1.73e-11], "MO_number": 78, "homo_indexes": [7, 6], "virial_ratio": [2.0047], "MO_number_kept": 38, "total_molecular_energy": -149.75151331, "MO_energies": [[-541.3544508525705, -541.3457432093545, -49.5282582710565, -35.313302834786995, -28.406781195246502, -27.71207453492, -27.14063544887, -21.1010685370225, -16.949155406093503, -5.798746154155, -4.4117818581565, -2.571475887225, -2.5614076747565, -1.7042490456815003, -0.667223161426, 0.12435602967850001, 0.21496994189500002, 3.5393848534535, 7.57020732091, 7.585989924239, 13.369225588915501, 13.398341770919, 14.050870784418, 14.446524323045, 16.1371676762015, 16.3194839560365, 16.7102394453545, 16.7358181473015, 18.329044741979, 18.616396968107, 19.548931133770502, 23.9201680282025, 28.5357631603835, 28.5890974750815, 37.611032188409, 51.226520812027005, 65.124463612464, 65.18215174877], [-540.8847823466075, -540.8733535648864, -48.69749468548, -33.9437538252205, -27.127029756345, -26.765118335180002, -25.4619651051355, -16.459894702894502, -15.0231335722545, -5.206626415467, -4.3042968872089995, -2.527393443444, -2.311335046147, -1.5281913844080002, -0.644365597984, 0.26122929648, 0.42857931453750003, 3.6272776271650002, 7.850484586925, 7.852117270028, 13.391538924656501, 13.890867840324, 14.146110632093, 14.629656944431503, 16.466153321456, 17.1434446953505, 17.1891598222345, 17.189431936085, 18.7848354415665, 19.388656075826002, 19.937237598434, 24.235547980932, 28.588009019679497, 28.994547112326504, 37.7985186314035, 51.6208137814015, 65.20038337675349, 66.0319633038815]], "MO_coefs": [[[0.38997, 0.33225, 0.38997, 0.33225, 0.38998, 0.33207, -0.03067, 0.01788, -0.38998, -0.33207, 0.03067, -0.086, -0.13868, -0.08541, 0.41712, -0.13074, 0.195, -0.04397, -0.086, -0.13868, 0.08541, 0.41712, 0.13074, 0.195, 0.04397, 0.01791, -0.09443, -0.15423, 0.06614, 0.47772, 0.08484, 0.61073, -0.12063, -0.13127, 0.04717, 0.09443, 0.15423, 0.06614, -0.47772, 0.08484, -0.61073, -0.12063, 0.13127, 0.22896, 0.34715, 0.19863, -0.02479, 0.22896, 0.34715, 0.19863, 0.02479, -0.03556, -0.0588, 0.22258, 0.18565, 0.33224, 0.22027, 0.17595, -0.03556, -0.0588, -0.22258, 0.18565, -0.33224, 0.22027, -0.17595, 0.21985, 0.33957, 0.2082, -0.02776, 0.21985, 0.33957, 0.2082, 0.02776, 0.26512, 0.3948, 0.3119, -0.26512, -0.3948, -0.3119, 0.2554, 0.38635, 0.33709, -0.2554, -0.38635, -0.33709, -0.08494, -0.23674, 0.31879, -0.36685, 0.5479, -0.44504, 1.02159, -0.58492, 0.08494, -0.23674, -0.31879, -0.36685, -0.5479, -0.44504, -1.02159, -0.58492, 0.05126, -0.03423, -0.19305, -0.58519, -0.12095, 0.8741, 0.05126, 0.03423, -0.19305, -0.58519, 0.12095, 0.8741, -0.08352, -0.11468, -0.17244, 0.62304, -0.08352, -0.11468, -0.17244, 0.62304, -0.0835, -0.11745, -0.18048, 0.62592, -0.0835, -0.11745, -0.18048, 0.62592, 0.16064, 0.24834, -0.8441, 0.99875, 1.27744, -1.22836, 0.16064, 0.24834, 0.8441, 0.99875, -1.27744, -1.22836, -0.04893, -0.0746, 0.21184, -0.07094, 0.18299, 1.27162, 0.04893, 0.0746, 0.21184, 0.07094, 0.18299, -1.27162, -0.09474, -0.22603, 1.76121, 0.07416, 0.09474, 0.22603, -1.76121, -0.07796, -0.10191, -0.2426, 1.7704, 0.10191, 0.2426, -1.7704, -1.08831, 22.01173, -7.38135, -1.08831, -22.01173, -7.38135, 0.02611, 0.57669, 0.02611, 0.57669, -0.01044, 0.02565, -0.01214, 0.02505, 0.01056, 0.02591, 0.57667, -0.01044, 0.02565, -0.01214, -0.02505, 0.01056, 0.02591, 0.57667, 0.04454, 0.08922, 0.28889, -0.13153, 0.66403, 0.04454, 0.08922, 0.28889, -0.13153, -0.66403, 0.08359, 0.28524, -0.13027, 0.04286, 0.66322, 0.08359, 0.28524, -0.13027, -0.04286, -0.66322, -0.23713, 0.19409, 0.94712, -0.56068, -0.34817, 1.1591, -0.67982, -0.23713, -0.19409, 0.94712, 0.56068, -0.34817, -1.1591, -0.67982, 8.72618, -7.38154, 5.99984, 1.67146, -8.72618, -7.38154, -5.99984, -1.06421, -1.67146, -0.18347, -0.55096, 1.04953, -0.52272, -0.18347, -0.55096, 1.04953, -0.52272, -0.18372, -0.56223, 1.04671, -0.51929, -0.18372, -0.56223, 1.04671, -0.51929, 0.93445, -0.93445, 0.0284, -0.05973, 0.02184, 0.93458, -0.0284, 0.05973, 0.02184, -0.93458, 0.4889, -1.12663, 1.26656, -0.3717, -0.16654, -0.4889, 1.12663, -1.26656, -0.3717, 0.16941, 0.50172, -1.11964, 1.25441, -0.37316, -0.50172, 1.11964, -1.25441, -0.37316, -0.72079, -0.44509, 1.71045, 0.98297, -0.85428, -0.16064, -0.44237, 0.11261, -0.72079, 0.44509, 1.71045, -0.98297, -0.85428, 0.16064, -0.44237, 4.47625, -3.6228, 12.62013, -3.97361, 1.80562, -4.47625, -3.6228, -12.62013, -3.97361, -1.80562, -0.21762, 2.80133, -2.15158, 0.21762, -2.80133, -2.15158, -0.21491, 2.80072, -2.15069, 0.21491, -2.80072, -2.15069, -0.13196, 1.33714, -0.57324, -0.09993, 1.12153, -0.18514, 0.13624, -1.27658, -0.13196, 1.33714, 0.57324, -0.09993, -1.12153, -0.18514, -0.13624, -1.27658, -2.23723, 20.39486, -12.74322, 3.59848, 2.23723, -20.39486, -12.74322, -1.39983, -3.59848, 0.10839, -0.05917, -0.09823, 0.70766, -0.45195, -0.12084, 0.10839, -0.09823, -0.70766, 0.45195, -0.12084, 0.10663, -0.06446, -0.09536, 0.70811, -0.45344, -0.11954, 0.10663, -0.09536, -0.70811, 0.45344, -0.11954], [0, 1, 39, 40, 0, 1, 9, 12, 39, 40, 48, 0, 1, 4, 5, 8, 9, 12, 39, 40, 43, 44, 47, 48, 51, 61, 0, 1, 4, 5, 8, 9, 12, 13, 16, 39, 40, 43, 44, 47, 48, 51, 52, 3, 7, 11, 24, 42, 46, 50, 63, 0, 1, 4, 5, 8, 9, 12, 39, 40, 43, 44, 47, 48, 51, 2, 6, 10, 23, 41, 45, 49, 62, 3, 7, 11, 42, 46, 50, 2, 6, 10, 41, 45, 49, 1, 4, 5, 8, 9, 12, 13, 16, 40, 43, 44, 47, 48, 51, 52, 55, 1, 4, 5, 9, 12, 13, 40, 43, 44, 48, 51, 52, 3, 7, 11, 15, 42, 46, 50, 54, 2, 6, 10, 14, 41, 45, 49, 53, 4, 8, 9, 12, 13, 16, 43, 47, 48, 51, 52, 55, 4, 8, 9, 12, 13, 16, 43, 47, 48, 51, 52, 55, 7, 11, 15, 42, 46, 50, 54, 2, 6, 10, 14, 45, 49, 53, 12, 13, 16, 51, 52, 55, 26, 31, 65, 70, 5, 9, 13, 16, 20, 25, 30, 44, 48, 52, 55, 59, 64, 69, 2, 6, 10, 14, 28, 41, 45, 49, 53, 67, 7, 11, 15, 24, 29, 46, 50, 54, 63, 68, 5, 8, 9, 12, 13, 16, 27, 44, 47, 48, 51, 52, 55, 66, 9, 12, 13, 27, 48, 51, 52, 55, 66, 3, 7, 11, 15, 42, 46, 50, 54, 2, 6, 10, 14, 41, 45, 49, 53, 31, 70, 9, 13, 16, 30, 48, 52, 55, 69, 7, 11, 15, 29, 42, 46, 50, 54, 68, 2, 6, 10, 14, 28, 45, 49, 53, 67, 5, 8, 9, 12, 13, 16, 27, 40, 44, 47, 48, 51, 52, 55, 66, 9, 12, 13, 16, 27, 48, 51, 52, 55, 66, 6, 10, 28, 45, 49, 67, 7, 11, 29, 46, 50, 68, 1, 5, 8, 9, 12, 13, 16, 27, 40, 44, 47, 48, 51, 52, 55, 66, 5, 9, 12, 27, 44, 48, 51, 52, 66, 2, 6, 10, 23, 28, 33, 41, 49, 62, 67, 72, 3, 7, 11, 24, 29, 34, 42, 50, 63, 68, 73], [0, 4, 11, 26, 43, 51, 65, 73, 79, 85, 101, 113, 121, 129, 141, 153, 160, 167, 173, 177, 191, 201, 211, 225, 234, 242, 250, 252, 260, 269, 278, 293, 303, 309, 315, 331, 340, 351, 362]], [[0.39028, 0.33218, 0.39028, 0.33218, 0.39029, 0.33203, -0.02821, -0.39029, -0.33203, 0.02821, -0.08456, -0.13593, -0.08852, 0.40325, -0.13553, 0.19616, -0.04973, 0.02179, -0.08456, -0.13593, 0.08852, 0.40325, 0.13553, 0.19616, 0.04973, 0.02179, -0.09307, -0.15165, 0.06998, 0.46494, 0.08954, 0.63211, -0.12604, -0.11914, 0.04472, 0.09307, 0.15165, 0.06998, -0.46494, 0.08954, -0.63211, -0.12604, 0.11914, -0.0366, -0.0603, 0.22004, 0.18774, 0.32887, 0.22541, 0.17717, -0.0366, -0.0603, -0.22004, 0.18774, -0.32887, 0.22541, -0.17717, 0.21807, 0.33654, 0.21139, -0.02807, -0.02842, 0.21807, 