{"molecule": {"atoms_masses": [15.9949146, 15.9949146], "nb_atoms": 2, "starting_geometry": [[0.0, 0.0, 0.595631], [0.0, 0.0, -0.595631]], "atoms_Z": [8, 8], "atoms_Zeff": [-5.6, -5.6], "multiplicity": 2, "chirality": false, "nuclear_spins": [0.0, 0.0], "nuclear_QMom": [0.0, 0.0], "connectivity": {"bond_orders": [2, 2], "atom_pairs": [[0, 1], [1, 0]]}, "charge": -1, "can": "O=O", "smi": "O=O", "starting_nuclear_repulsion": 28.42985, "inchi": "InChI=1S/O2/c1-2", "formula": "O2-", "nuclear_gfactors": [0.0, 0.0], "starting_energy": -150.213155734, "nb_heavy_atoms": 2, "atoms_valence": [1, 1], "monoisotopic_mass": 31.98982924}, "results": {"geometry": {"nuclear_repulsion_energy_from_xyz": 28.42985, "elements_3D_coords_converged": [0.0, 0.0, 0.595631, 0.0, 0.0, -0.595631]}, "excited_states": {}, "freq": {}, "wavefunction": {"SCF_values": [9.91e-10, 1.61e-08, -1.08e-12], "MO_number": 78, "homo_indexes": [8, 7], "virial_ratio": [1.9998], "MO_number_kept": 39, "total_molecular_energy": -150.213155734, "MO_energies": [[-515.3643127636145, -515.358598372754, -25.868503197782502, -12.6666276269245, -5.8188825790920005, -5.2096196678225, -4.707025385949, 1.5872400899665, 2.7818198936615, 8.309268538868, 8.811046479189999, 9.7751458515115, 9.990387907257, 11.433135542608, 11.607832634629, 11.632867108875, 14.759999478821001, 17.801143872009, 25.8472783174435, 25.851904252902, 30.13933008138, 30.789410070224502, 31.007101150624496, 31.454456320846496, 34.18294189981, 34.187295721417996, 34.639548940949, 35.368814060289, 35.6101790456825, 36.2491023666565, 37.1699356367485, 41.9090704570565, 45.4998848282545, 45.9200286134265, 57.536296777421, 69.833665909217, 87.0494928888005, 87.794268497619, 93.54185724788], [-514.9566862155655, -514.9485228000505, -25.079100917482002, -11.399393425146, -4.6757322931415, -4.366338845123, -3.342646539542, 3.2123040051525003, 6.666245109549, 8.418114079068001, 8.943838038234, 10.0140618122505, 10.075831656314, 11.618172960948, 11.6973580914435, 12.1126038273065, 14.880001686891502, 18.391630927594, 26.1008884261095, 26.120752737196, 30.4236890551525, 30.884105690198503, 31.486293641355, 31.607656418677998, 34.664855529045504, 34.7029514681155, 35.502149847034005, 35.705418893357496, 36.4330513295945, 36.8961891031455, 37.631712841047005, 42.2383282161615, 45.9559476416925, 45.97036967576901, 57.719973626508505, 70.2557144913425, 87.8854266375365, 87.8919573699485, 94.21343423091399]], "MO_coefs": [[[0.38996, 0.33214, 0.38996, 0.33214, 0.38996, 0.33195, -0.03157, -0.38996, -0.33195, 0.03157, 0.01845, -0.08454, -0.13592, -0.07872, 0.39274, -0.12139, 0.22097, -0.03958, -0.08454, -0.13592, 0.07872, 0.39274, 0.12139, 0.22097, 0.03958, -0.08896, -0.14463, 0.06439, 0.42572, 0.08279, 0.55703, -0.05083, 0.08896, 0.14463, 0.06439, -0.42572, 0.08279, -0.55703, -0.05083, 0.20609, 0.3108, 0.22904, 0.03523, -0.02158, 0.20609, 0.3108, 0.22904, 0.03523, -0.04571, 0.20738, 0.13262, 0.30651, 0.20616, 0.21216, 0.07839, 0.03697, -0.02787, -0.04571, -0.20738, 0.13262, -0.30651, 0.20616, -0.21216, 0.07839, -0.03697, 0.20288, 0.30391, 0.23136, 0.04389, -0.02219, 0.20288, 0.30391, 0.23136, 0.04389, 0.2339, 0.34807, 0.35485, 0.22329, -0.2339, -0.34807, -0.35485, -0.22329, 0.22802, 0.33804, 0.34894, 0.29446, -0.22802, -0.33804, -0.34894, -0.29446, -1.12121, 1.06407, 6.09051, -2.91333, 1.12121, 1.06407, -6.09051, -2.91333, -0.06421, -0.09373, -0.62247, -0.26757, 0.93752, 0.6105, 0.06421, -0.09373, 0.0439, -0.62247, 0.26757, 0.93752, -0.6105, -0.08108, -0.06635, -0.34579, 0.69159, -0.08108, -0.34579, 0.69159, -0.0831, -0.0667, -0.35795, 0.69433, -0.0831, -0.35795, 0.69433, -0.0926, -0.4447, 1.90205, 0.0926, 0.4447, -1.90205, 0.04795, 0.63934, -0.11172, -0.30109, 1.31822, -0.10196, 0.63934, 0.11172, -0.30109, -1.31822, -0.10196, -0.1012, -0.47192, 1.89954, 0.1012, 0.47192, -1.89954, 1.703, -2.17859, 22.48345, -7.22817, -2.17859, -22.48345, -7.22817, -0.23582, -0.36108, 2.45449, -2.07491, -2.1837, 1.1073, 0.20977, -0.23582, -0.36108, -2.45449, -2.07491, 2.1837, 1.1073, -0.20977, -0.01895, 0.05948, -0.02753, 0.04836, -0.03702, 0.58666, -0.01895, 0.05948, -0.02753, -0.04836, -0.03702, 0.58666, 0.58728, 0.58728, 10.07827, -8.07457, 6.11356, -1.21198, 2.0093, -10.07827, -8.07457, -6.11356, -1.21198, -2.0093, -0.16726, 0.19729, 0.8578, -0.4903, -0.32696, 0.95139, -0.75787, -0.16726, -0.19729, 0.8578, 0.4903, -0.32696, -0.95139, -0.75787, -0.14753, 0.63742, -0.27358, 0.64821, -0.14753, 0.63742, -0.27358, -0.64821, -0.14772, 0.6352, -0.27149, 0.65003, -0.14772, 0.6352, -0.27149, -0.65003, 0.95143, -0.95143, -0.03113, 0.19732, -0.14983, -0.18719, 0.07884, 0.95064, 0.03113, -0.19732, -0.14983, 0.18719, 0.07884, -0.95064, -0.18534, -0.59628, 0.8389, -0.35894, -0.21879, -0.18534, -0.59628, 0.8389, -0.35894, 0.21879, -0.18608, -0.60167, 0.8362, -0.35468, -0.21826, -0.18608, -0.60167, 0.8362, -0.35468, 0.21826, 0.17344, 0.54458, -0.97814, 1.03006, -0.45343, -0.54458, 0.97814, -1.03006, -0.45343, 0.17471, 0.5483, -0.94082, 1.01619, -0.47726, -0.5483, 0.94082, -1.01619, -0.47726, 0.1156, -0.67691, -0.50984, 1.63596, 1.02173, -0.76795, -0.10072, -0.51565, 0.1156, -0.67691, 0.50984, 1.63596, -1.02173, -0.76795, -0.51565, 4.35472, -3.32719, 10.11489, -3.18579, 1.74615, -4.35472, -3.32719, -10.11489, -3.18579, -1.74615, -0.24404, 2.85779, -2.16451, 0.24404, -2.85779, -2.16451, -0.25098, 2.86943, -2.16191, 0.25098, -2.86943, 0.18215, -2.16191, -0.14205, 1.39641, -0.57606, -0.19945, 1.11872, -0.15252, 0.10306, -1.2387, -0.14205, 1.39641, 0.57606, -0.19945, -1.11872, -0.15252, -0.10306, -1.2387, -2.25056, 19.74753, -12.19765, 3.45594, 2.25056, -19.74753, -12.19765, -1.0121, -3.45594, 0.10008, -0.05269, -0.08976, 0.71469, -0.42683, -0.11356, 0.10008, -0.08976, -0.71469, 0.42683, -0.11356, 0.10191, -0.05173, -0.08929, 0.71437, -0.42435, -0.11416, 0.10191, -0.08929, -0.71437, 0.42435, -0.11416, 0.0702, -0.04761, 0.08127, 0.38736, -0.16092, 0.30909, 0.70951, -0.16119, -0.51895, 0.0687, -0.0702, -0.04761, -0.08127, 0.38736, -0.16092, -0.30909, 0.70951, -0.16119, -0.51895, 0.0687], [0, 1, 39, 40, 0, 1, 9, 39, 40, 48, 51, 0, 1, 4, 5, 8, 9, 12, 39, 40, 43, 44, 47, 48, 51, 0, 1, 4, 5, 8, 9, 12, 39, 40, 43, 44, 47, 48, 51, 2, 6, 10, 14, 23, 41, 45, 49, 53, 1, 4, 5, 8, 9, 12, 13, 16, 39, 40, 43, 44, 47, 48, 51, 52, 55, 3, 7, 11, 15, 24, 42, 46, 50, 54, 2, 6, 10, 14, 41, 45, 49, 53, 3, 7, 11, 15, 42, 46, 50, 54, 9, 12, 13, 16, 48, 51, 52, 55, 4, 5, 9, 12, 13, 16, 43, 44, 47, 48, 51, 52, 55, 2, 6, 10, 14, 41, 49, 53, 3, 7, 11, 15, 42, 50, 54, 2, 10, 14, 41, 49, 53, 5, 9, 12, 13, 16, 27, 48, 51, 52, 55, 66, 3, 11, 15, 42, 50, 54, 9, 12, 13, 16, 51, 52, 55, 4, 8, 9, 12, 13, 16, 27, 43, 47, 48, 51, 52, 55, 66, 5, 9, 13, 16, 27, 30, 44, 48, 52, 55, 66, 69, 31, 70, 9, 12, 13, 16, 27, 48, 51, 52, 55, 66, 5, 8, 9, 12, 13, 16, 27, 44, 47, 48, 51, 52, 55, 66, 6, 10, 14, 28, 45, 49, 53, 67, 7, 11, 15, 29, 46, 50, 54, 68, 31, 70, 5, 9, 12, 13, 16, 30, 44, 48, 51, 52, 55, 69, 2, 6, 10, 14, 28, 41, 45, 49, 53, 67, 3, 7, 11, 15, 29, 42, 46, 50, 54, 68, 2, 6, 10, 14, 28, 45, 49, 53, 67, 3, 7, 11, 15, 29, 46, 50, 54, 68, 1, 5, 8, 9, 12, 13, 16, 27, 40, 44, 47, 48, 51, 52, 66, 9, 12, 13, 16, 27, 48, 51, 52, 55, 66, 6, 10, 28, 45, 49, 67, 7, 11, 29, 46, 50, 54, 68, 1, 5, 8, 9, 12, 13, 16, 27, 40, 44, 47, 48, 51, 52, 55, 66, 5, 9, 12, 27, 44, 48, 51, 52, 66, 2, 6, 10, 23, 28, 33, 41, 49, 62, 67, 72, 3, 7, 11, 24, 29, 34, 42, 50, 63, 68, 73, 4, 5, 8, 9, 13, 16, 22, 25, 27, 30, 43, 44, 47, 48, 52, 55, 61, 64, 66, 69], [0, 4, 11, 25, 39, 48, 65, 74, 82, 90, 98, 111, 118, 125, 131, 142, 148, 155, 169, 181, 183, 193, 207, 215, 223, 225, 237, 247, 257, 266, 275, 290, 300, 306, 313, 329, 338, 349, 360, 380]], [[0.39023, 0.33208, 0.39023, 0.33208, 0.39023, 0.33191, -0.02937, -0.39023, -0.33191, 0.02937, -0.08326, -0.13343, -0.08176, 0.38028, -0.12569, 0.22022, -0.046, -0.08326, -0.13343, 0.08176, 0.38028, 0.12569, 0.22022, 0.046, -0.08759, -0.14205, 0.06731, 0.414, 0.08599, 0.57207, -0.05456, 0.08759, 0.14205, 0.06731,