{"molecule": {"atoms_masses": [14.003074, 14.003074], "nb_atoms": 2, "starting_geometry": [[0.0, 0.0, 0.556], [0.0, 0.0, -0.556]], "atoms_Z": [7, 7], "atoms_Zeff": [0.0, 0.0], "multiplicity": 1, "chirality": false, "nuclear_spins": [2.0, 2.0], "nuclear_QMom": [2.044, 2.044], "connectivity": {"bond_orders": [3, 3], "atom_pairs": [[0, 1], [1, 0]]}, "charge": 0, "can": "N#N", "smi": "N#N", "starting_nuclear_repulsion": 23.31806, "inchi": "InChI=1S/N2/c1-2", "formula": "N2", "nuclear_gfactors": [0.403761, 0.403761], "starting_energy": -109.56620345399999, "nb_heavy_atoms": 2, "atoms_valence": [1, 1], "monoisotopic_mass": 28.00614801}, "results": {"geometry": {"geometric_values": [[0.057962, 0.057962, 0.017526, 0.024786], [0.006735, 0.006735, 0.002142, 0.003029], [4e-06, 4e-06, 1e-06, 2e-06]], "nuclear_repulsion_energy_from_xyz": 23.76298, "elements_3D_coords_converged": [0.0, 0.0, 0.545592, 0.0, 0.0, -0.545592], "OPT_DONE": true}, "excited_states": {}, "freq": {}, "wavefunction": {"Mulliken_partial_charges": [0.0, 0.0], "MO_number": 78, "homo_indexes": [6], "SCF_values": [8.21e-09, 2.59e-07, -6.25e-12], "MO_number_kept": 37, "total_molecular_energy": -109.567371742, "MO_energies": [[-392.438241369492, -392.3917099010565, -30.9548552913285, -15.2239535939235, -12.967857659428, -12.967857659428, -11.990968936133001, -0.942602378132, -0.942602378132, 1.682207823791, 2.1543253544085004, 2.4667120547825, 2.4667120547825, 3.7763960172389996, 4.709746524454, 4.709746524454, 6.652095189323, 11.527831162582, 11.527831162582, 13.4176618543045, 15.186673996405002, 16.8914672697875, 16.8914672697875, 18.2406077405665, 18.968240176803498, 18.968240176803498, 20.360102522111, 20.360102522111, 20.4768393639755, 21.7628494214385, 21.7628494214385, 27.5719359019125, 27.5719359019125, 29.86177395387, 38.390094142390495, 45.773903475708, 55.298432470909]], "MO_coefs": [[[0.39395, 0.32951, 0.39395, 0.32951, 0.39424, 0.32806, 0.01911, -0.01715, 0.02512, -0.39424, -0.32806, -0.01911, -0.01715, -0.02512, -0.09054, -0.14054, -0.11372, 0.37239, -0.14015, 0.15858, -0.05098, -0.09054, -0.14054, 0.11372, 0.37239, 0.14015, 0.15858, 0.05098, -0.13585, 0.10001, 0.39501, 0.10855, 0.94697, -0.19141, 0.09792, 0.08403, 0.13585, 0.10001, -0.39501, 0.10855, -0.94697, -0.19141, -0.09792, 0.20774, 0.30655, 0.20336, -0.03109, -0.02031, 0.20774, 0.30655, 0.20336, 0.03109, 0.20774, 0.30655, 0.20336, -0.03109, 0.20774, 0.30655, 0.20336, 0.03109, 0.02031, -0.03008, -0.04881, 0.21803, 0.14557, 0.29472, 0.27079, 0.19134, 0.04722, -0.03008, -0.04881, -0.21803, 0.14557, -0.29472, 0.27079, -0.19134, 0.04722, 0.21956, 0.33094, 0.44126, 0.40952, -0.21956, -0.33094, -0.44126, -0.40952, 0.21956, 0.33094, 0.44126, 0.40952, -0.21956, -0.33094, -0.44126, -0.40952, -0.06163, -0.15322, -0.70062, -0.30389, 0.94305, 0.26765, 0.09037, 0.06163, -0.15322, -0.70062, 0.30389, 0.94305, -0.26765, 0.09037, -1.95669, 1.25763, 9.67406, -3.36633, 1.95669, 1.25763, -9.67406, -3.36633, -0.07438, -0.07821, -0.23449, 0.63526, -0.07438, -0.07821, -0.23449, 0.63526, -0.07438, -0.07821, -0.23449, 0.63526, -0.07438, -0.07821, -0.23449, 0.63526, 0.07265, 0.4809, 0.05027, -0.05812, 1.63847, -0.11632, 0.07265, 0.4809, -0.05027, -0.05812, -1.63847, -0.11632, -0.13489, -0.46273, 2.2305, 0.13489, 0.46273, -2.2305, -0.13489, -0.46273, 2.2305, 0.13489, 0.46273, -2.2305, 6.43799, 45.4648, -11.83212, -6.43799, -4.1425, -45.4648, -11.83212, 0.5489, 0.01429, 0.5489, 0.5489, 0.01429, 0.5489, 14.65397, -8.34896, 1.04819, 1.18718, -14.65397, -8.34896, -1.04819, -1.18718, 0.05635, -0.11098, 1.28561, 0.14784, -0.53704, 1.28946, -1.03706, -0.11098, 1.28561, -0.14784, -0.53704, -1.28946, -1.03706, -0.22108, 0.82444, -0.37153, 0.68912, -0.22108, 0.82444, -0.37153, -0.68912, -0.22108, 0.82444, -0.37153, 0.68912, -0.22108, 0.82444, -0.37153, -0.68912, 23.1732, -12.80366, 23.31027, -5.51249, -23.1732, -12.80366, -23.31027, -5.51249, -3.0688, 1.14715, -1.14715, 1.14715, -1.14715, -0.15494, -0.56994, 0.63948, -0.28786, -0.46354, -0.15494, -0.56994, 0.63948, -0.28786, 0.46354, -0.15494, -0.56994, 0.63948, -0.28786, -0.46354, -0.15494, -0.56994, 0.63948, -0.28786, 0.46354, -0.29433, -0.53942, 1.5721, 1.70863, -0.81369, -0.19227, -0.72052, -0.29433, 0.53942, 1.5721, -1.70863, -0.81369, 0.19227, -0.72052, 0.18705, 0.56517, -0.18207, 1.24723, -0.8821, -0.18705, -0.56517, -1.24723, -0.8821, 0.18705, 0.56517, 1.24723, -0.8821, -0.18705, -0.56517, 0.18207, -1.24723, -0.8821, -0.25263, 6.29359, -3.46071, -6.29359, -3.46071, -0.25263, 6.29359, -3.46071, -6.29359, -3.46071, 7.00076, -3.6182, 14.672, -3.83126, 1.53886, -0.55516, -7.00076, -3.6182, -14.672, -3.83126, -1.53886, 1.9239, -0.32281, 2.02042, -0.36478, 0.43341, -1.80162, -0.15933, 1.9239, 0.32281, -2.02042, -0.36478, -0.43341, -1.80162, -1.90511, 44.48058, -21.79608, 7.99399, 4.65147, 1.90511, -44.48058, -21.79608, -7.99399, -4.65147, 0.08208, 0.09948, -0.21927, 0.68819, -0.47306, 0.08208, 0.09948, -0.21927, 0.07097, -0.68819, 0.47306], [0, 1, 39, 40, 0, 1, 5, 8, 9, 39, 40, 44, 47, 48, 0, 1, 4, 5, 8, 9, 12, 39, 40, 43, 44, 47, 48, 51, 1, 4, 5, 8, 9, 12, 13, 39, 40, 43, 44, 47, 48, 51, 52, 2, 6, 10, 23, 28, 41, 45, 49, 62, 3, 7, 11, 24, 42, 46, 50, 63, 68, 0, 1, 4, 5, 8, 9, 12, 13, 39, 40, 43, 44, 47, 48, 51, 52, 2, 6, 10, 14, 41, 45, 49, 53, 3, 7, 11, 15, 42, 46, 50, 54, 4, 5, 9, 12, 13, 16, 27, 43, 44, 48, 51, 52, 55, 66, 9, 12, 13, 16, 48, 51, 52, 55, 3, 7, 11, 15, 42, 46, 50, 54, 2, 6, 10, 14, 41, 45, 49, 53, 5, 9, 12, 13, 16, 27, 44, 48, 51, 52, 55, 66, 7, 11, 15, 46, 50, 54, 6, 10, 14, 45, 49, 53, 9, 13, 16, 48, 51, 52, 55, 31, 65, 70, 30, 64, 69, 9, 12, 13, 27, 48, 51, 52, 66, 4, 5, 9, 12, 13, 16, 27, 44, 48, 51, 52, 55, 66, 6, 10, 14, 28, 45, 49, 53, 67, 7, 11, 15, 29, 46, 50, 54, 68, 9, 12, 13, 16, 48, 51, 52, 55, 66, 31, 70, 30, 69, 3, 7, 11, 15, 29, 42, 46, 50, 54, 68, 2, 6, 10, 14, 28, 41, 45, 49, 53, 67, 5, 8, 9, 12, 13, 16, 27, 44, 47, 48, 51, 52, 55, 66, 2, 6, 10, 14, 28, 41, 45, 53, 67, 3, 7, 15, 29, 42, 46, 50, 54, 68, 7, 11, 29, 50, 68, 6, 10, 28, 49, 67, 9, 12, 13, 16, 27, 44, 48, 51, 52, 55, 66, 5, 8, 12, 13, 16, 27, 40, 44, 47, 51, 52, 55, 66, 5, 9, 12, 13, 27, 44, 48, 51, 52, 66, 2, 6, 10, 23, 28, 41, 45, 49, 53, 62, 67], [0, 4, 14, 28, 43, 52, 61, 77, 85, 93, 107, 115, 123, 131, 143, 149, 155, 162, 165, 168, 176, 189, 197, 205, 214, 216, 218, 228, 238, 252, 261, 270, 275, 280, 291, 304, 314, 325]]], "virial_ratio": [2.0046, 2.0036, 2.0035], "MO_sym": [["sigma.g", "sigma.u", "sigma.g", "sigma.u", "pi.u", "pi.u", "sigma.g", "pi.g", "pi.g", "sigma.g", "sigma.u", "pi.u", "pi.u", "sigma.g", "pi.g", "pi.g", "sigma.u", "delta.g", "delta.g", "sigma.u", "sigma.g", "pi.u", "pi.u", "sigma.u", "delta.u", "delta.u", "pi.u", "pi.u", "sigma.g", "pi.g", "pi.g", "pi.g", "pi.g", "sigma.u", "sigma.g", "sigma.u", "pi.u"]]}}, "comp_details": {"geometry": {"geometric_targets": [0.00045, 0.0003, 0.0018, 0.0012]}, "excited_states": {}, "freq": {}, "general": {"scf_targets": [[1e-08, 1e-06, 1e-06], [1e-08, 1e-06, 1e-06], [1e-08, 1e-06, 1e-06]], "list_theory": ["DFT"], "solvent": "Gas", "package": "Gaussian", "integration_grid": "Default", "package_version": "09revisionD.01", "basis_set_size": 78, "job_type": ["OPT"], "functional": "B3LYP", "is_closed_shell": "True", "core_electrons_per_atoms": [0, 0], "basis_set_md5": "bc853cb816fd46e814a5cd73aadddb1d",