{"molecule": {"atoms_masses": [88.9054], "nb_atoms": 1, "starting_geometry": [[2.0, 0.0, 0.0]], "atoms_Z": [39], "atoms_Zeff": [-48.36], "multiplicity": 2, "chirality": false, "nuclear_spins": [1.0], "nuclear_QMom": [0.0], "connectivity": {"bond_orders": [], "atom_pairs": []}, "charge": 0, "can": "[Y]", "smi": "[Y]", "starting_nuclear_repulsion": 0.0, "inchi": "InChI=1S/Y", "formula": "Y", "nuclear_gfactors": [-0.13742], "starting_energy": -3317.44258105, "nb_heavy_atoms": 1, "atoms_valence": [0], "monoisotopic_mass": 88.905848}, "results": {"geometry": {"geometric_values": [[0.0, 0.0, 0.0, 0.0]], "nuclear_repulsion_energy_from_xyz": 0.0, "elements_3D_coords_converged": [2.0, 0.0, 0.0], "OPT_DONE": true}, "excited_states": {"et_oscs": [0.0, 0.0, 0.0, 0.0, 0.0, 0.0, 0.0, 0.0006, 0.0006, 0.0047], "et_rot": [0.0, 0.0, 0.0, 0.0, 0.0, 0.0, 0.0, 0.0, 0.0, 0.0], "et_transitions": [[[[19, 0], [26, 0], 3.78205]], [[[19, 0], [22, 0], 1.14171], [[18, 1], [24, 1], -0.22814]], [[[19, 0], [23, 0], 1.14171], [[18, 1], [23, 1], -0.22814]], [[[19, 0], [20, 0], 1.00084]], [[[18, 0], [20, 0], 0.80949], [[18, 1], [22, 1], -0.59544]], [[[18, 0], [22, 0], 0.80309], [[19, 0], [23, 0], -0.10573], [[18, 1], [23, 1], -0.60124]], [[[18, 0], [23, 0], 0.80309], [[19, 0], [22, 0], -0.10573], [[18, 1], [24, 1], -0.60124]], [[[18, 0], [24, 0], 0.1339], [[18, 0], [25, 0], -0.13307], [[19, 0], [24, 0], -0.63136], [[19, 0], [25, 0], 0.63526], [[19, 0], [29, 0], -0.10167], [[19, 0], [30, 0], 0.1023], [[18, 1], [20, 1], 0.27417], [[18, 1], [21, 1], -0.27586]], [[[18, 0], [24, 0], 0.13307], [[18, 0], [25, 0], 0.1339], [[19, 0], [24, 0], 0.63526], [[19, 0], [25, 0], 0.63136], [[19, 0], [29, 0], 0.1023], [[19, 0], [30, 0], 0.10167], [[18, 1], [20, 1], -0.27586], [[18, 1], [21, 1], -0.27417]], [[[18, 0], [21, 0], -0.66185], [[18, 0], [28, 0], -0.11482], [[18, 1], [19, 1], 0.76828], [[18, 1], [28, 1], 0.11043]]], "et_energies": [83.075106187, 751.7087278280001, 751.7087278280001, 2014.772963642, 10896.55033579, 11632.127975038, 11632.127975038, 11732.140724234, 11732.140724234, 12096.703326142], "et_sym": ["2.034-?Sym", "2.048-?Sym", "2.048-?Sym", "1.986-?Sym", "3.396-?Sym", "3.424-?Sym", "3.424-?Sym", "2.319-?Sym", "2.319-?Sym", "3.448-?Sym"]}, "freq": {}, "wavefunction": {"SCF_values": [4.03e-18, 2.22e-16, null], "MO_number": 39, "homo_indexes": [19, 18], "virial_ratio": [2.0041], "MO_number_kept": 39, "total_molecular_energy": -3317.44258105, "MO_energies": [[-16482.43770272532, -2255.184897324026, -2053.2924749702056, -2053.227983987637, -2053.227983987637, -371.06369841271703, -293.1507001683045, -292.8622594867745, -292.8622594867745, -165.2941979169725, -165.2283463651515, -165.2283463651515, -165.15324294241353, -165.024533091127, -49.9690827088665, -29.319178935973003, -29.236456325421, -29.236456325421, -4.377767626844, -3.8139477286080004, -0.9978414897835001, -0.8917170880885, -0.890900746537, -0.890900746537, -0.847362530457, -0.847362530457, -0.428851428388, 1.1088639407875, 2.1243928308535, 2.1472503942955, 2.1472503942955, 10.360462743937001, 23.128044609397, 23.4134920385715, 23.504105950788, 23.504105950788, 23.895405667807, 77.710817653491, 2991.3121837459353], [-16482.437974839173, -2255.1144198367465, -2053.282950985438, -2053.1512478817963, -2053.1512478817963, -371.01852751353397, -293.128658946414, -292.7969521626545, -292.7969521626545, -165.24576165158348, -165.1853523767725, -165.1853523767725, -165.00902260164852, -164.870516651744, -49.397915736667, -29.174958595208, -28.2054169458765, -28.2054169458765, -4.167151506557, -0.9567522983579999, -0.704774872795, -0.704774872795, -0.679196170848, -0.5251797314650001, -0.5251797314650001, -0.1112945648545, 0.426674517584, 1.197845169901, 2.07350754081, 2.3290224464295, 2.3290224464295, 10.6225083819685, 23.615672629492998, 23.7318652436565, 23.7318652436565, 24.085885363157, 24.548478909007002, 78.062388748337, 2991.4471522157833]]}}, "comp_details": {"geometry": {"geometric_targets": [0.00045, 0.0003, 0.0018, 0.0012]}, "excited_states": {"nb_et_states": 10}, "freq": {}, "general": {"scf_targets": [[1e-08, 1e-06, 1e-06]], "list_theory": ["DFT"], "solvent": "Gas", "package": "Gaussian", "integration_grid": "Default", "package_version": "09revisionD.01", "basis_set_size": 39, "job_type": ["OPT_ES"], "functional": "PBE1PBE", "is_closed_shell": "False", "core_electrons_per_atoms": [0], "basis_set_md5": "2d869ad8eb30acbbe5a7dce870d2ac87", "basis_set": "(lp0\n(lp1\n(VS\np2\n(lp3\n(F7646.421\nF0.06189049853\ntp4\na(F1156.8626\nF0.3702067912\ntp5\na(F253.71518\nF0.6877559836\ntp6\natp7\na(g2\n(lp8\n(F341.85398\nF-0.111900056\ntp9\na(F74.2098604\nF0.08680523582\ntp10\na(F23.5135204\nF0.9667846673\ntp11\natp12\na(VP\np13\n(lp14\n(F341.85398\nF0.1485716599\ntp15\na(F74.2098604\nF0.5943066506\ntp16\na(F23.5135204\nF0.4196039557\ntp17\natp18\na(g2\n(lp19\n(F18.8626039\nF-1.477873303\ntp20\na(F16.454052\nF1.347258752\ntp21\na(F3.48449953\nF1.006230782\ntp22\natp23\na(g13\n(lp24\n(F18.8626039\nF-0.7041406643\ntp25\na(F16.454052\nF1.05786162\ntp26\na(F3.48449953\nF0.7393821373\ntp27\natp28\na(g2\n(lp29\n(F3.22173272\nF-0.3699579711\ntp30\na(F1.05070466\nF0.4308638621\ntp31\na(F0.392592269\nF0.8020873682\ntp32\natp33\na(g13\n(lp34\n(F3.22173272\nF0.002494434829\ntp35\na(F1.05070466\nF0.4537622898\ntp36\na(F0.392592269\nF0.6130678517\ntp37\natp38\na(g2\n(lp39\n(F0.432763707\nF-0.346458205\ntp40\na(F0.05701219\nF1.132776617\ntp41\natp42\na(g13\n(lp43\n(F0.432763707\nF-0.001336559069\ntp44\na(F0.05701219\nF1.000439599\ntp45\natp46\na(g2\n(lp47\n(F0.0237537001\nF1.0\ntp48\natp49\na(g13\n(lp50\n(F0.0237537001\nF1.0\ntp51\natp52\na(VD\np53\n(lp54\n(F50.353753\nF0.1367955945\ntp55\na(F13.53078\nF0.5019061798\ntp56\na(F3.944996\nF0.5788597767\ntp57\natp58\na(g53\n(lp59\n(F1.5301374\nF0.3384032639\ntp60\na(F0.63006734\nF0.7293289459\ntp61\natp62\na(g53\n(lp63\n(F0.21658843\nF1.0\ntp64\natp65\naa.", "last_theory": "DFT", "all_unique_theory": ["DFT"]}}, "metadata": {"archivable_for_new_entry": "False", "archivable": "True", "parser_version": "v7.1", "log_file": "OPT_ES1.log"}}
