{"molecule": {"atoms_masses": [113.9036], "nb_atoms": 1, "starting_geometry": [[0.0, 0.0, 0.0]], "atoms_Z": [48], "atoms_Zeff": [0.0], "multiplicity": 1, "chirality": false, "nuclear_spins": [0.0], "nuclear_QMom": [0.0], "connectivity": {"bond_orders": [], "atom_pairs": []}, "charge": 0, "can": "[Cd]", "smi": "[Cd]", "starting_nuclear_repulsion": 0.0, "inchi": "InChI=1S/Cd", "formula": "Cd", "nuclear_gfactors": [0.0], "starting_energy": -5442.31255705, "nb_heavy_atoms": 1, "atoms_valence": [0], "monoisotopic_mass": 113.903358}, "results": {"geometry": {"geometric_values": [[0.0, 0.0, 0.0, 0.0]], "nuclear_repulsion_energy_from_xyz": 0.0, "elements_3D_coords_converged": [0.0, 0.0, 0.0], "OPT_DONE": true}, "excited_states": {}, "freq": {}, "wavefunction": {"Mulliken_partial_charges": [0.0], "MO_number": 39, "homo_indexes": [23], "SCF_values": [9.75e-09, 2.94e-07, -2.36e-11], "MO_number_kept": 39, "total_molecular_energy": -5442.31255705, "MO_energies": [[-25591.22598696926, -3749.7470915179833, -3482.4518330826377, -3482.4518330826377, -3482.4518330826377, -708.5341256396575, -594.155694517441, -594.155694517441, -594.155694517441, -410.047272863048, -410.047272863048, -410.047272863048, -410.047272863048, -410.047272863048, -103.758643878753, -66.7334728104705, -66.7334728104705, -66.7334728104705, -14.4467964368955, -14.4467964368955, -14.4467964368955, -14.4467964368955, -14.4467964368955, -5.72527541452, -0.512662494342, -0.512662494342, -0.512662494342, 2.0525547743215, 3.8153082978605, 3.8153082978605, 3.8153082978605, 19.360084121523503, 35.638750999985, 35.638750999985, 35.638750999985, 35.638750999985, 35.638750999985, 129.076660756974, 5667.822928808533]], "MO_coefs": [[[0.97418, 0.10249, 0.20814, 0.08763, -0.1133, -0.1133, -0.1133, -0.03429, -0.33994, 1.02549, 0.10649, -0.04779, -0.02573, -0.02573, 0.97889, 0.05399, 0.97889, 0.05399, 0.97889, 0.05399, 0.1458, -0.53211, 1.07072, 0.17538, -0.05169, -0.05169, -0.45937, 1.07067, -0.45937, 1.07067, -0.45937, 1.07067, 0.97283, 0.07408, -0.11513, -0.77901, 0.89414, -0.05932, 0.06808, 0.97283, 0.07408, 0.97283, 0.07408, 0.96599, -0.5827, -0.38329, 0.07356, -0.04437, -0.06312, 0.24477, -0.60273, 1.14468, 0.18848, -0.63899, 1.14499, 0.18848, -0.63899, 1.14499, 0.18848, -0.63899, 1.14499, -0.33051, 0.21247, 0.7628, -0.27242, -0.49038, 0.40865, -0.14594, -0.26271, -0.33498, 0.77311, 0.41417, -0.33498, 0.77311, 0.41417, -0.33498, 0.77311, 0.41417, -0.31349, 0.25897, -0.12584, 0.72353, -0.59768, 0.38761, -0.32019, -0.06374, 0.15569, -0.41531, 0.70698, 0.33308, 0.02539, 0.02539, 0.02539, 0.08765, -0.19063, 0.3987, 0.68355, 0.08765, -0.19063, 0.3987, 0.68355, 0.08765, -0.19063, 0.3987, 0.68355, 0.15087, -0.17178, 2.06078, -1.96381, -0.12867, -0.12867, -0.12867, 0.1373, -0.30676, 1.45152, -1.29781, 0.1373, -0.30676, 1.45152, -1.29781, 0.1373, -0.30676, 1.45152, -1.29781, -0.20609, 0.91703, 3.05201, -1.16297, -0.13053, -1.16535, -1.16535, -1.16535, 0.33068, -0.95617, 1.07888, 0.33068, -0.95617, 1.07888, 0.33068, -0.95617, 1.07888, -0.23508, 0.31894, 0.24251, 0.67974, -0.92225, -0.27363, -0.76698, 1.0406, 0.31986, -0.23256, -0.92491, 0.67247, 0.25244, 1.04361, -0.75877, -0.28483, -0.69816, 8.91646, -0.90155, -4.04841, -4.04841, -4.04841, 0.51243, 0.51243, 3.73644, 21.31045, 2.60702, -10.47421, -10.47421, -10.47421, -0.99123], [0, 1, 5, 9, 21, 22, 23, 29, 0, 1, 5, 9, 22, 23, 2, 6, 3, 7, 4, 8, 0, 1, 5, 9, 28, 29, 3, 7, 2, 6, 4, 8, 24, 30, 21, 22, 23, 28, 29, 26, 32, 25, 31, 21, 22, 23, 27, 28, 0, 1, 5, 9, 4, 8, 12, 2, 6, 10, 3, 7, 11, 21, 23, 27, 28, 29, 33, 34, 35, 24, 30, 36, 26, 32, 38, 25, 31, 37, 22, 23, 27, 28, 29, 34, 35, 1, 5, 9, 13, 17, 33, 34, 35, 6, 10, 14, 18, 7, 11, 15, 19, 8, 12, 16, 20, 5, 9, 13, 17, 33, 34, 35, 7, 11, 15, 19, 8, 12, 16, 20, 6, 10, 14, 18, 5, 9, 13, 17, 27, 33, 34, 35, 24, 30, 36, 25, 31, 37, 26, 32, 38, 22, 23, 27, 28, 29, 33, 34, 35, 21, 22, 27, 28, 29, 33, 34, 35, 5, 9, 13, 27, 28, 29, 34, 35, 1, 5, 9, 21, 22, 23, 29], [0, 8, 14, 16, 18, 20, 26, 28, 30, 32, 34, 39, 41, 43, 48, 52, 55, 58, 61, 69, 72, 75, 78, 85, 93, 97, 101, 105, 112, 116, 120, 124, 132, 135, 138, 141, 149, 157, 165, 172]]], "virial_ratio": [2.0044], "MO_sym": [["A1g", "A1g", "T1u", "T1u", "T1u", "A1g", "T1u", "T1u", "T1u", "T2g", "Eg", "T2g", "T2g", "Eg", "A1g", "T1u", "T1u", "T1u", "Eg", "T2g", "T2g", "T2g", "Eg", "A1g", "T1u", "T1u", "T1u", "A1g", "T1u", "T1u", "T1u", "A1g", "T2g", "T2g", "T2g", "Eg", "Eg", "A1g", "A1g"]]}}, "comp_details": {"geometry": {"geometric_targets": [0.00045, 0.0003, 0.0018, 0.0012]}, "excited_states": {}, "freq": {}, "general": {"scf_targets": [[1e-08, 1e-06, 1e-06]], "list_theory": ["DFT"], "solvent": "Gas", "package": "Gaussian", "integration_grid": "Default", "package_version": "09revisionD.01", "basis_set_size": 39, "job_type": ["OPT"], "functional": "PBE1PBE", "is_closed_shell": "True", "core_electrons_per_atoms": [0], "basis_set_md5": "9c74628d4e19e40701bd266a54282fc7", "basis_set": "(lp0\n(lp1\n(VS\np2\n(lp3\n(F11686.086\nF0.06142649617\ntp4\na(F1770.1114\nF0.368156677\ntp5\na(F389.20899\nF0.689572157\ntp6\natp7\na(g2\n(lp8\n(F527.600377\nF-0.112592477\ntp9\na(F114.832877\nF0.08326963198\ntp10\na(F36.9582931\nF0.9697978087\ntp11\natp12\na(VP\np13\n(lp14\n(F527.600377\nF0.151805099\ntp15\na(F114.832877\nF0.607759769\ntp16\na(F36.9582931\nF0.399963156\ntp17\natp18\na(g2\n(lp19\n(F33.0154821\nF-1.406471028\ntp20\na(F29.5454301\nF1.218156268\ntp21\na(F6.27850756\nF1.055520308\ntp22\natp23\na(g13\n(lp24\n(F33.0154821\nF-1.609023667\ntp25\na(F29.5454301\nF1.959567526\ntp26\na(F6.27850756\nF0.7080270607\ntp27\natp28\na(g2\n(lp29\n(F6.15059633\nF-0.4229209279\ntp30\na(F2.25974607\nF0.4987714469\ntp31\na(F0.841426139\nF0.7850754939\ntp32\natp33\na(g13\n(lp34\n(F6.15059633\nF0.0144822945\ntp35\na(F2.25974607\nF0.5186611159\ntp36\na(F0.841426139\nF0.5426657759\ntp37\natp38\na(g2\n(lp39\n(F0.949068645\nF-0.2215546835\ntp40\na(F0.101487843\nF1.080944447\ntp41\natp42\na(g13\n(lp43\n(F0.949068645\nF-0.001540265823\ntp44\na(F0.101487843\nF1.000412196\ntp45\natp46\na(g2\n(lp47\n(F0.0359872644\nF1.0\ntp48\natp49\na(g13\n(lp50\n(F0.0359872644\nF1.0\ntp51\natp52\na(VD\np53\n(lp54\n(F95.472743\nF0.123082799\ntp55\na(F26.481959\nF0.4916767962\ntp56\na(F8.2828858\nF0.5815407955\ntp57\natp58\na(g53\n(lp59\n(F4.0821413\nF0.337940954\ntp60\na(F1.3572792\nF0.759167887\ntp61\natp62\na(g53\n(lp63\n(F0.42083076\nF1.0\ntp64\natp65\naa.", "last_theory": "DFT", "basis_set_name": "3-21G", "all_unique_theory": ["DFT"]}}, "metadata": {"archivable_for_new_entry": "True", "archivable": "True", "parser_version": "v7.1", "log_file": "OPT.log"}}
