{"molecule": {"atoms_masses": [113.9036], "nb_atoms": 1, "starting_geometry": [[0.0, 0.0, 0.0]], "atoms_Z": [48], "atoms_Zeff": [-59.52], "multiplicity": 2, "chirality": false, "nuclear_spins": [0.0], "nuclear_QMom": [0.0], "connectivity": {"bond_orders": [], "atom_pairs": []}, "charge": -1, "can": "[Cd]", "smi": "[Cd]", "starting_nuclear_repulsion": 0.0, "inchi": "InChI=1S/Cd", "formula": "Cd-", "nuclear_gfactors": [0.0], "starting_energy": -5442.28631596, "nb_heavy_atoms": 1, "atoms_valence": [0], "monoisotopic_mass": 113.903358}, "results": {"geometry": {"nuclear_repulsion_energy_from_xyz": 0.0, "elements_3D_coords_converged": [0.0, 0.0, 0.0]}, "excited_states": {}, "freq": {}, "wavefunction": {"SCF_values": [2.92e-09, 7.87e-08, 4.55e-12], "MO_number": 39, "homo_indexes": [24, 23], "virial_ratio": [2.0044], "MO_number_kept": 39, "total_molecular_energy": -5442.28631596, "MO_energies": [[-25586.255555376032, -3744.7690407369364, -3477.478408237049, -3477.478408237049, -3477.4694284799825, -703.5683199818831, -589.2034945521915, -589.2034945521915, -589.171113003982, -405.098066150154, -405.098066150154, -405.074664359011, -405.074664359011, -405.067045171197, -98.80236220574601, -61.81855244273951, -61.81855244273951, -61.7184145457555, -9.553373063354, -9.553373063354, -9.452146710968, -9.452146710968, -9.4175882519545, -1.215804684034, 2.0433029034045003, 3.2879516555915003, 3.2879516555915003, 5.56200710422, 7.698645058346, 7.780551327346501, 7.780551327346501, 23.911188271135998, 40.5572088477725, 40.5572088477725, 40.679387966647, 40.679387966647, 40.727824232036, 134.02205787596102, 5672.794176743318], [-25586.25446692063, -3744.7701291923386, -3477.47895246475, -3477.47895246475, -3477.465618886076, -703.5685920957335, -589.204855121444, -589.204855121444, -589.1643101577195, -405.09969883325704, -405.09969883325704, -405.07357590360897, -405.07357590360897, -405.064868260393, -98.80236220574601, -61.822089922796, -61.822089922796, -61.700727145472996, -9.558543226513502, -9.558543226513502, -9.433642969134, -9.433642969134, -9.3941864608115, -0.8381106595400001, 3.5347589179949996, 3.5347589179949996, 3.8520436676779997, 5.9241906392354995, 7.9187851634005, 7.9187851634005, 8.2654582089375, 24.085885363157, 40.5533992538655, 40.5533992538655, 40.7885056206975, 40.7885056206975, 40.8657859542395, 134.042194300898, 5672.794176743318]], "MO_coefs": [[[0.97418, 0.10249, 0.20814, 0.08763, -0.1133, -0.1133, -0.1133, -0.03429, -0.33994, 1.02549, 0.10649, -0.0478, -0.02573, -0.02573, 0.97889, 0.05399, 0.97889, 0.05399, 0.97889, 0.05399, 0.1458, -0.5321, 1.07073, 0.17543, -0.05173, -0.0517, -0.45937, 1.07067, -0.45937, 1.07067, -0.45937, 1.07068, 0.97282, 0.0741, 0.84248, -0.84248, 0.06417, -0.06417, 0.97283, 0.07408, 0.97283, 0.07408, 0.97283, -0.48641, -0.48641, 0.07408, -0.03702, -0.06312, 0.24475, -0.60267, 1.14384, 0.18849, -0.63899, 1.14496, 0.18849, -0.63899, 1.14496, 0.1885, -0.63904, 1.14512, -0.2901, 0.2901, 0.66951, -0.66951, 0.35871, -0.35871, -0.33498, 0.77308, 0.4142, -0.33528, 0.774, 0.41317, -0.33528, 0.774, 0.41317, -0.3354, 0.16768, 0.16768, 0.77332, -0.38818, -0.38818, 0.41052, -0.20862, -0.20862, -0.05976, 0.13653, -0.39102, 0.48291, 0.54943, 0.03436, 0.03321, 0.03321, 0.06558, -0.14143, 0.17276, 0.87342, 0.06344, -0.13662, 0.15026, 0.89103, 0.06344, -0.13662, 0.15026, 0.89103, 0.16301, -0.20218, 2.20465, -1.94162, -0.15576, -0.15389, -0.15389, 0.14885, -0.33187, 1.49535, -1.17844, 0.15009, -0.33444, 1.49776, -1.16517, 0.15009, -0.33444, 1.49776, -1.16517, -0.21029, 0.91569, 2.99603, -1.11789, -0.13544, -1.15721, -1.16517, -1.16517, 0.28639, -0.28639, -0.82809, 0.82809, 0.93433, -0.93433, 0.3307, -0.95619, 1.07887, 0.33036, -0.95546, 1.07927, 0.33036, -0.95546, 1.07927, 0.33024, -0.1651, -0.95146, 0.48124, 0.48124, 1.08545, -0.53366, -0.53366, -0.69826, 8.91716, -0.89676, -4.04921, -4.04812, -4.04812, 0.5119, 0.51086, 3.73644, 21.31045, 2.60703, -10.47421, -10.47421, -10.47421, -0.99123], [0, 1, 5, 9, 21, 22, 23, 29, 0, 1, 5, 9, 22, 23, 3, 7, 4, 8, 2, 6, 0, 1, 5, 9, 27, 29, 4, 8, 3, 7, 2, 6, 26, 32, 22, 23, 28, 29, 24, 30, 25, 31, 21, 22, 23, 27, 29, 0, 1, 5, 9, 3, 7, 11, 4, 8, 12, 2, 6, 10, 22, 23, 28, 29, 34, 35, 26, 32, 38, 25, 31, 37, 24, 30, 36, 21, 22, 23, 27, 28, 29, 33, 34, 35, 1, 5, 9, 13, 17, 33, 34, 35, 6, 10, 14, 18, 8, 12, 16, 20, 7, 11, 15, 19, 5, 9, 13, 17, 33, 34, 35, 6, 10, 14, 18, 8, 12, 16, 20, 7, 11, 15, 19, 5, 9, 13, 17, 27, 33, 34, 35, 22, 23, 28, 29, 34, 35, 26, 32, 38, 25, 31, 37, 24, 30, 36, 21, 23, 27, 28, 29, 33, 34, 35, 5, 9, 13, 27, 28, 29, 33, 35, 1, 5, 9, 21, 22, 23, 29], [0, 8, 14, 16, 18, 20, 26, 28, 30, 32, 34, 38, 40, 42, 47, 51, 54, 57, 60, 66, 69, 72, 75, 84, 92, 96, 100, 104, 111, 115, 119, 123, 131, 137, 140, 143, 146, 154, 162, 169]], [[0.97418, 0.10249, 0.20814, 0.08763, -0.1133, -0.1133, -0.1133, -0.03429, -0.33994, 1.02549, 0.10649, -0.0478, -0.02573, -0.02573, 0.97889, 0.05399, 0.97889, 0.05399, 0.97889, 0.05399, 0.1458, -0.5321, 1.07073, 0.17542, -0.05173, -0.05169, -0.45937, 1.07067, -0.45937, 1.07067, -0.45937, 1.07068, 0.97282, 0.0741, 0.84248, -0.84248, 0.06418, -0.06418, 0.97283, 0.07407, 0.97283, 0.07407, 0.97283, -0.48642, -0.48642, 0.07407, -0.03702, -0.06312, 0.24475, -0.60268, 1.14386, 0.18849, -0.639, 1.14497, 0.18849, -0.639, 1.14497, 0.18851, -0.63907, 1.14519, -0.33497, 0.77305, 0.41424, -0.2901, 0.2901, 0.66948, -0.66948, 0.35874, -0.35874, -0.33558, 0.77487, 0.41219, -0.33558, 0.77487, 0.41219, -0.33575, 0.16784, 0.16784, 0.77469, -0.38827, -0.38827, 0.40944, -0.20791, -0.20791, -0.06148, 0.1434, -0.40342, 0.54062, 0.48833, 0.03475, 0.03588, 0.03588, 0.06553, -0.14129, 0.17147, 0.87443, 0.06553, -0.14129, 0.17147, 0.87443, 0.06085, -0.13093, 0.12653, 0.90936, 0.15872, -0.19134, 2.17853, -1.95669, -0.15458, -0.15154, -0.15154, 0.14916, -0.33243, 1.49549, -1.17768, 0.14916, -0.33243, 1.49549, -1.17768, 0.15071, -0.33591, 1.49998, -1.15093, -0.20929, 0.91685, 3.00489, -1.11986, -0.13562, -1.15843, -1.16452, -1.16452, 0.33071, -0.95622, 1.07886, 0.2864, -0.2864, -0.82811, 0.82811, 0.93432, -0.93432, 0.33005, -0.95475, 1.07964, 0.33005, -0.95475, 1.07964, 0.32984, -0.1649, -0.94934, 0.48201, 0.48201, 1.08427, -0.53553, -0.53553, -0.69815, 8.91671, -0.89804, -4.04933, -4.04796, -4.04796, 0.51283, 0.5112, 3.73644, 21.31045, 2.60703, -10.47421, -10.47421, -10.47421, -0.99123], [0, 1, 5, 9, 21, 22, 23, 29, 0, 1, 5, 9, 22, 23, 3, 7, 4, 8, 2, 6, 0, 1, 5, 9, 27, 29, 3, 7, 4, 8, 2, 6, 26, 32, 22, 23, 28, 29, 24, 30, 25, 31, 21, 22, 23, 27, 29, 0, 1, 5, 9, 3, 7, 11, 4, 8, 12, 2, 6, 10, 26, 32, 38, 22, 23, 28, 29, 34, 35, 25, 31, 37, 24, 30, 36, 21, 22, 23, 27, 28, 29, 33, 34, 35, 1, 5, 9, 13, 17, 33, 34, 35, 8, 12, 16, 20, 7, 11, 15, 19, 6, 10, 14, 18, 5, 9, 13, 17, 33, 34, 35, 8, 12, 16, 20, 7, 11, 15, 19, 6, 10, 14, 18, 5, 9, 13, 17, 27, 33, 34, 35, 26, 32, 38, 22, 23, 28, 29, 34, 35, 25, 31, 37, 24, 30, 36, 21, 23, 27, 28, 29, 33, 34, 35, 5, 9, 13, 27, 28, 29, 33, 35, 1, 5, 9, 21, 22, 23, 29], [0, 8, 14, 16, 18, 20, 26, 28, 30, 32, 34, 38, 40, 42, 47, 51, 54, 57, 60, 63, 69, 72, 75, 84, 92, 96, 100, 104, 111, 115, 119, 123, 131, 134, 140, 143, 146, 154, 162, 169]]], "MO_sym": [["A1g", "A1g", "T1u", "T1u", "T1u", "A1g", "T1u", "T1u", "T1u", "T2g", "Eg", "T2g", "T2g", "Eg", "A1g", "T1u", "T1u", "T1u", "Eg", "T2g", "T2g", "T2g", "Eg", "A1g", "?A", "?A", "?A", "A1g", "?A", "?A", "?A", "A1g", "Eg", "T2g", "T2g", "T2g", "Eg", "A1g", "A1g"], ["A1g", "A1g", "T1u", "T1u", "T1u", "A1g", "T1u", "T1u", "T1u", "T2g", "Eg", "T2g", "T2g", "Eg", "A1g", "T1u", "T1u", "T1u", "T2g", "T2g", "T2g", "T2g", "T2g", "T2g", "?A", "?A", "?A", "A1g", "?A", "?A", "?A", "A1g", "T2g", "Eg", "T2g", "T2g", "Eg", "A1g", "A1g"]]}}, "comp_details": {"geometry": {}, "excited_states": {}, "freq": {}, "general": {"scf_targets": [[1e-08, 1e-06, 1e-06]], "list_theory": ["DFT"], "solvent": "Gas", "package": "Gaussian", "integration_grid": "Default", "package_version": "09revisionD.01", "basis_set_size": 39,