{"molecule": {"atoms_masses": [113.9036], "nb_atoms": 1, "starting_geometry": [[0.0, 0.0, 0.0]], "atoms_Z": [48], "atoms_Zeff": [-59.52], "multiplicity": 2, "chirality": false, "nuclear_spins": [0.0], "nuclear_QMom": [0.0], "connectivity": {"bond_orders": [], "atom_pairs": []}, "charge": 1, "can": "[Cd]", "smi": "[Cd]", "starting_nuclear_repulsion": 0.0, "inchi": "InChI=1S/Cd", "formula": "Cd+", "nuclear_gfactors": [0.0], "starting_energy": -5442.01755112, "nb_heavy_atoms": 1, "atoms_valence": [0], "monoisotopic_mass": 113.903358}, "results": {"geometry": {"nuclear_repulsion_energy_from_xyz": 0.0, "elements_3D_coords_converged": [0.0, 0.0, 0.0]}, "excited_states": {}, "freq": {}, "wavefunction": {"SCF_values": [6.86e-09, 3.04e-07, -1.64e-11], "MO_number": 39, "homo_indexes": [23, 22], "virial_ratio": [2.0044], "MO_number_kept": 39, "total_molecular_energy": -5442.01755112, "MO_energies": [[-25599.874037252004, -3758.3423517137267, -3491.0468211645307, -3491.0468211645307, -3491.0468211645307, -717.2031286888865, -602.818711061959, -602.818711061959, -602.818711061959, -418.69613948733996, -418.69613948733996, -418.69613948733996, -418.69613948733996, -418.69613948733996, -112.5389414928365, -75.515403107657, -75.515403107657, -75.515403107657, -23.221651773969, -23.221651773969, -23.221651773969, -23.221651773969, -23.221651773969, -13.249223380845, -6.5076027347075005, -6.5076027347075005, -6.5076027347075005, -2.690661753744, -1.1001562975715, -1.1001562975715, -1.1001562975715, 12.393153207172, 27.094376094285, 27.094376094285, 27.094376094285, 27.094376094285, 27.094376094285, 120.428338360383, 5659.176511208896], [-25599.842744159196, -3758.3301065904548, -3491.04110677367, -3491.04110677367, -3491.04110677367, -717.157685675853, -602.792588132311, -602.792588132311, -602.792588132311, -418.68743184412403, -418.68743184412403, -418.68743184412403, -418.68743184412403, -418.68743184412403, -112.43200074959, -75.4471025311815, -75.4471025311815, -75.4471025311815, -23.018110613795, -23.018110613795, -23.018110613795, -23.018110613795, -23.018110613795, -10.241276877417999, -5.1410469774965, -5.1410469774965, -5.1410469774965, -1.6675136758640001, -0.3491220701915, -0.3491220701915, -0.3491220701915, 13.3082720864035, 27.802960560987003, 27.802960560987003, 27.802960560987003, 27.802960560987003, 27.802960560987003, 120.765759535003, 5659.217328286471]], "MO_coefs": [[[0.97418, 0.10249, 0.20813, 0.08763, -0.11329, -0.11329, -0.11329, -0.03429, -0.33995, 1.0255, 0.10653, -0.04779, -0.02575, -0.02575, 0.97889, 0.054, 0.97889, 0.054, 0.97889, 0.054, 0.1458, -0.5321, 1.0707, 0.1755, -0.05173, -0.05173, -0.45937, 1.07065, -0.45937, 1.07065, -0.45937, 1.07065, 0.9728, 0.07414, 0.9728, 0.07414, 0.9728, 0.07414, 0.96472, -0.37403, -0.5907, 0.07353, -0.04502, -0.12509, 0.89802, -0.77293, 0.06844, -0.05891, -0.06311, 0.24471, -0.60264, 1.14328, 0.18853, -0.63912, 1.14519, 0.18853, -0.63912, 1.14519, 0.18853, -0.63912, 1.14519, -0.33537, 0.77411, 0.41304, -0.33537, 0.77411, 0.41304, 0.20576, -0.33223, -0.29193, -0.47494, 0.76687, -0.15576, -0.25341, 0.40917, -0.33537, 0.77411, 0.41304, -0.31061, 0.26484, 0.71696, -0.6113, -0.10566, 0.38254, -0.32617, -0.07099, 0.18326, -0.46507, 0.86359, 0.10002, 0.03065, 0.05565, 0.05565, 0.05565, 0.1244, -0.27311, 0.81451, 0.2642, 0.1244, -0.27311, 0.81451, 0.2642, 0.1244, -0.27311, 0.81451, 0.2642, -0.14054, 0.16727, -1.71442, 1.9034, -0.05577, -0.05577, -0.05577, 0.23534, -1.26591, 1.44284, 0.23534, -1.26591, 1.44284, 0.23534, -1.26591, 1.44284, -0.19243, 0.92979, 3.21638, -1.2971, -0.14414, -1.16803, -1.16803, -1.16803, 0.33035, -0.95536, 1.07932, 0.33035, -0.95536, 1.07932, 0.33035, -0.95536, 1.07932, -0.19124, 0.3289, 0.55307, 0.39809, -0.95116, -0.62483, -0.44974, 1.07457, -0.26936, 0.3003, 0.77899, -0.86847, -0.88006, 0.98115, -0.10109, -0.69767, 8.91295, -0.91874, -4.04786, -4.04786, -4.04786, 0.51785, 0.51785, 3.73644, 21.31045, 2.60703, -10.47421, -10.47421, -10.47421, -0.99123], [0, 1, 5, 9, 21, 22, 23, 29, 0, 1, 5, 9, 22, 23, 4, 8, 3, 7, 2, 6, 0, 1, 5, 9, 28, 29, 4, 8, 3, 7, 2, 6, 24, 30, 25, 31, 26, 32, 21, 22, 23, 27, 29, 21, 22, 23, 28, 29, 0, 1, 5, 9, 3, 7, 11, 4, 8, 12, 2, 6, 10, 25, 31, 37, 24, 30, 36, 22, 23, 27, 28, 29, 33, 34, 35, 26, 32, 38, 21, 22, 27, 28, 29, 33, 34, 1, 5, 9, 13, 17, 27, 33, 34, 35, 6, 10, 14, 18, 7, 11, 15, 19, 8, 12, 16, 20, 5, 9, 13, 17, 27, 28, 29, 10, 14, 18, 12, 16, 20, 11, 15, 19, 5, 9, 13, 17, 27, 33, 34, 35, 25, 31, 37, 24, 30, 36, 26, 32, 38, 21, 23, 27, 28, 29, 33, 34, 35, 21, 22, 27, 28, 33, 34, 35, 5, 9, 13, 27, 28, 29, 34, 35, 1, 5, 9, 21, 22, 23, 29], [0, 8, 14, 16, 18, 20, 26, 28, 30, 32, 34, 36, 38, 43, 48, 52, 55, 58, 61, 64, 67, 75, 78, 85, 94, 98, 102, 106, 113, 116, 119, 122, 130, 133, 136, 139, 147, 154, 162, 169]], [[0.97418, 0.10249, 0.20814, 0.08763, -0.1133, -0.1133, -0.1133, -0.03429, -0.33994, 1.02548, 0.10646, -0.04782, -0.02571, -0.02571, 0.97889, 0.054, 0.97889, 0.054, 0.97889, 0.054, 0.14579, -0.53208, 1.07077, 0.17571, -0.05181, -0.05181, -0.45937, 1.07066, -0.45937, 1.07066, -0.45937, 1.07066, 0.97282, 0.0741, 0.97282, 0.0741, 0.97282, 0.0741, -0.08472, -0.79692, 0.88164, -0.0607, 0.06716, 0.96912, -0.55793, -0.41119, 0.07382, -0.0425, -0.06309, 0.24462, -0.60233, 1.13862, 0.18863, -0.63949, 1.14602, 0.18863, -0.63949, 1.14602, 0.18863, -0.63949, 1.14602, -0.33795, 0.78162, 0.40452, -0.33795, 0.78162, 0.40452, -0.33795, 0.78162, 0.40452, 0.26045, -0.31673, -0.13016, -0.60237, 0.73253, -0.31175, 0.37912, -0.33323, 0.21536, 0.7707, -0.49807, -0.27263, 0.39887, -0.25778, -0.1411, -0.07032, 0.18052, -0.46521, 0.84865, 0.12593, 0.03231, 0.05144, 0.05144, 0.05144, 0.12088, -0.2658, 0.7879, 0.29433, 0.12088, -0.2658, 0.7879, 0.29433, 0.12088, -0.2658, 0.7879, 0.29433, -0.14151, 0.17059, -1.77199, 1.91895, 0.06258, 0.06258, 0.06258, 0.23963, -1.28273, 1.437, 0.23963, -1.28273, 1.437, 0.23963, -1.28273, 1.437, -0.19616, 0.94862, 3.18818, -1.27158, -0.15172, -1.16666, -1.16666, -1.16666, -0.26091, 0.30211, 0.75586, -0.87521, -0.13611, -0.86201, 0.99812, 0.32766, -0.94923, 1.08254, 0.32766, -0.94923, 1.08254, 0.32766, -0.94923, 1.08254, 0.32506, -0.19821, -0.9417, 0.57421, 0.36749, 1.07395, -0.65485, -0.4191, -0.69749, 8.91148, -0.92173, -4.04754, -4.04754, -4.04754, 0.51977, 0.51977, 3.73645, 21.31044, 2.60706, -10.47421, -10.47421, -10.47421, -0.99125], [0, 1, 5, 9, 21, 22, 23, 29, 0, 1, 5, 9, 22, 23, 4, 8, 2, 6, 3, 7, 0, 1, 5, 9, 28, 29, 4, 8, 2, 6, 3, 7, 24, 30, 26, 32, 25, 31, 21, 22, 23, 28, 29, 21, 22, 23, 27, 28, 0, 1, 5, 9, 3, 7, 11, 2, 6, 10, 4, 8, 12, 25, 31, 37, 24, 30, 36, 26, 32, 38, 22, 23, 27, 28, 29, 34, 35, 21, 22, 27, 28, 29, 33, 34, 35, 1, 5, 9, 13, 17, 27, 33, 34, 35, 6, 10, 14, 18, 7, 11, 15, 19, 8, 12, 16, 20, 5, 9, 13, 17, 33, 34, 35, 10, 14, 18, 12, 16, 20, 11, 15, 19, 5, 9, 13, 17, 27, 33, 34, 35, 22, 23, 28, 29, 33, 34, 35, 25, 31, 37, 24, 30, 36, 26, 32, 38, 21, 22, 27, 28, 29, 33, 34, 35, 5, 9, 13, 27, 28, 29, 34, 35, 1, 5, 9, 21, 22, 23, 29], [0, 8, 14, 16, 18, 20, 26, 28, 30, 32, 34, 36, 38, 43, 48, 52, 55, 58, 61, 64, 67, 70, 77, 85, 94, 98, 102, 106, 113, 116, 119, 122, 130, 137, 140, 143, 146, 154, 162, 169]]], "MO_sym": [["A1g", "A1g", "T1u", "T1u", "T1u", "A1g", "T1u", "T1u", "T1u", "T2g", "T2g", "T2g", "Eg", "Eg", "A1g", "T1u", "T1u", "T1u", "T2g", "T2g", "Eg", "T2g", "Eg", "A1g", "T1u", "T1u", "T1u", "A1g", "T1u", "T1u", "T1u", "A1g", "T2g", "T2g", "T2g", "Eg", "Eg", "A1g", "A1g"], ["A1g", "A1g", "T1u", "T1u", "T1u", "A1g", "T1u", "T1u", "T1u", "T2g", "T2g", "T2g", "Eg", "Eg", "A1g", "T1u", "T1u", "T1u", "T2g", "T2g", "T2g", "Eg", "Eg", "A1g", "T1u", "T1u", "T1u", "A1g", "T1u", "T1u", "T1u", "A1g", "Eg", "T2g", "T2g", "T2g", "Eg", "A1g", "A1g"]]}}, "comp_details": {"geometry": {}, "excited_states": {}, "freq": {}, "general": {"scf_targets": [[1e-08, 1e-06, 1e-06]], "list_theory": ["DFT"], "solvent": "Gas", "package": "Gaussian", "integration_grid": "Default", "package_version": "09revisionD.01", "basis_set_size": 39,