{"molecule": {"atoms_masses": [113.9036], "nb_atoms": 1, "starting_geometry": [[0.0, 0.0, 0.0]], "atoms_Z": [48], "atoms_Zeff": [-59.52], "multiplicity": 1, "chirality": false, "nuclear_spins": [0.0], "nuclear_QMom": [0.0], "connectivity": {"bond_orders": [], "atom_pairs": []}, "charge": 0, "can": "[Cd]", "smi": "[Cd]", "starting_nuclear_repulsion": 0.0, "inchi": "InChI=1S/Cd", "formula": "Cd", "nuclear_gfactors": [0.0], "starting_energy": -5442.31255705, "nb_heavy_atoms": 1, "atoms_valence": [0], "monoisotopic_mass": 113.903358}, "results": {"geometry": {"nuclear_repulsion_energy_from_xyz": 0.0, "elements_3D_coords_converged": [0.0, 0.0, 0.0]}, "excited_states": {"et_oscs": [0.0, 0.0, 0.0, 0.0, 0.0, 0.0, 0.0, 0.0, 0.0, 0.0], "et_rot": [0.0, 0.0, 0.0, 0.0, 0.0, 0.0, 0.0, 0.0, 0.0, 0.0], "et_transitions": [[[[23, 0], [26, 0], 0.9967377187605574], [[23, 0], [30, 0], 0.1533007501612435]], [[[23, 0], [24, 0], 0.8326606612540309], [[23, 0], [25, 0], -0.5478804761989607]], [[[23, 0], [24, 0], 0.5478804761989607], [[23, 0], [25, 0], 0.8326606612540309]], [[[23, 0], [27, 0], 0.9999904099540156]], [[[23, 0], [28, 0], 0.8425601561906426], [[23, 0], [29, 0], 0.5177577273204138]], [[[23, 0], [26, 0], -0.148124728522958], [[23, 0], [30, 0], 0.988931259896258]], [[[23, 0], [28, 0], -0.5177577273204138], [[23, 0], [29, 0], 0.8425601561906426]], [[[18, 0], [26, 0], 0.5389143622135154], [[20, 0], [24, 0], -0.30166589498980495], [[21, 0], [25, 0], 0.5389143622135154], [[22, 0], [24, 0], 0.5442742316149094]], [[[18, 0], [24, 0], 0.5357040974269285], [[19, 0], [25, 0], 0.5357040974269285], [[20, 0], [26, 0], -0.31860817346703457], [[22, 0], [26, 0], -0.5302028066692971]], [[[19, 0], [26, 0], 0.5356192446131861], [[20, 0], [25, 0], 0.6183790222832596], [[21, 0], [24, 0], 0.5356192446131861]]], "et_energies": [24859.620610637998, 24859.620610637998, 24859.620610637998, 50815.348690287, 63175.795314712, 63175.795314712, 63175.795314712, 96899.44910006, 96899.44910006, 96899.44910006], "et_sym": ["Triplet-T1U", "Triplet-T1U", "Triplet-T1U", "Triplet-A1G", "Triplet-T1U", "Triplet-T1U", "Triplet-T1U", "Triplet-?Sym", "Triplet-?Sym", "Triplet-?Sym"]}, "freq": {}, "wavefunction": {"Mulliken_partial_charges": [0.0], "MO_number": 39, "homo_indexes": [23], "SCF_values": [1.47e-09, 4.7e-08, null], "MO_number_kept": 39, "total_molecular_energy": -5442.31255705, "MO_energies": [[-25591.22598696926, -3749.7470915179833, -3482.4518330826377, -3482.4518330826377, -3482.4518330826377, -708.5341256396575, -594.155694517441, -594.155694517441, -594.155694517441, -410.047272863048, -410.047272863048, -410.047272863048, -410.047272863048, -410.047272863048, -103.758643878753, -66.7334728104705, -66.7334728104705, -66.7334728104705, -14.4467964368955, -14.4467964368955, -14.4467964368955, -14.4467964368955, -14.4467964368955, -5.72527541452, -0.512662494342, -0.512662494342, -0.512662494342, 2.0525547743215, 3.8153082978605, 3.8153082978605, 3.8153082978605, 19.360084121523503, 35.638750999985, 35.638750999985, 35.638750999985, 35.638750999985, 35.638750999985, 129.076660756974, 5667.822928808533]], "virial_ratio": [2.0044], "MO_sym": [["A1g", "A1g", "T1u", "T1u", "T1u", "A1g", "T1u", "T1u", "T1u", "T2g", "T2g", "T2g", "Eg", "Eg", "A1g", "T1u", "T1u", "T1u", "T2g", "T2g", "Eg", "T2g", "Eg", "A1g", "T1u", "T1u", "T1u", "A1g", "T1u", "T1u", "T1u", "A1g", "Eg", "T2g", "T2g", "T2g", "Eg", "A1g", "A1g"]]}}, "comp_details": {"geometry": {}, "excited_states": {"nb_et_states": 10}, "freq": {}, "general": {"scf_targets": [[1e-08, 1e-06, 1e-06]], "list_theory": ["DFT"], "solvent": "Gas", "package": "Gaussian", "integration_grid": "Default", "package_version": "09revisionD.01", "basis_set_size": 39, "job_type": ["TD"], "functional": "PBE1PBE", "is_closed_shell": "True", "core_electrons_per_atoms": [0], "basis_set_md5": "9c74628d4e19e40701bd266a54282fc7", "basis_set": "(lp0\n(lp1\n(VS\np2\n(lp3\n(F11686.086\nF0.06142649617\ntp4\na(F1770.1114\nF0.368156677\ntp5\na(F389.20899\nF0.689572157\ntp6\natp7\na(g2\n(lp8\n(F527.600377\nF-0.112592477\ntp9\na(F114.832877\nF0.08326963198\ntp10\na(F36.9582931\nF0.9697978087\ntp11\natp12\na(VP\np13\n(lp14\n(F527.600377\nF0.151805099\ntp15\na(F114.832877\nF0.607759769\ntp16\na(F36.9582931\nF0.399963156\ntp17\natp18\na(g2\n(lp19\n(F33.0154821\nF-1.406471028\ntp20\na(F29.5454301\nF1.218156268\ntp21\na(F6.27850756\nF1.055520308\ntp22\natp23\na(g13\n(lp24\n(F33.0154821\nF-1.609023667\ntp25\na(F29.5454301\nF1.959567526\ntp26\na(F6.27850756\nF0.7080270607\ntp27\natp28\na(g2\n(lp29\n(F6.15059633\nF-0.4229209279\ntp30\na(F2.25974607\nF0.4987714469\ntp31\na(F0.841426139\nF0.7850754939\ntp32\natp33\na(g13\n(lp34\n(F6.15059633\nF0.0144822945\ntp35\na(F2.25974607\nF0.5186611159\ntp36\na(F0.841426139\nF0.5426657759\ntp37\natp38\na(g2\n(lp39\n(F0.949068645\nF-0.2215546835\ntp40\na(F0.101487843\nF1.080944447\ntp41\natp42\na(g13\n(lp43\n(F0.949068645\nF-0.001540265823\ntp44\na(F0.101487843\nF1.000412196\ntp45\natp46\na(g2\n(lp47\n(F0.0359872644\nF1.0\ntp48\natp49\na(g13\n(lp50\n(F0.0359872644\nF1.0\ntp51\natp52\na(VD\np53\n(lp54\n(F95.472743\nF0.123082799\ntp55\na(F26.481959\nF0.4916767962\ntp56\na(F8.2828858\nF0.5815407955\ntp57\natp58\na(g53\n(lp59\n(F4.0821413\nF0.337940954\ntp60\na(F1.3572792\nF0.759167887\ntp61\natp62\na(g53\n(lp63\n(F0.42083076\nF1.0\ntp64\natp65\naa.", "last_theory": "DFT", "all_unique_theory": ["DFT"]}}, "metadata": {"archivable_for_new_entry": "False", "archivable": "True", "parser_version": "v7.1", "log_file": "TD_T.log"}}
