{"molecule": {"atoms_masses": [15.9949146, 15.9949146, 12.0], "nb_atoms": 3, "starting_geometry": [[0.0, 0.0, 1.197], [0.0, 0.0, -1.197], [0.0, 0.0, 0.0]], "atoms_Z": [8, 8, 6], "atoms_Zeff": [0.0, 0.0, 0.0], "multiplicity": 1, "chirality": false, "nuclear_spins": [0.0, 0.0, 0.0], "nuclear_QMom": [0.0, 0.0, 0.0], "connectivity": {"bond_orders": [2, 2, 2, 2], "atom_pairs": [[0, 2], [1, 2], [2, 0], [2, 1]]}, "charge": 0, "can": "O=C=O", "smi": "O=C=O", "starting_nuclear_repulsion": 56.58704, "inchi": "InChI=1S/CO2/c2-1-3", "formula": "CO2", "nuclear_gfactors": [0.0, 0.0, 0.0], "starting_energy": -185.819536465, "nb_heavy_atoms": 3, "atoms_valence": [1, 1, 2], "monoisotopic_mass": 43.98982924}, "results": {"geometry": {"geometric_values": [[0.048245, 0.034115, 0.045182, 0.031948], [0.001938, 0.001371, 0.001879, 0.001329], [1e-06, 1e-06, 1e-06, 1e-06]], "nuclear_repulsion_energy_from_xyz": 55.52387, "elements_3D_coords_converged": [0.0, 0.0, 1.219915, 0.0, 0.0, -1.219915, 0.0, 0.0, 0.0], "OPT_DONE": true}, "excited_states": {}, "freq": {}, "wavefunction": {"Mulliken_partial_charges": [-0.141264, -0.141264, 0.282528], "MO_number": 15, "homo_indexes": [10], "SCF_values": [3.22e-10, 1.72e-09, -4.55e-13], "MO_number_kept": 15, "total_molecular_energy": -185.82157534, "MO_energies": [[-518.3937562612309, -518.385592845716, -277.763478264081, -29.832113544165498, -28.519164215503, -13.060648482448501, -11.549056042921, -11.549056042921, -10.8440090562755, -6.621074210366, -6.621074210366, 3.2689036860565, 3.2689036860565, 7.087477350123001, 24.407523934448]], "MO_coefs": [[[0.70253, -0.70253, 0.70268, 0.70268, 0.99199, -0.14787, 0.51728, -0.16092, -0.14787, 0.51728, 0.16092, -0.16036, 0.35161, -0.16037, 0.5438, -0.1397, 0.16037, -0.5438, -0.1397, 0.29715, -0.54112, -0.38226, 0.11566, -0.54112, 0.38226, -0.16639, 0.57932, 0.45117, 0.45117, 0.60443, 0.45117, 0.45117, 0.60443, 0.4509, 0.50257, 0.08785, -0.4509, 0.50257, -0.41344, 0.70833, -0.70833, 0.70833, -0.70833, -0.58431, -0.58431, 0.85344, -0.58431, -0.58431, 0.85344, -0.46007, 0.69742, -0.46007, -0.69742, -0.20251, 1.21971, -0.75642, 0.71993, 0.75642, 0.71993, 1.5077], [0, 5, 0, 5, 10, 0, 1, 4, 5, 6, 9, 10, 11, 0, 1, 4, 5, 6, 9, 14, 1, 4, 5, 6, 9, 10, 11, 2, 7, 12, 3, 8, 13, 1, 4, 5, 6, 9, 14, 2, 7, 3, 8, 3, 8, 13, 2, 7, 12, 1, 4, 6, 9, 10, 11, 1, 4, 6, 9, 14], [0, 2, 4, 5, 13, 20, 27, 30, 33, 39, 41, 43, 46, 49, 55, 60]]], "virial_ratio": [2.0158, 2.0162, 2.0162], "MO_sym": [["sigma.u", "sigma.g", "sigma.g", "sigma.g", "sigma.u", "sigma.g", "pi.u", "pi.u", "sigma.u", "pi.g", "pi.g", "pi.u", "pi.u", "sigma.g", "sigma.u"]]}}, "comp_details": {"geometry": {"geometric_targets": [0.00045, 0.0003, 0.0018, 0.0012]}, "excited_states": {}, "freq": {}, "general": {"scf_targets": [[1e-08, 1e-06, 1e-06], [1e-08, 1e-06, 1e-06], [1e-08, 1e-06, 1e-06]], "list_theory": ["DFT"], "solvent": "Gas", "package": "Gaussian", "integration_grid": "Default", "package_version": "09revisionD.01", "basis_set_size": 15, "job_type": ["OPT"], "functional": "PBE1PBE", "is_closed_shell": "True", "core_electrons_per_atoms": [0, 0, 0], "basis_set_md5": "2bd8124030019269854d23af1154980c", "basis_set": "(lp0\n(lp1\n(VS\np2\n(lp3\n(F130.7093214\nF0.1543289673\ntp4\na(F23.80886605\nF0.5353281423\ntp5\na(F6.443608313\nF0.4446345422\ntp6\natp7\na(g2\n(lp8\n(F5.033151319\nF-0.09996722919\ntp9\na(F1.169596125\nF0.3995128261\ntp10\na(F0.38038896\nF0.7001154689\ntp11\natp12\na(VP\np13\n(lp14\n(F5.033151319\nF0.155916275\ntp15\na(F1.169596125\nF0.6076837186\ntp16\na(F0.38038896\nF0.3919573931\ntp17\natp18\naa(lp19\n(g2\n(lp20\n(F130.7093214\nF0.1543289673\ntp21\na(F23.80886605\nF0.5353281423\ntp22\na(F6.443608313\nF0.4446345422\ntp23\natp24\na(g2\n(lp25\n(F5.033151319\nF-0.09996722919\ntp26\na(F1.169596125\nF0.3995128261\ntp27\na(F0.38038896\nF0.7001154689\ntp28\natp29\na(g13\n(lp30\n(F5.033151319\nF0.155916275\ntp31\na(F1.169596125\nF0.6076837186\ntp32\na(F0.38038896\nF0.3919573931\ntp33\natp34\naa(lp35\n(g2\n(lp36\n(F71.61683735\nF0.1543289673\ntp37\na(F13.04509632\nF0.5353281423\ntp38\na(F3.53051216\nF0.4446345422\ntp39\natp40\na(g2\n(lp41\n(F2.941249355\nF-0.09996722919\ntp42\na(F0.6834830964\nF0.3995128261\ntp43\na(F0.2222899159\nF0.7001154689\ntp44\natp45\na(g13\n(lp46\n(F2.941249355\nF0.155916275\ntp47\na(F0.6834830964\nF0.6076837186\ntp48\na(F0.2222899159\nF0.3919573931\ntp49\natp50\naa.", "last_theory": "DFT", "basis_set_name": "STO-3G", "all_unique_theory": ["DFT"]}}, "metadata": {"archivable_for_new_entry": "True", "archivable": "True", "parser_version": "v7.1", "log_file": "OPT.log"}}
