{"molecule": {"atoms_masses": [15.9949146, 15.9949146, 12.0], "nb_atoms": 3, "starting_geometry": [[0.0, 0.0, 1.219915], [0.0, 0.0, -1.219915], [0.0, 0.0, 0.0]], "atoms_Z": [8, 8, 6], "atoms_Zeff": [-5.6, -5.6, -3.6], "multiplicity": 2, "chirality": false, "nuclear_spins": [0.0, 0.0, 0.0], "nuclear_QMom": [0.0, 0.0, 0.0], "connectivity": {"bond_orders": [2, 2, 2, 2], "atom_pairs": [[0, 2], [1, 2], [2, 0], [2, 1]]}, "charge": 1, "can": "O=C=O", "smi": "O=C=O", "starting_nuclear_repulsion": 55.52387, "inchi": "InChI=1S/CO2/c2-1-3", "formula": "CO2+", "nuclear_gfactors": [0.0, 0.0, 0.0], "starting_energy": -185.422116304, "nb_heavy_atoms": 3, "atoms_valence": [1, 1, 2], "monoisotopic_mass": 43.98982924}, "results": {"geometry": {"nuclear_repulsion_energy_from_xyz": 55.52387, "elements_3D_coords_converged": [0.0, 0.0, 1.219915, 0.0, 0.0, -1.219915, 0.0, 0.0, 0.0]}, "excited_states": {}, "freq": {}, "wavefunction": {"SCF_values": [1.1e-09, 9.62e-09, 0.0], "MO_number": 15, "homo_indexes": [10, 9], "virial_ratio": [2.0262], "MO_number_kept": 15, "total_molecular_energy": -185.422116304, "MO_energies": [[-534.5741900396621, -534.566026624147, -291.3884908724665, -42.892762026614, -41.885940779764, -25.2290356491075, -24.303032215856, -23.43444480506, -23.396893093691002, -21.024332431181502, -19.4705623448265, -9.2222105072955, -8.749548748977, -5.488264250734501, 11.0693193244895], [-534.243299597454, -534.23568040964, -291.5452284503545, -41.9226761495815, -40.63857088907201, -24.656235993805, -23.2540333221785, -22.697832611756503, -22.429528355163498, -18.744290477842, -15.0057182858225, -8.7400247642095, -7.844498082214, -5.365540904159, 11.372454153946501]], "MO_coefs": [[[0.70256, -0.70256, 0.70272, 0.70272, 0.99224, -0.15303, 0.54753, -0.1824, -0.15303, 0.54753, 0.1824, -0.14769, 0.28733, -0.16134, 0.55545, -0.16139, 0.16134, -0.55545, -0.16139, 0.26804, -0.51984, -0.40157, 0.1109, -0.51984, 0.40157, -0.16435, 0.55756, 0.52875, 0.52875, 0.47861, 0.49324, 0.49324, 0.53952, 0.45498, 0.5029, 0.0893, -0.45498, 0.5029, -0.40596, 0.70833, -0.70833, 0.70833, -0.70833, -0.51517, -0.51517, 0.92985, -0.54926, -0.54926, 0.89589, -0.44948, 0.68109, -0.44948, -0.68109, -0.21236, 1.24642, -0.74544, 0.71514, 0.74544, 0.71514, 1.51517], [0, 5, 0, 5, 10, 0, 1, 4, 5, 6, 9, 10, 11, 0, 1, 4, 5, 6, 9, 14, 1, 4, 5, 6, 9, 10, 11, 3, 8, 13, 2, 7, 12, 1, 4, 5, 6, 9, 14, 3, 8, 2, 7, 3, 8, 13, 2, 7, 12, 1, 4, 6, 9, 10, 11, 1, 4, 6, 9, 14], [0, 2, 4, 5, 13, 20, 27, 30, 33, 39, 41, 43, 46, 49, 55, 60]], [[0.70269, -0.70269, 0.70284, 0.70284, 0.99211, -0.14579, 0.51205, -0.18401, -0.14579, 0.51205, 0.18401, -0.16041, 0.34278, -0.1569, 0.53023, -0.16395, 0.1569, -0.53023, -0.16395, 0.3039, -0.5532, -0.37951, 0.1189, -0.5532, 0.37951, -0.16161, 0.56753, 0.46579, 0.46579, 0.58267, 0.47403, 0.49477, 0.09408, -0.47403, 0.49477, -0.40528, 0.39764, 0.39764, 0.67765, 0.70833, -0.70833, 0.70833, -0.70833, -0.57272, -0.57272, 0.86844, -0.62197, -0.62197, 0.79654, -0.4515, 0.6932, -0.4515, -0.6932, -0.20576, 1.22776, -0.75192, 0.72021, 0.75192, 0.72021, 1.50858], [0, 5, 0, 5, 10, 0, 1, 4, 5, 6, 9, 10, 11, 0, 1, 4, 5, 6, 9, 14, 1, 4, 5, 6, 9, 10, 11, 2, 7, 12, 1, 4, 5, 6, 9, 14, 3, 8, 13, 2, 7, 3, 8, 2, 7, 12, 3, 8, 13, 1, 4, 6, 9, 10, 11, 1, 4, 6, 9, 14], [0, 2, 4, 5, 13, 20, 27, 30, 36, 39, 41, 43, 46, 49, 55, 60]]], "MO_sym": [["sigma.u", "sigma.g", "sigma.g", "sigma.g", "sigma.u", "sigma.g", "?A", "?A", "sigma.u", "pi.g", "pi.g", "?A", "?A", "sigma.g", "sigma.u"], ["sigma.u", "sigma.g", "sigma.g", "sigma.g", "sigma.u", "sigma.g", "?A", "sigma.u", "?A", "pi.g", "pi.g", "?A", "?A", "sigma.g", "sigma.u"]]}}, "comp_details": {"geometry": {}, "excited_states": {}, "freq": {}, "general": {"scf_targets": [[1e-08, 1e-06, 1e-06]], "list_theory": ["DFT"], "solvent": "Gas", "package": "Gaussian", "integration_grid": "Default", "package_version": "09revisionD.01", "basis_set_size": 15, "job_type": ["SP"], "functional": "PBE1PBE", "is_closed_shell": "False", "core_electrons_per_atoms": [0, 0, 0], "basis_set_md5": "2bd8124030019269854d23af1154980c", "basis_set": "(lp0\n(lp1\n(VS\np2\n(lp3\n(F130.7093214\nF0.1543289673\ntp4\na(F23.80886605\nF0.5353281423\ntp5\na(F6.443608313\nF0.4446345422\ntp6\natp7\na(g2\n(lp8\n(F5.033151319\nF-0.09996722919\ntp9\na(F1.169596125\nF0.3995128261\ntp10\na(F0.38038896\nF0.7001154689\ntp11\natp12\na(VP\np13\n(lp14\n(F5.033151319\nF0.155916275\ntp15\na(F1.169596125\nF0.6076837186\ntp16\na(F0.38038896\nF0.3919573931\ntp17\natp18\naa(lp19\n(g2\n(lp20\n(F130.7093214\nF0.1543289673\ntp21\na(F23.80886605\nF0.5353281423\ntp22\na(F6.443608313\nF0.4446345422\ntp23\natp24\na(g2\n(lp25\n(F5.033151319\nF-0.09996722919\ntp26\na(F1.169596125\nF0.3995128261\ntp27\na(F0.38038896\nF0.7001154689\ntp28\natp29\na(g13\n(lp30\n(F5.033151319\nF0.155916275\ntp31\na(F1.169596125\nF0.6076837186\ntp32\na(F0.38038896\nF0.3919573931\ntp33\natp34\naa(lp35\n(g2\n(lp36\n(F71.61683735\nF0.1543289673\ntp37\na(F13.04509632\nF0.5353281423\ntp38\na(F3.53051216\nF0.4446345422\ntp39\natp40\na(g2\n(lp41\n(F2.941249355\nF-0.09996722919\ntp42\na(F0.6834830964\nF0.3995128261\ntp43\na(F0.2222899159\nF0.7001154689\ntp44\natp45\na(g13\n(lp46\n(F2.941249355\nF0.155916275\ntp47\na(F0.6834830964\nF0.6076837186\ntp48\na(F0.2222899159\nF0.3919573931\ntp49\natp50\naa.", "last_theory": "DFT", "all_unique_theory": ["DFT"]}}, "metadata": {"archivable_for_new_entry": "False", "archivable": "True", "parser_version": "v7.1", "log_file": "SP_moins.log"}}
