{"molecule": {"atoms_masses": [15.9949146, 15.9949146, 12.0], "nb_atoms": 3, "starting_geometry": [[0.0, 0.0, 1.219915], [0.0, 0.0, -1.219915], [0.0, 0.0, 0.0]], "atoms_Z": [8, 8, 6], "atoms_Zeff": [-5.6, -5.6, -3.6], "multiplicity": 2, "chirality": false, "nuclear_spins": [0.0, 0.0, 0.0], "nuclear_QMom": [0.0, 0.0, 0.0], "connectivity": {"bond_orders": [2, 2, 2, 2], "atom_pairs": [[0, 2], [1, 2], [2, 0], [2, 1]]}, "charge": -1, "can": "O=C=O", "smi": "O=C=O", "starting_nuclear_repulsion": 55.52387, "inchi": "InChI=1S/CO2/c2-1-3", "formula": "CO2-", "nuclear_gfactors": [0.0, 0.0, 0.0], "starting_energy": -185.533729476, "nb_heavy_atoms": 3, "atoms_valence": [1, 1, 2], "monoisotopic_mass": 43.98982924}, "results": {"geometry": {"nuclear_repulsion_energy_from_xyz": 55.52387, "elements_3D_coords_converged": [0.0, 0.0, 1.219915, 0.0, 0.0, -1.219915, 0.0, 0.0, 0.0]}, "excited_states": {}, "freq": {}, "wavefunction": {"SCF_values": [2.36e-10, 1.83e-09, 1.14e-13], "MO_number": 15, "homo_indexes": [11, 10], "virial_ratio": [2.0004], "MO_number_kept": 15, "total_molecular_energy": -185.533729476, "MO_energies": [[-502.96816630408705, -502.96000288857203, -261.3335160847415, -17.2751477989925, -15.865325939552001, -1.4049238101315, 0.0432661022295, 0.487083792395, 1.2171652532865, 4.7328762017465005, 5.437923188391999, 12.463358580601, 15.658791527022501, 19.631925858173002, 38.1457359046415], [-502.849524665269, -502.84108913590353, -261.01949670126453, -16.766022784707, -15.520829804819, -0.7621908952505, 0.795660898862, 1.429686170527, 1.7091470949905, 5.5573811687615, 6.26950311552, 16.114037998909, 17.217187548835998, 20.504050749025502, 38.667650269900506]], "MO_coefs": [[[0.70241, -0.70241, 0.70257, 0.70257, 0.99147, 0.03562, -0.1501, 0.52375, -0.13387, -0.1501, 0.52375, 0.13387, -0.16038, 0.35973, -0.1648, 0.56439, -0.11048, 0.1648, -0.56439, -0.11048, 0.27985, -0.52453, -0.38746, 0.11125, -0.52453, 0.38746, -0.17212, 0.58925, 0.44265, 0.44265, 0.61675, 0.45558, 0.45558, 0.59796, 0.41209, 0.51809, 0.07828, -0.41209, 0.51809, -0.41002, 0.70833, -0.70833, 0.70833, -0.70833, -0.59079, -0.59079, 0.84458, -0.58088, -0.58088, 0.85798, -0.47178, 0.70026, -0.47178, -0.70026, -0.20026, 1.2125, -0.76343, 0.71398, 0.76343, 0.71398, 1.51194], [0, 5, 0, 5, 10, 11, 0, 1, 4, 5, 6, 9, 10, 11, 0, 1, 4, 5, 6, 9, 14, 1, 4, 5, 6, 9, 10, 11, 3, 8, 13, 2, 7, 12, 1, 4, 5, 6, 9, 14, 3, 8, 2, 7, 3, 8, 13, 2, 7, 12, 1, 4, 6, 9, 10, 11, 1, 4, 6, 9, 14], [0, 2, 4, 6, 14, 21, 28, 31, 34, 40, 42, 44, 47, 50, 56, 61]], [[0.70246, -0.70246, 0.70261, 0.70261, 0.99178, -0.15152, 0.53223, -0.13904, -0.15152, 0.53223, 0.13904, -0.15663, 0.34268, -0.16397, 0.56061, -0.11508, 0.16397, -0.56061, -0.11508, 0.28364, -0.5051, -0.41174, 0.10769, -0.5051, 0.41174, -0.16568, 0.55004, 0.466, 0.466, 0.58236, 0.41151, 0.52232, 0.07899, -0.41151, 0.52232, -0.39633, 0.47728, 0.47728, 0.56499, 0.70833, -0.70833, 0.70833, -0.70833, -0.57255, -0.57255, 0.86865, -0.56318, -0.56318, 0.88005, -0.48337, 0.68524, -0.48337, -0.68524, -0.20703, 1.23568, -0.76653, 0.71016, 0.76653, 0.71016, 1.51488], [0, 5, 0, 5, 10, 0, 1, 4, 5, 6, 9, 10, 11, 0, 1, 4, 5, 6, 9, 14, 1, 4, 5, 6, 9, 10, 11, 2, 7, 12, 1, 4, 5, 6, 9, 14, 3, 8, 13, 2, 7, 3, 8, 2, 7, 12, 3, 8, 13, 1, 4, 6, 9, 10, 11, 1, 4, 6, 9, 14], [0, 2, 4, 5, 13, 20, 27, 30, 36, 39, 41, 43, 46, 49, 55, 60]]], "MO_sym": [["sigma.u", "sigma.g", "sigma.g", "sigma.g", "sigma.u", "sigma.g", "pi.u", "pi.u", "sigma.u", "pi.g", "pi.g", "pi.u", "pi.u", "sigma.g", "sigma.u"], ["sigma.u", "sigma.g", "sigma.g", "sigma.g", "sigma.u", "sigma.g", "pi.u", "sigma.u", "pi.u", "pi.g", "pi.g", "pi.u", "pi.u", "sigma.g", "sigma.u"]]}}, "comp_details": {"geometry": {}, "excited_states": {}, "freq": {}, "general": {"scf_targets": [[1e-08, 1e-06, 1e-06]], "list_theory": ["DFT"], "solvent": "Gas", "package": "Gaussian", "integration_grid": "Default", "package_version": "09revisionD.01", "basis_set_size": 15, "job_type": ["SP"], "functional": "PBE1PBE", "is_closed_shell": "False", "core_electrons_per_atoms": [0, 0, 0], "basis_set_md5": "2bd8124030019269854d23af1154980c", "basis_set": "(lp0\n(lp1\n(VS\np2\n(lp3\n(F130.7093214\nF0.1543289673\ntp4\na(F23.80886605\nF0.5353281423\ntp5\na(F6.443608313\nF0.4446345422\ntp6\natp7\na(g2\n(lp8\n(F5.033151319\nF-0.09996722919\ntp9\na(F1.169596125\nF0.3995128261\ntp10\na(F0.38038896\nF0.7001154689\ntp11\natp12\na(VP\np13\n(lp14\n(F5.033151319\nF0.155916275\ntp15\na(F1.169596125\nF0.6076837186\ntp16\na(F0.38038896\nF0.3919573931\ntp17\natp18\naa(lp19\n(g2\n(lp20\n(F130.7093214\nF0.1543289673\ntp21\na(F23.80886605\nF0.5353281423\ntp22\na(F6.443608313\nF0.4446345422\ntp23\natp24\na(g2\n(lp25\n(F5.033151319\nF-0.09996722919\ntp26\na(F1.169596125\nF0.3995128261\ntp27\na(F0.38038896\nF0.7001154689\ntp28\natp29\na(g13\n(lp30\n(F5.033151319\nF0.155916275\ntp31\na(F1.169596125\nF0.6076837186\ntp32\na(F0.38038896\nF0.3919573931\ntp33\natp34\naa(lp35\n(g2\n(lp36\n(F71.61683735\nF0.1543289673\ntp37\na(F13.04509632\nF0.5353281423\ntp38\na(F3.53051216\nF0.4446345422\ntp39\natp40\na(g2\n(lp41\n(F2.941249355\nF-0.09996722919\ntp42\na(F0.6834830964\nF0.3995128261\ntp43\na(F0.2222899159\nF0.7001154689\ntp44\natp45\na(g13\n(lp46\n(F2.941249355\nF0.155916275\ntp47\na(F0.6834830964\nF0.6076837186\ntp48\na(F0.2222899159\nF0.3919573931\ntp49\natp50\naa.", "last_theory": "DFT", "all_unique_theory": ["DFT"]}}, "metadata": {"archivable_for_new_entry": "False", "archivable": "True", "parser_version": "v7.1", "log_file": "SP_plus.log"}}
