{"molecule": {"atoms_masses": [34.9688527, 34.9688527, 12.0, 1.007825, 1.007825], "nb_atoms": 5, "starting_geometry": [[0.0, 1.4577, -0.220243], [0.0, -1.4577, -0.220243], [0.0, 0.0, 0.778757], [-0.8935, 0.0, 1.407857], [0.8935, 0.0, 1.407857]], "atoms_Z": [17, 17, 6, 1, 1], "atoms_Zeff": [0.0, 0.0, 0.0, 0.0, 0.0], "multiplicity": 1, "chirality": false, "nuclear_spins": [3.0, 3.0, 0.0, 1.0, 1.0], "nuclear_QMom": [-8.165, -8.165, 0.0, 0.0, 0.0], "connectivity": {"bond_orders": [1, 1, 1, 1, 1, 1, 1, 1], "atom_pairs": [[0, 2], [1, 2], [2, 0], [2, 1], [2, 3], [2, 4], [3, 2], [4, 2]]}, "charge": 0, "can": "ClCCl", "smi": "ClCCl", "starting_nuclear_repulsion": 134.89306, "inchi": "InChI=1S/CH2Cl2/c2-1-3/h1H2", "formula": "CH2Cl2", "nuclear_gfactors": [0.821874, 0.821874, 0.0, 2.792846, 2.792846], "starting_energy": -959.259053828, "nb_heavy_atoms": 3, "atoms_valence": [1, 1, 4, 1, 1], "monoisotopic_mass": 83.953355424}, "results": {"geometry": {"geometric_values": [[0.03181, 0.012399, 0.135993, 0.051765], [0.004907, 0.00196, 0.029668, 0.012789], [0.001012, 0.000427, 0.009736, 0.003981], [3.8e-05, 1.8e-05, 0.000211, 8.8e-05]], "nuclear_repulsion_energy_from_xyz": 130.06829, "elements_3D_coords_converged": [0.0, 1.525898, -0.222615, 0.0, -1.525898, -0.222615, 0.0, 0.0, 0.796844, -0.906568, 0.0, 1.393919, 0.906568, 0.0, 1.393919], "OPT_DONE": true}, "excited_states": {}, "freq": {}, "wavefunction": {"Mulliken_partial_charges": [-0.001578, -0.001578, -0.630587, 0.316872, 0.316872], "MO_number": 50, "homo_indexes": [20], "SCF_values": [1.39e-09, 1.04e-08, -2.27e-13], "MO_number_kept": 50, "total_molecular_energy": -959.2632316460001, "MO_energies": [[-2768.8536686851753, -2768.8536686851753, -281.9357999337975, -259.93376243776953, -259.932946096218, -198.319295382905, -198.319295382905, -197.99792892546452, -197.99792892546452, -197.98214632213552, -197.981874208285, -25.337064847756, -23.2785235687235, -19.01531587294, -14.266929181715, -12.9131627754775, -12.409480038202, -9.380852882137, -9.2994908408375, -8.909551693071, -8.8477818490075, -0.50613176193, 0.557833393525, 3.7184357670825, 5.3870378983485, 7.288841599493, 7.399319822796, 7.708169043113501, 15.718928687982999, 17.555697178858, 17.853117617454497, 19.110555720615, 19.1685159707715, 20.697523696731, 21.161749925684003, 24.868484797195002, 26.1754476211465, 30.240556433766002, 30.4231448274515, 163.088170930969, 163.5211040671145, 163.70450880235148, 164.39105204716302, 164.53091856632, 164.8745983595015, 237.391578948499, 240.66538068386453, 619.7760298835675, 5946.031585332033, 5949.438178626442]], "MO_coefs": [[[0.28083, 0.47475, -0.28083, -0.47475, 0.28083, 0.47475, 0.28083, 0.47475, 0.60052, 0.43509, -0.08266, -0.23385, 0.38309, 0.40385, 0.03564, 0.08266, 0.23385, -0.38309, -0.40385, -0.08266, -0.23384, 0.38293, 0.40426, -0.08266, -0.23384, 0.38293, 0.40426, 0.0347, 0.53343, -0.34107, 0.13305, -0.08508, 0.53343, 0.34107, 0.13305, 0.08508, 0.53344, -0.34107, 0.13311, -0.0851, -0.53344, -0.34107, -0.13311, -0.0851, 0.34133, 0.53384, 0.08479, 0.13262, 0.34133, -0.53384, 0.08479, -0.13262, 0.34134, 0.53384, 0.08484, 0.13268, -0.34134, 0.53384, -0.08484, 0.13268, 0.63365, 0.15739, 0.63365, 0.15739, 0.63366, 0.15744, -0.63366, -0.15744, 0.05909, -0.1302, -0.20921, 0.36524, 0.22181, 0.03277, -0.07192, 0.04459, 0.05909, -0.1302, -0.20921, 0.36524, 0.22181, -0.03277, 0.07192, 0.04459, -0.07875, -0.10116, 0.26477, 0.29571, -0.06859, 0.06031, -0.03554, 0.06031, -0.03554, 0.02504, 0.07562, -0.16849, -0.26358, 0.45273, 0.35741, -0.04126, 0.03763, -0.02473, -0.02504, -0.07562, 0.16849, 0.26358, -0.45273, -0.35741, -0.04126, -0.03763, 0.16438, -0.04795, 0.10865, 0.16434, -0.27992, -0.29503, 0.02584, -0.02469, -0.05372, 0.05099, -0.04795, 0.10865, 0.16434, -0.27992, -0.29503, -0.02584, -0.02469, 0.05372, 0.05099, -0.09856, -0.12779, 0.35914, 0.39552, 0.15231, 0.15154, 0.15154, -0.05439, 0.11808, 0.08268, 0.11808, 0.08268, 0.54318, 0.1504, -0.20936, -0.09723, 0.20936, 0.09723, -0.04395, -0.05989, 0.09074, 0.18713, -0.12178, 0.26351, 0.19142, -0.04395, -0.05989, 0.09074, 0.18713, 0.12178, -0.26351, -0.19142, -0.02216, -0.15282, 0.46521, 0.11279, 0.11084, 0.10939, 0.11084, 0.10939, 0.04918, 0.07173, -0.12254, -0.16781, 0.09693, -0.10684, -0.2062, 0.22991, -0.17347, 0.19018, -0.07173, 0.12254, 0.16781, 0.09693, 0.10684, -0.2062, -0.22991, -0.17347, -0.19018, 0.43842, 0.08576, -0.03707, -0.16959, 0.07596, 0.36407, 0.0896, 0.38701, 0.03707, -0.16959, -0.07596, 0.36407, -0.0896, 0.38701, -0.15324, -0.07244, -0.09618, -0.07244, -0.09618, -0.17971, 0.3847, 0.41213, 0.17971, -0.3847, -0.41213, -0.13832, -0.12093, 0.29954, 0.26206, 0.32376, 0.25667, -0.13832, 0.12093, 0.29954, -0.26206, 0.32376, -0.25667, -0.05306, 0.08499, -0.16867, 0.36506, 0.37529, -0.16867, 0.36506, 0.37529, -0.20846, 0.12085, 0.18407, -0.12085, -0.18407, 0.06259, -0.06095, -0.52842, -0.12236, 0.2483, -0.09406, 0.62034, -0.21965, 0.06259, -0.52842, 0.12236, -0.2483, -0.09406, -0.62034, -0.21965, -0.08297, -0.1101, 0.30778, 1.1968, -0.49389, -0.5775, -0.18134, -0.18134, 0.07882, -0.10771, -0.57819, 0.09155, 0.14704, -0.1908, 0.38622, -0.45973, -0.07882, 0.10771, 0.57819, -0.07055, -0.09155, 0.14704, 0.1908, 0.38622, 0.45973, 0.69983, 0.95754, 0.15283, -0.19565, 0.15283, -0.06263, -0.19565, -0.06434, -0.08758, 0.22971, 2.25239, 0.409, 1.08684, -0.08117, -1.69314, -0.08117, -1.69314, -0.29005, -0.29005, 0.72713, 1.65917, 0.11208, 1.79824, -1.79824, -0.10503, 0.54043, -0.08931, -0.29729, -0.13333, -0.10503, 0.54043, -0.08931, 0.29729, -0.13333, 0.22894, -0.81114, 1.81832, -0.08712, -0.4, -0.08712, -0.4, -0.12661, -0.37695, -0.12661, -0.37695, -0.67175, 2.24703, 0.88709, -0.88709, -0.74323, -0.14483, 0.12453, -0.28453, 0.74323, -0.14483, 0.12453, 0.28453, -0.87826, 1.83017, 0.10601, 0.35058, -1.27977, 0.93954, -0.18435, 0.20897, 0.23131, -0.29537, 0.10601, 0.35058, -1.27977, 0.93954, 0.18435, 0.20897, -0.23131, -0.29537, -0.69083, 1.44116, 0.18865, 0.32121, -0.23852, -0.41358, -0.23852, -0.41358, -0.08571, -0.2844, 1.09234, -1.05973, -0.11201, 0.09861, 0.50068, -0.4215, -0.45467, 0.3198, 0.2844, -1.09234, 1.05973, -0.11201, -0.09861, 0.50068, 0.4215, -0.45467, -0.3198, 0.3492, 0.26185, -0.58601, 0.17816, -0.793, -0.38634, 1.00908, 0.26054, 0.26185, -0.58601, -0.17816, 0.09171, 0.793, -0.38634, -1.00908, 0.26054, -0.20507, 0.88126, -0.13568, -0.60272, 0.1041, 0.1041, -0.20435, 0.8958, -0.86854, 0.20435, -0.8958, 0.86854, -0.12991, 0.57799, -0.80017, -0.16919, -0.32095, 0.7664, 0.57795, -0.92789, -0.12991, 0.57799, -0.80017, -0.16919, 0.32095, 0.7664, -0.57795, -0.92789, -0.25319, 1.54248, -0.30069, 0.26166, -0.38462, 0.26166, -0.38462, -0.19603, 0.91047, -1.14576, -0.19603, 0.91047, -1.14576, 1.26147, 0.57139, -0.57139, -0.26428, 0.55382, 0.10959, 0.16559, -0.49936, -0.76073, 0.43786, 0.95342, 0.26428, -0.55382, 0.10959, -0.16559, -0.49936, 0.76073, 0.43786, -0.95342, -0.75868, 0.69919, -1.58252, 0.19518, 0.52146, -0.29013, 0.69919, -1.58252, -0.19518, -0.52146, -0.29013, 0.14404, 0.24277, -2.3767, 5.68, 0.15899, -1.65155, 0.15899, -1.65155, 0.34766, -1.54627, 1.99115, 0.62921, -0.3259, -1.02994, 0.68024, -0.34766, 1.54627, -1.99115, -0.12264, 0.62921, 0.3259, -1.02994, -0.68024, -0.26862, -1.05683, -0.29931, -0.29931, -0.53876, 1.7405, -1.07067, 2.0957, 1.07067, -2.0957, 0.20738, -1.01462, 1.62233, 0.1743, -0.73642, 0.39038, 0.20738, -1.01462, 1.62233, -0.1743, 0.73642, 0.39038, 0.28756, -1.23704, -0.26135, 1.13455, 0.96614, -0.965, 0.96614, -0.965, -0.17905, -0.2277, 0.63954, 0.81417, -0.51978, -0.66493, 0.19553, 0.24404, 0.17905, -0.2277, -0.63954, 0.81417, 0.51978, -0.66493, -0.19553, 0.24404, -0.13266, -0.28885, 1.03754, -0.85397, 0.31685, 0.28885, -1.03754, 0.85397, -0.31685, -0.22673, 0.17807, 0.81928, -0.64424, -0.68524, 0.54137, 0.29709, -0.22915, -0.1056, 0.22673, 0.17807, -0.81928, -0.64424, 0.68524, 0.54137, -0.29709, -0.22915, -0.11786, 0.10885, 0.10885, -0.28727, 1.04233, -0.87724, 0.39912, -0.28727, 1.04233, -0.87724, 0.39912, -0.34886,