{"molecule": {"atoms_masses": [34.9688527, 34.9688527, 12.0, 1.007825, 1.007825], "nb_atoms": 5, "starting_geometry": [[0.0, 1.525898, -0.222615], [0.0, -1.525898, -0.222615], [0.0, 0.0, 0.796844], [-0.906568, 0.0, 1.393919], [0.906568, 0.0, 1.393919]], "atoms_Z": [17, 17, 6, 1, 1], "atoms_Zeff": [-14.24, -14.24, -3.6, -1.0, -1.0], "multiplicity": 1, "chirality": false, "nuclear_spins": [3.0, 3.0, 0.0, 1.0, 1.0], "nuclear_QMom": [-8.165, -8.165, 0.0, 0.0, 0.0], "connectivity": {"bond_orders": [1, 1, 1, 1, 1, 1, 1, 1], "atom_pairs": [[0, 2], [1, 2], [2, 0], [2, 1], [2, 3], [2, 4], [3, 2], [4, 2]]}, "charge": 0, "can": "ClCCl", "smi": "ClCCl", "starting_nuclear_repulsion": 130.06829, "inchi": "InChI=1S/CH2Cl2/c2-1-3/h1H2", "formula": "CH2Cl2", "nuclear_gfactors": [0.821874, 0.821874, 0.0, 2.792846, 2.792846], "starting_energy": -959.2632316460001, "nb_heavy_atoms": 3, "atoms_valence": [1, 1, 4, 1, 1], "monoisotopic_mass": 83.953355424}, "results": {"geometry": {"nuclear_repulsion_energy_from_xyz": 130.06829, "elements_3D_coords_converged": [0.0, 1.525898, -0.222615, 0.0, -1.525898, -0.222615, 0.0, 0.0, 0.796844, -0.906568, 0.0, 1.393919, 0.906568, 0.0, 1.393919]}, "excited_states": {"et_oscs": [0.0, 0.0, 0.0, 0.0, 0.0, 0.0, 0.0, 0.0, 0.0, 0.0], "et_rot": [0.0, 0.0, 0.0, 0.0, 0.0, 0.0, 0.0, 0.0, 0.0, 0.0], "et_transitions": [[[[18, 0], [22, 0], 0.27523424350905173], [[20, 0], [21, 0], 0.9600954453594706]], [[[17, 0], [22, 0], 0.20805909929632976], [[19, 0], [21, 0], 0.9742234388475779]], [[[18, 0], [21, 0], 0.8727960421541795], [[20, 0], [22, 0], 0.48507525189397166]], [[[17, 0], [21, 0], 0.9272432643055436], [[19, 0], [22, 0], 0.3521391770309007]], [[[15, 0], [21, 0], 0.25636863458699466], [[17, 0], [21, 0], -0.31607673119038676], [[19, 0], [22, 0], 0.9019571258103126]], [[[18, 0], [21, 0], -0.48378831755221213], [[20, 0], [22, 0], 0.8706747218106198]], [[[15, 0], [22, 0], -0.14519730644884568], [[16, 0], [21, 0], 0.31191894331700987], [[17, 0], [22, 0], 0.9212611409367053], [[19, 0], [21, 0], -0.17389169962939577]], [[[18, 0], [22, 0], 0.9574932924047042], [[20, 0], [21, 0], -0.27403216198103464]], [[[15, 0], [21, 0], 0.8152658344368419], [[16, 0], [22, 0], -0.47345041641126484], [[17, 0], [21, 0], 0.18544582443398397], [[19, 0], [22, 0], -0.24361242825438936]], [[[15, 0], [22, 0], -0.2361878070519306], [[16, 0], [21, 0], 0.9048562636131775], [[17, 0], [22, 0], -0.3219457174742351]]], "et_energies": [48143.23386701, 48293.252990803994, 50960.528487507, 51926.780693449, 59972.967677153, 60906.151151506, 61669.958195768995, 64256.578249572, 72994.788933358, 73522.27552992401], "et_sym": ["Triplet-B1", "Triplet-B2", "Triplet-A2", "Triplet-A1", "Triplet-A1", "Triplet-A2", "Triplet-B2", "Triplet-B1", "Triplet-A1", "Triplet-B2"]}, "freq": {}, "wavefunction": {"Mulliken_partial_charges": [-0.001578, -0.001578, -0.630587, 0.316872, 0.316872], "MO_number": 50, "homo_indexes": [20], "SCF_values": [0.0, 0.0, null], "MO_number_kept": 50, "total_molecular_energy": -959.2632316460001, "MO_energies": [[-2768.8536686851753, -2768.8536686851753, -281.9357999337975, -259.93376243776953, -259.932946096218, -198.319295382905, -198.319295382905, -197.99792892546452, -197.99792892546452, -197.98214632213552, -197.981874208285, -25.337064847756, -23.2785235687235, -19.01531587294, -14.266929181715, -12.9131627754775, -12.409480038202, -9.380852882137, -9.2994908408375, -8.909551693071, -8.8477818490075, -0.50613176193, 0.557833393525, 3.7184357670825, 5.3870378983485, 7.288841599493, 7.399319822796, 7.708169043113501, 15.718928687982999, 17.555697178858, 17.853117617454497, 19.110555720615, 19.1685159707715, 20.697523696731, 21.161749925684003, 24.868484797195002, 26.1754476211465, 30.240556433766002, 30.4231448274515, 163.088170930969, 163.5211040671145, 163.70450880235148, 164.39105204716302, 164.53091856632, 164.8745983595015, 237.391578948499, 240.66538068386453, 619.7760298835675, 5946.031585332033, 5949.438178626442]], "virial_ratio": [2.0025], "MO_sym": [["B2", "A1", "A1", "B2", "A1", "B2", "A1", "B2", "A1", "B1", "A2", "A1", "B2", "A1", "B1", "A1", "B2", "A1", "A2", "B2", "B1", "A1", "B2", "A1", "B1", "A1", "B1", "B2", "A1", "B2", "A1", "A2", "A1", "B1", "B2", "A1", "B2", "B1", "A1", "A1", "A2", "A1", "B1", "B2", "B2", "A1", "B2", "A1", "A1", "B2"]]}}, "comp_details": {"geometry": {}, "excited_states": {"nb_et_states": 10}, "freq": {}, "general": {"scf_targets": [[1e-08, 1e-06, 1e-06]], "list_theory": ["DFT"], "solvent": "Gas", "package": "Gaussian", "integration_grid": "Default", "package_version": "09revisionD.01", "basis_set_size": 50, "job_type": ["TD"], "functional": "PBE1PBE", "is_closed_shell": "True", "core_electrons_per_atoms": [0, 0, 0, 0, 0], "basis_set_md5": "0098f8219c00ebf28b3fcf2e59617223", "basis_set": "(lp0\n(lp1\n(VS\np2\n(lp3\n(F40850.0\nF0.002532000659\ntp4\na(F6179.0\nF0.019207005\ntp5\na(F1425.0\nF0.0952570248\ntp6\na(F409.2\nF0.34558909\ntp7\na(F135.5\nF0.6364011657\ntp8\natp9\na(g2\n(lp10\n(F135.5\nF0.1217669823\ntp11\na(F50.13\nF0.6528591181\ntp12\na(F20.21\nF0.2773340774\ntp13\natp14\na(g2\n(lp15\n(F6.283\nF1.0\ntp16\natp17\na(g2\n(lp18\n(F2.46\nF1.0\ntp19\natp20\na(g2\n(lp21\n(F0.5271\nF1.0\ntp22\natp23\na(g2\n(lp24\n(F0.1884\nF1.0\ntp25\natp26\na(VP\np27\n(lp28\n(F240.8\nF0.01459368837\ntp29\na(F56.56\nF0.09903809883\ntp30\na(F17.85\nF0.330532293\ntp31\na(F6.35\nF0.6828126314\ntp32\natp33\na(g27\n(lp34\n(F6.35\nF-0.561785107\ntp35\na(F2.403\nF1.351901258\ntp36\natp37\na(g27\n(lp38\n(F0.641\nF1.0\ntp39\natp40\na(g27\n(lp41\n(F0.1838\nF1.0\ntp42\natp43\naa(lp44\n(g2\n(lp45\n(F40850.0\nF0.002532000659\ntp46\na(F6179.0\nF0.019207005\ntp47\na(F1425.0\nF0.0952570248\ntp48\na(F409.2\nF0.34558909\ntp49\na(F135.5\nF0.6364011657\ntp50\natp51\na(g2\n(lp52\n(F135.5\nF0.1217669823\ntp53\na(F50.13\nF0.6528591181\ntp54\na(F20.21\nF0.2773340774\ntp55\natp56\na(g2\n(lp57\n(F6.283\nF1.0\ntp58\natp59\na(g2\n(lp60\n(F2.46\nF1.0\ntp61\natp62\na(g2\n(lp63\n(F0.5271\nF1.0\ntp64\natp65\na(g2\n(lp66\n(F0.1884\nF1.0\ntp67\natp68\na(g27\n(lp69\n(F240.8\nF0.01459368837\ntp70\na(F56.56\nF0.09903809883\ntp71\na(F17.85\nF0.330532293\ntp72\na(F6.35\nF0.6828126314\ntp73\natp74\na(g27\n(lp75\n(F6.35\nF-0.561785107\ntp76\na(F2.403\nF1.351901258\ntp77\natp78\na(g27\n(lp79\n(F0.641\nF1.0\ntp80\natp81\na(g27\n(lp82\n(F0.1838\nF1.0\ntp83\natp84\naa(lp85\n(g2\n(lp86\n(F4232.61\nF0.002029000503\ntp87\na(F634.882\nF0.01553500385\ntp88\na(F146.097\nF0.0754110187\ntp89\na(F42.4974\nF0.2571210638\ntp90\na(F14.1892\nF0.596555148\ntp91\na(F1.9666\nF0.2425170602\ntp92\natp93\na(g2\n(lp94\n(F5.1477\nF1.0\ntp95\natp96\na(g2\n(lp97\n(F0.4962\nF1.0\ntp98\natp99\na(g2\n(lp100\n(F0.1533\nF1.0\ntp101\natp102\na(g27\n(lp103\n(F18.1557\nF0.01853400257\ntp104\na(F3.9864\nF0.115442016\ntp105\na(F1.1429\nF0.3862060535\ntp106\na(F0.3594\nF0.6400890887\ntp107\natp108\na(g27\n(lp109\n(F0.1146\nF1.0\ntp110\natp111\naa(lp112\n(g2\n(lp113\n(F19.2406\nF0.03282807697\ntp114\na(F2.8992\nF0.2312085421\ntp115\na(F0.6534\nF0.8172399161\ntp116\natp117\na(g2\n(lp118\n(F0.1776\nF1.0\ntp119\natp120\naa(lp121\n(g2\n(lp122\n(F19.2406\nF0.03282807697\ntp123\na(F2.8992\nF0.2312085421\ntp124\na(F0.6534\nF0.8172399161\ntp125\natp126\na(g2\n(lp127\n(F0.1776\nF1.0\ntp128\natp129\naa.", "last_theory": "DFT", "all_unique_theory": ["DFT"]}}, "metadata": {"archivable_for_new_entry": "False", "archivable": "True", "parser_version": "v7.1", "log_file": "TD_T.log"}}
