{"molecule": {"atoms_masses": [15.9949146, 15.9949146, 12.0], "nb_atoms": 3, "starting_geometry": [[-1.188555, 0.0, 0.0], [1.188555, 0.0, 0.0], [0.0, 0.0, 0.0]], "atoms_Z": [8, 8, 6], "atoms_Zeff": [-5.6, -5.6, -3.6], "multiplicity": 1, "chirality": false, "nuclear_spins": [0.0, 0.0, 0.0], "nuclear_QMom": [0.0, 0.0, 0.0], "connectivity": {"bond_orders": [2, 2, 2, 2], "atom_pairs": [[0, 2], [1, 2], [2, 0], [2, 1]]}, "charge": 0, "can": "O=C=O", "smi": "O=C=O", "starting_nuclear_repulsion": 56.98886, "inchi": "InChI=1S/CO2/c2-1-3", "formula": "CO2", "nuclear_gfactors": [0.0, 0.0, 0.0], "starting_energy": -188.337154661, "nb_heavy_atoms": 3, "atoms_valence": [1, 1, 2], "monoisotopic_mass": 43.98982924}, "results": {"geometry": {"geometric_values": [[0.169325, 0.119731, 0.146292, 0.103444], [0.025716, 0.018184, 0.036575, 0.025863], [0.000389, 0.000275, 0.000581, 0.000411]], "nuclear_repulsion_energy_from_xyz": 52.69869, "elements_3D_coords_converged": [-1.285324, 0.0, 0.0, 1.285324, 0.0, 0.0, 0.0, 0.0, 0.0], "OPT_DONE": true}, "excited_states": {"et_oscs": [0.0, 0.0, 0.0, 0.0, 0.0, 0.0, 0.0, 0.0, 0.0, 0.0, 0.0, 0.0, 0.0, 0.0, 0.0, 0.0, 0.0, 0.0, 0.0, 0.0, 0.0, 0.0, 0.0, 0.0, 0.0, 0.0, 0.0, 0.0, 0.2013, 0.0], "et_rot": [0.0, 0.0, 0.0, 0.0, 0.0, 0.0, 0.0, 0.0, 0.0, 0.0], "et_transitions": [[[[9, 0], [11, 0], 0.14526801712696435], [[9, 0], [12, 0], -0.6923706758666199], [[10, 0], [11, 0], 0.6923706758666199], [[10, 0], [12, 0], 0.14526801712696435]], [[[9, 0], [11, 0], 0.5339221883383384], [[9, 0], [12, 0], -0.46328222089780224], [[10, 0], [11, 0], -0.46328222089780224], [[10, 0], [12, 0], -0.5339221883383384]], [[[9, 0], [11, 0], 0.46328222089780224], [[9, 0], [12, 0], 0.5339221883383384], [[10, 0], [11, 0], 0.5339221883383384], [[10, 0], [12, 0], -0.46328222089780224]], [[[9, 0], [13, 0], 0.992028387597855]], [[[10, 0], [13, 0], 0.992028387597855]], [[[6, 0], [12, 0], -0.7061168316928864], [[7, 0], [11, 0], 0.7061168316928864]], [[[6, 0], [11, 0], 0.35160177587719893], [[6, 0], [12, 0], 0.6128494472543808], [[7, 0], [11, 0], 0.6128494472543808], [[7, 0], [12, 0], -0.35160177587719893]], [[[6, 0], [11, 0], 0.6128494472543808], [[6, 0], [12, 0], -0.35160177587719893], [[7, 0], [11, 0], -0.35160177587719893], [[7, 0], [12, 0], -0.6128494472543808]], [[[8, 0], [11, 0], -0.3187495948232719], [[8, 0], [12, 0], 0.945882599057621]], [[[8, 0], [11, 0], 0.945882599057621], [[8, 0], [12, 0], 0.3187495948232719]], [[[9, 0], [11, 0], -0.34119316405813294], [[9, 0], [12, 0], 0.6201750735074734], [[10, 0], [11, 0], -0.6201750735074734], [[10, 0], [12, 0], -0.34119316405813294]], [[[9, 0], [11, 0], -0.21115622699792683], [[9, 0], [12, 0], -0.6747637170150749], [[10, 0], [11, 0], -0.6747637170150749], [[10, 0], [12, 0], 0.21115622699792683]], [[[9, 0], [11, 0], -0.6747637170150749], [[9, 0], [12, 0], 0.21115622699792683], [[10, 0], [11, 0], 0.21115622699792683], [[10, 0], [12, 0], 0.6747637170150749]], [[[9, 0], [13, 0], 0.653734361342587], [[10, 0], [13, 0], -0.7558405805459245]], [[[9, 0], [13, 0], 0.7558405805459245], [[10, 0], [13, 0], 0.653734361342587]], [[[7, 0], [11, 0], 0.18442759066907533], [[7, 0], [12, 0], 0.6821317696750387], [[8, 0], [11, 0], -0.6821317696750387], [[8, 0], [12, 0], 0.18442759066907533]], [[[7, 0], [11, 0], -0.6321110359739023], [[7, 0], [12, 0], -0.31611915759725795], [[8, 0], [11, 0], -0.31611915759725795], [[8, 0], [12, 0], 0.6321110359739023]], [[[7, 0], [11, 0], 0.31611915759725795], [[7, 0], [12, 0], -0.6321110359739023], [[8, 0], [11, 0], -0.6321110359739023], [[8, 0], [12, 0], -0.31611915759725795]], [[[6, 0], [11, 0], 0.9408762830468202], [[6, 0], [12, 0], -0.334984766519315]], [[[6, 0], [11, 0], 0.334984766519315], [[6, 0], [12, 0], 0.9408762830468202]], [[[9, 0], [11, 0], 0.6327474320769703], [[9, 0], [12, 0], 0.31749094475275985], [[10, 0], [11, 0], 0.31749094475275985], [[10, 0], [12, 0], -0.6327474320769703]], [[[9, 0], [11, 0], -0.6911120257961079], [[9, 0], [12, 0], -0.14932681005097512], [[10, 0], [11, 0], 0.14932681005097512], [[10, 0], [12, 0], -0.6911120257961079]], [[[9, 0], [11, 0], 0.14932681005097512], [[9, 0], [12, 0], -0.6911120257961079], [[10, 0], [11, 0], 0.6911120257961079], [[10, 0], [12, 0], 0.14932681005097512]], [[[9, 0], [13, 0], 0.844695618669826], [[10, 0], [13, 0], 0.534148462508318]], [[[9, 0], [13, 0], 0.534148462508318], [[10, 0], [13, 0], -0.844695618669826]], [[[7, 0], [11, 0], 0.7047026181305134], [[8, 0], [12, 0], -0.7047026181305134]], [[[7, 0], [11, 0], 0.40050528086406056], [[7, 0], [12, 0], -0.582344860713993], [[8, 0], [11, 0], 0.582344860713993], [[8, 0], [12, 0], 0.40050528086406056]], [[[7, 0], [11, 0], -0.582344860713993], [[7, 0], [12, 0], -0.40050528086406056], [[8, 0], [11, 0], 0.40050528086406056], [[8, 0], [12, 0], -0.582344860713993]], [[[6, 0], [13, 0], 0.6032893635727387], [[9, 0], [11, 0], -0.25516655305897756], [[9, 0], [12, 0], 0.5085370548937413], [[10, 0], [11, 0], 0.5085370548937413], [[10, 0], [12, 0], 0.25516655305897756]], [[[6, 0], [11, 0], -0.3093026482266196], [[6, 0], [12, 0], 0.9497434020828995]]], "et_energies": [63202.411610869, 66803.677136354, 66803.677136354, 78358.375886208, 78358.375886208, 96349.378979482, 99735.29447242401, 99735.29447242401, 100065.98178831399, 100065.98178831399, 53315.667420187, 56899.188748233995, 56899.188748233995, 67935.273000241, 67935.273000241, 80908.700990706, 84370.432599974, 84370.432599974, 89347.679981333, 89347.679981333, 51130.711472026, 54705.360701354, 54706.167255783, 65163.145427768, 65163.145427768, 77471.166014308, 80947.415603298, 80947.415603298, 81236.96864330901, 86886.882418454], "et_sym": ["Singlet-?Sym", "Singlet-?Sym", "Singlet-?Sym", "Singlet-?Sym", "Singlet-?Sym", "Singlet-?Sym", "Singlet-?Sym", "Singlet-?Sym", "Singlet-?Sym", "Singlet-?Sym", "Singlet-?Sym", "Singlet-?Sym", "Singlet-?Sym", "Singlet-?Sym", "Singlet-?Sym", "Singlet-?Sym", "Singlet-?Sym", "Singlet-?Sym", "Singlet-?Sym", "Singlet-?Sym", "Singlet-?Sym", "Singlet-?Sym", "Singlet-?Sym", "Singlet-?Sym", "Singlet-?Sym", "Singlet-?Sym", "Singlet-?Sym", "Singlet-?Sym", "Singlet-?Sym", "Singlet-?Sym"]}, "freq": {}, "wavefunction": {"Mulliken_partial_charges": [-0.225599, -0.225599, 0.451198], "MO_number": 30, "homo_indexes": [10], "SCF_values": [8.16e-09, 5.67e-08, -7.63e-11], "MO_number_kept": 30, "total_molecular_energy": -188.309899261, "MO_energies": [[-526.2548532883255, -526.254581174475, -285.18293451181404, -31.8386810777525, -30.816893569125003, -16.4729561677185, -14.4772731881515, -13.975223133979002, -13.975223133979002, -10.549853983885, -10.549853983885, -1.5164904888365, -1.5164904888365, -0.139322291456, 6.9163177381585, 7.3663940468855005, 7.3663940468855005, 12.21791188745, 14.623670439720502, 16.9268420703525, 17.7083530489885, 17.7083530489885, 20.522282377009, 22.0904744974405, 22.0904744974405, 41.5123284630275, 43.808697247397, 613.124206808095, 1138.0876077619475, 1139.089803073339]], "virial_ratio": [2.0039, 2.0065, 2.007]}}, "comp_details": {"geometry": {"geometric_targets": [0.00045, 0.0003, 0.0018, 0.0012]}, "excited_states": {"nb_et_states": 30}, "freq": {}, "general": {"scf_targets": [[1e-08, 1e-06, 1e-06], [1e-08, 1e-06, 1e-06], [1e-08, 1e-06, 1e-06]], "list_theory": ["DFT"], "solvent": "Gas", "package": "Gaussian", "integration_grid": "Default", "package_version": "09revisionD.01", "basis_set_size": 30, "job_type": ["OPT_ES"], "functional": "PBE1PBE", "is_closed_shell": "True", "core_electrons_per_atoms": [0, 0, 0], "basis_set_md5": "49b421a616cdba0f9f712faf63842a3b",