{"molecule": {"atoms_masses": [15.9949146, 15.9949146, 12.0], "nb_atoms": 3, "starting_geometry": [[-1.188555, 0.0, 0.0], [1.188555, 0.0, 0.0], [0.0, 0.0, 0.0]], "atoms_Z": [8, 8, 6], "atoms_Zeff": [-5.6, -5.6, -3.6], "multiplicity": 1, "chirality": false, "nuclear_spins": [0.0, 0.0, 0.0], "nuclear_QMom": [0.0, 0.0, 0.0], "connectivity": {"bond_orders": [2, 2, 2, 2], "atom_pairs": [[0, 2], [1, 2], [2, 0], [2, 1]]}, "charge": 0, "can": "O=C=O", "smi": "O=C=O", "starting_nuclear_repulsion": 56.98886, "inchi": "InChI=1S/CO2/c2-1-3", "formula": "CO2", "nuclear_gfactors": [0.0, 0.0, 0.0], "starting_energy": -188.337154661, "nb_heavy_atoms": 3, "atoms_valence": [1, 1, 2], "monoisotopic_mass": 43.98982924}, "results": {"geometry": {"geometric_values": [[0.166369, 0.117641, 0.143943, 0.101783], [0.024752, 0.017502, 0.034854, 0.024645], [0.000357, 0.000252, 0.000527, 0.000372]], "nuclear_repulsion_energy_from_xyz": 52.78699, "elements_3D_coords_converged": [-1.28317, 0.0, 0.0, 1.28317, 0.0, 0.0, 0.0, 0.0, 0.0], "OPT_DONE": true}, "excited_states": {"et_oscs": [0.0, 0.0, 0.0, 0.0, 0.0, 0.0, 0.0, 0.0, 0.0, 0.0, 0.0, 0.0, 0.0, 0.0, 0.0, 0.0, 0.0, 0.0, 0.0, 0.0, 0.0, 0.0, 0.0, 0.0, 0.0, 0.0, 0.0, 0.0, 0.0, 0.0], "et_rot": [0.0, 0.0, 0.0, 0.0, 0.0, 0.0, 0.0, 0.0, 0.0, 0.0], "et_transitions": [[[[9, 0], [11, 0], 0.6966557429606104], [[9, 0], [12, 0], 0.14615897167125938], [[10, 0], [11, 0], -0.14615897167125938], [[10, 0], [12, 0], 0.6966557429606104]], [[[9, 0], [11, 0], 0.5358172345119183], [[9, 0], [12, 0], -0.4649085664945313], [[10, 0], [11, 0], -0.4649085664945313], [[10, 0], [12, 0], -0.5358172345119183]], [[[9, 0], [11, 0], 0.4649085664945313], [[9, 0], [12, 0], 0.5358172345119183], [[10, 0], [11, 0], 0.5358172345119183], [[10, 0], [12, 0], -0.4649085664945313]], [[[9, 0], [11, 0], 0.14526801712696435], [[9, 0], [12, 0], -0.6923706758666199], [[10, 0], [11, 0], 0.6923706758666199], [[10, 0], [12, 0], 0.14526801712696435]], [[[9, 0], [13, 0], -0.24904300833390206], [[10, 0], [13, 0], 0.9639562483847491]], [[[9, 0], [13, 0], 0.9639562483847491], [[10, 0], [13, 0], 0.24904300833390206]], [[[6, 0], [11, 0], 0.7014216426658076], [[7, 0], [12, 0], 0.7014216426658076]], [[[6, 0], [11, 0], 0.35130479102910056], [[6, 0], [12, 0], 0.6123403303719265], [[7, 0], [11, 0], 0.6123403303719265], [[7, 0], [12, 0], -0.35130479102910056]], [[[6, 0], [11, 0], 0.6123403303719265], [[6, 0], [12, 0], -0.35130479102910056], [[7, 0], [11, 0], -0.35130479102910056], [[7, 0], [12, 0], -0.6123403303719265]], [[[8, 0], [11, 0], 0.49514445245806804], [[8, 0], [12, 0], 0.8654987001723342]], [[[9, 0], [11, 0], 0.46150031180921214], [[9, 0], [12, 0], -0.5452358968373231], [[10, 0], [11, 0], 0.5452358968373231], [[10, 0], [12, 0], 0.46150031180921214]], [[[9, 0], [11, 0], 0.17322701925508044], [[9, 0], [12, 0], -0.6891886953512805], [[10, 0], [11, 0], -0.6891886953512805], [[10, 0], [12, 0], -0.17322701925508044]], [[[9, 0], [11, 0], -0.6891886953512805], [[9, 0], [12, 0], -0.17322701925508044], [[10, 0], [11, 0], -0.17322701925508044], [[10, 0], [12, 0], 0.6891886953512805]], [[[9, 0], [11, 0], 0.5402861493690173], [[9, 0], [12, 0], 0.457300097528964], [[10, 0], [11, 0], -0.457300097528964], [[10, 0], [12, 0], 0.5402861493690173]], [[[9, 0], [13, 0], 0.9928769157352789]], [[[10, 0], [13, 0], 0.9928769157352789]], [[[7, 0], [11, 0], 0.6882694565357379], [[7, 0], [12, 0], 0.1490439673385005], [[8, 0], [11, 0], -0.1490439673385005], [[8, 0], [12, 0], 0.6882694565357379]], [[[7, 0], [11, 0], -0.47466664007490567], [[7, 0], [12, 0], 0.5246590895047946], [[8, 0], [11, 0], 0.5246590895047946], [[8, 0], [12, 0], 0.47466664007490567]], [[[7, 0], [11, 0], -0.5246590895047946], [[7, 0], [12, 0], -0.47466664007490567], [[8, 0], [11, 0], -0.47466664007490567], [[8, 0], [12, 0], 0.5246590895047946]], [[[6, 0], [11, 0], 0.7351930625352773], [[6, 0], [12, 0], 0.6713696044653794]], [[[9, 0], [11, 0], 0.39224627365980164], [[9, 0], [12, 0], -0.5978304992219785], [[10, 0], [11, 0], 0.5978304992219785], [[10, 0], [12, 0], 0.39224627365980164]], [[[9, 0], [11, 0], -0.1844134485334516], [[9, 0], [12, 0], -0.6866148266677614], [[10, 0], [11, 0], -0.6866148266677614], [[10, 0], [12, 0], 0.1844134485334516]], [[[9, 0], [11, 0], -0.6866148266677614], [[9, 0], [12, 0], 0.1844134485334516], [[10, 0], [11, 0], 0.1844134485334516], [[10, 0], [12, 0], 0.6866148266677614]], [[[9, 0], [11, 0], 0.5918908022600116], [[9, 0], [12, 0], 0.3883571863632757], [[10, 0], [11, 0], -0.3883571863632757], [[10, 0], [12, 0], 0.5918908022600116]], [[[10, 0], [13, 0], 0.9875594727407561]], [[[9, 0], [13, 0], 0.9875594727407561]], [[[7, 0], [12, 0], 0.7041652169768114], [[8, 0], [11, 0], 0.7041652169768114]], [[[7, 0], [11, 0], 0.6616680994275], [[7, 0], [12, 0], 0.251517882068055], [[8, 0], [11, 0], -0.251517882068055], [[8, 0], [12, 0], 0.6616680994275]], [[[7, 0], [11, 0], -0.251517882068055], [[7, 0], [12, 0], 0.6616680994275], [[8, 0], [11, 0], -0.6616680994275], [[8, 0], [12, 0], -0.251517882068055]], [[[6, 0], [11, 0], 0.9068503047361236], [[6, 0], [12, 0], 0.4102774965800586]]], "et_energies": [52599.447087235, 57327.469150033, 57327.469150033, 63202.411610869, 73063.346059823, 73063.346059823, 80507.843439493, 87870.072267405, 87870.072267405, 90601.872118428, 43036.93777701099, 47728.664890504, 47728.664890504, 53459.234108549, 61908.698306753, 61908.698306753, 65274.44993897, 72735.07840722, 72735.884961649, 80692.54440373399, 40988.289527351, 45674.370759841, 45675.177314270004, 51368.645028581, 59063.174281240994, 59063.174281240994, 61977.25543321799, 69468.53296976999, 69468.53296976999, 78492.263921422], "et_sym": ["Triplet-?Sym", "Triplet-?Sym", "Triplet-?Sym", "Triplet-?Sym", "Triplet-?Sym", "Triplet-?Sym", "Triplet-?Sym", "Triplet-?Sym", "Triplet-?Sym", "Triplet-?Sym", "Triplet-?Sym", "Triplet-?Sym", "Triplet-?Sym", "Triplet-?Sym", "Triplet-?Sym", "Triplet-?Sym", "Triplet-?Sym", "Triplet-?Sym", "Triplet-?Sym", "Triplet-?Sym", "Triplet-?Sym", "Triplet-?Sym", "Triplet-?Sym", "Triplet-?Sym", "Triplet-?Sym", "Triplet-?Sym", "Triplet-?Sym", "Triplet-?Sym", "Triplet-?Sym", "Triplet-?Sym"]}, "freq": {}, "wavefunction": {"Mulliken_partial_charges": [-0.225067, -0.225067, 0.450133], "MO_number": 30, "homo_indexes": [10], "SCF_values": [8.66e-09, 5.68e-08, -8.06e-11], "MO_number_kept": 30, "total_molecular_energy": -188.310975034, "MO_energies": [[-526.2464177589601, -526.2461456451094, -285.17014516084055, -31.867525145905503, -30.8432886126235, -16.4615273859975, -14.4799943266565, -13.9939989896635, -13.9939989896635, -10.551486666988, -10.551486666988, -1.4865579652815, -1.4865579652815, -0.104491718592, 6.921215787467501, 7.360951769875499, 7.360951769875499, 12.246211727902, 14.690066219242501, 16.911875808575, 17.716788578354, 17.716788578354, 20.5786099440625, 22.102175393012, 22.102175393012, 41.5466148081905, 43.79400309947, 613.157948925557, 1138.1148191469977, 1139.0944290087975]], "virial_ratio": [2.0039, 2.0064, 2.0069]}}, "comp_details": {"geometry": {"geometric_targets": [0.00045, 0.0003, 0.0018, 0.0012]}, "excited_states": {"nb_et_states": 30}, "freq": {}, "general": {"scf_targets": [[1e-08, 1e-06, 1e-06], [1e-08, 1e-06, 1e-06], [1e-08, 1e-06, 1e-06]], "list_theory": ["DFT"], "solvent": "Gas", "package": "Gaussian", "integration_grid": "Default", "package_version": "09revisionD.01", "basis_set_size": 30, "job_type": ["OPT_ES"], "functional": "PBE1PBE", "is_closed_shell": "True", "core_electrons_per_atoms": [0, 0, 0], "basis_set_md5": "49b421a616cdba0f9f712faf63842a3b",