{"molecule": {"atoms_masses": [14.003074, 14.003074], "nb_atoms": 2, "starting_geometry": [[-0.544886, 0.0, 0.0], [0.544886, 0.0, 0.0]], "atoms_Z": [7, 7], "atoms_Zeff": [-4.55, -4.55], "multiplicity": 1, "chirality": false, "nuclear_spins": [2.0, 2.0], "nuclear_QMom": [2.044, 2.044], "connectivity": {"bond_orders": [3, 3], "atom_pairs": [[0, 1], [1, 0]]}, "charge": 0, "can": "N#N", "smi": "N#N", "starting_nuclear_repulsion": 23.7935, "inchi": "InChI=1S/N2/c1-2", "formula": "N2", "nuclear_gfactors": [0.403761, 0.403761], "starting_energy": -109.44001518, "nb_heavy_atoms": 2, "atoms_valence": [1, 1], "monoisotopic_mass": 28.00614801}, "results": {"geometry": {"geometric_values": [[0.282951, 0.282951, 0.07383, 0.104411], [0.071154, 0.071154, 0.037612, 0.053191], [0.001825, 0.001825, 0.001077, 0.001524], [3e-06, 3e-06, 2e-06, 3e-06]], "nuclear_repulsion_energy_from_xyz": 21.49023, "elements_3D_coords_converged": [-0.603289, 0.0, 0.0, 0.603289, 0.0, 0.0], "OPT_DONE": true}, "excited_states": {"et_oscs": [0.0, 0.0, 0.0, 0.0, 0.0, 0.0, 0.3667, 0.0544, 0.0544, 0.1509, 0.0, 0.0, 0.0, 0.0, 0.0, 0.0, 0.7624, 0.1348, 0.1348, 0.0016, 0.0, 0.0, 0.0, 0.0, 0.0, 0.5793, 0.1315, 0.1315, 0.0, 0.1788, 0.0, 0.0, 0.0, 0.0, 0.0, 0.5839, 0.1315, 0.1315, 0.0, 0.1745], "et_rot": [0.0, 0.0, 0.0, 0.0, 0.0, 0.0, 0.0, 0.0, 0.0, 0.0], "et_transitions": [[[[6, 0], [7, 0], 0.7251521462424283], [[6, 0], [8, 0], 0.6839278208992525]], [[[6, 0], [7, 0], -0.6839278208992525], [[6, 0], [8, 0], 0.7251521462424283]], [[[4, 0], [7, 0], 0.3264994851450765], [[4, 0], [8, 0], -0.623823744498396], [[5, 0], [7, 0], 0.623823744498396], [[5, 0], [8, 0], 0.3264994851450765]], [[[4, 0], [7, 0], -0.5726857820829848], [[4, 0], [8, 0], 0.41152200451494697], [[5, 0], [7, 0], 0.41152200451494697], [[5, 0], [8, 0], 0.5726857820829848]], [[[4, 0], [7, 0], 0.41152200451494697], [[4, 0], [8, 0], 0.5726857820829848], [[5, 0], [7, 0], 0.5726857820829848], [[5, 0], [8, 0], -0.41152200451494697]], [[[6, 0], [9, 0], 0.9839815124279521]], [[[4, 0], [7, 0], 0.1435285344452454], [[5, 0], [8, 0], 0.1435285344452454], [[6, 0], [10, 0], 0.9621319128892878]], [[[3, 0], [7, 0], 0.17556047163299604], [[6, 0], [11, 0], 0.7393508504086542], [[6, 0], [12, 0], -0.6310362336664987]], [[[3, 0], [8, 0], 0.17556047163299604], [[6, 0], [11, 0], 0.6310362336664987], [[6, 0], [12, 0], 0.7393508504086542]], [[[3, 0], [7, 0], 0.27155728824688175], [[4, 0], [9, 0], 0.8333536258995937], [[5, 0], [9, 0], -0.47562830529731936]], [[[6, 0], [7, 0], -0.30455089065704605], [[6, 0], [8, 0], 0.9500403869309979]], [[[4, 0], [7, 0], 0.529736116193714], [[4, 0], [8, 0], -0.4663086379212807], [[5, 0], [7, 0], -0.4663086379212807], [[5, 0], [8, 0], -0.529736116193714]], [[[6, 0], [7, 0], 0.9500403869309979], [[6, 0], [8, 0], 0.30455089065704605]], [[[4, 0], [7, 0], 0.7059046996585304], [[5, 0], [8, 0], 0.7059046996585304]], [[[4, 0], [8, 0], 0.7059046996585304], [[5, 0], [7, 0], -0.7059046996585304]], [[[4, 0], [11, 0], 0.14618725594250684], [[5, 0], [12, 0], 0.14618725594250684], [[6, 0], [9, 0], 0.976472038411751]], [[[3, 0], [9, 0], 0.22043346796709434], [[4, 0], [7, 0], 0.35383623330574837], [[4, 0], [8, 0], 0.40197606296892857], [[5, 0], [7, 0], 0.40197606296892857], [[5, 0], [8, 0], -0.35383623330574837], [[6, 0], [10, 0], 0.5592083268335692]], [[[4, 0], [9, 0], -0.9344274692023988], [[5, 0], [9, 0], 0.3363989800816881]], [[[4, 0], [9, 0], 0.3363989800816881], [[5, 0], [9, 0], 0.9344274692023988]], [[[4, 0], [7, 0], -0.23922836621103277], [[4, 0], [8, 0], -0.27175527814561395], [[5, 0], [7, 0], -0.27175527814561395], [[5, 0], [8, 0], 0.23922836621103277], [[6, 0], [10, 0], 0.825716872662779]], [[[6, 0], [7, 0], 0.9949416675363436]], [[[4, 0], [7, 0], 0.5065288716351715], [[4, 0], [8, 0], -0.49216046184146084], [[5, 0], [7, 0], 0.49216046184146084], [[5, 0], [8, 0], 0.5065288716351715]], [[[4, 0], [7, 0], -0.49216046184146084], [[4, 0], [8, 0], -0.5065288716351715], [[5, 0], [7, 0], 0.5065288716351715], [[5, 0], [8, 0], -0.49216046184146084]], [[[6, 0], [8, 0], -0.9949416675363436]], [[[4, 0], [7, 0], -0.7063289637272424], [[5, 0], [8, 0], 0.7063289637272424]], [[[3, 0], [9, 0], 0.1936058366888767], [[4, 0], [8, 0], 0.6572416109772722], [[4, 0], [14, 0], 0.1944967912331718], [[5, 0], [7, 0], 0.6572416109772722], [[5, 0], [15, 0], 0.1944967912331718], [[6, 0], [17, 0], -0.19957381792209117]], [[[4, 0], [9, 0], 0.8986478660743595], [[5, 0], [9, 0], -0.4278985975672274]], [[[4, 0], [9, 0], 0.4278985975672274], [[5, 0], [9, 0], 0.8986478660743595]], [[[4, 0], [12, 0], 0.1604283865156039], [[5, 0], [11, 0], 0.1604283865156039], [[6, 0], [9, 0], 0.971479864536574]], [[[6, 0], [10, 0], 0.9947295355019876]], [[[6, 0], [7, 0], 0.5057934805827375], [[6, 0], [8, 0], 0.8603651049409199]], [[[4, 0], [8, 0], 0.7062158266422525], [[5, 0], [7, 0], 0.7062158266422525]], [[[4, 0], [7, 0], -0.7062158266422525], [[5, 0], [8, 0], 0.7062158266422525]], [[[4, 0], [7, 0], -0.23197345063605881], [[4, 0], [8, 0], -0.6671835323207551], [[5, 0], [7, 0], 0.6671835323207551], [[5, 0], [8, 0], -0.23197345063605881]], [[[6, 0], [7, 0], -0.8603651049409199], [[6, 0], [8, 0], 0.5057934805827375]], [[[3, 0], [9, 0], 0.19490691316625997], [[4, 0], [7, 0], 0.6202740684568395], [[4, 0], [8, 0], -0.215667568261897], [[4, 0], [15, 0], 0.1839043316509973], [[5, 0], [7, 0], 0.215667568261897], [[5, 0], [8, 0], 0.6202740684568395], [[5, 0], [14, 0], 0.1839043316509973], [[6, 0], [17, 0], -0.1980323251391045]], [[[5, 0], [9, 0], 0.9951962259775707]], [[[4, 0], [9, 0], 0.9951962259775707]], [[[4, 0], [12, 0], 0.16107892475429553], [[5, 0], [11, 0], 0.16107892475429553], [[6, 0], [9, 0], 0.971635428028435]], [[[6, 0], [10, 0], 0.994291129297652]]], "et_energies": [76093.571049576, 76093.571049576, 76864.6370837, 81020.81205633699, 81020.81205633699, 105534.420816934, 106974.927027128, 108691.27485204, 108691.27485204, 110335.839332771, 67375.524226515, 64191.247340823, 67375.524226515, 68689.401391356, 68689.401391356, 104031.80991570701, 104626.24052988, 104927.08533189699, 104927.08533189699, 106845.87831848799, 63284.680162627, 63050.779378217005, 63050.779378217005, 63284.680162627, 58393.734105170995, 100285.364593002, 102408.21585012999, 102408.21585012999, 103226.062041136, 105388.434465285, 63398.404337116, 63207.250937443, 63207.250937443, 58553.43188211299, 63398.404337116, 100428.93128136398, 102478.386085453, 102478.386085453, 103249.45211957699, 105415.857315871], "et_sym": ["Singlet-?Sym", "Singlet-?Sym", "Singlet-?Sym", "Singlet-?Sym", "Singlet-?Sym", "Singlet-?Sym", "Singlet-?Sym", "Singlet-?Sym", "Singlet-?Sym", "Singlet-?Sym", "Singlet-?Sym", "Singlet-?Sym", "Singlet-?Sym", "Singlet-?Sym", "Singlet-?Sym", "Singlet-?Sym", "Singlet-?Sym", "Singlet-?Sym", "Singlet-?Sym", "Singlet-?Sym", "Singlet-?Sym", "Singlet-?Sym", "Singlet-?Sym", "Singlet-?Sym", "Singlet-?Sym", "Singlet-?Sym", "Singlet-?Sym", "Singlet-?Sym", "Singlet-?Sym", "Singlet-?Sym", "Singlet-?Sym", "Singlet-?Sym", "Singlet-?Sym", "Singlet-?Sym", "Singlet-?Sym", "Singlet-?Sym", "Singlet-?Sym", "Singlet-?Sym", "Singlet-?Sym", "Singlet-?Sym"]}, "freq": {}, "wavefunction": {"Mulliken_partial_charges": [0.0, 0.0], "MO_number": 78, "homo_indexes": [6], "SCF_values": [3.58e-09, 7.88e-08, -1.25e-12], "MO_number_kept": 37, "total_molecular_energy": -109.40952195,