{"molecule": {"atoms_masses": [15.9949146, 15.9949146], "nb_atoms": 2, "starting_geometry": [[1.904369, 0.0, 0.0], [3.095631, 0.0, 0.0]], "atoms_Z": [8, 8], "atoms_Zeff": [-5.6, -5.6], "multiplicity": 1, "chirality": false, "nuclear_spins": [0.0, 0.0], "nuclear_QMom": [0.0, 0.0], "connectivity": {"bond_orders": [2, 2], "atom_pairs": [[0, 1], [1, 0]]}, "charge": 0, "can": "O=O", "smi": "O=O", "starting_nuclear_repulsion": 28.42985, "inchi": "InChI=1S/O2/c1-2", "formula": "O2", "nuclear_gfactors": [0.0, 0.0], "starting_energy": -150.159680307, "nb_heavy_atoms": 2, "atoms_valence": [1, 1], "monoisotopic_mass": 31.98982924}, "results": {"geometry": {"geometric_values": [[0.001406, 0.001406, 0.000643, 0.000909], [0.000247, 0.000247, 9e-05, 0.000128]], "nuclear_repulsion_energy_from_xyz": 28.41363, "elements_3D_coords_converged": [1.904029, 0.0, 0.0, 3.095971, 0.0, 0.0], "OPT_DONE": true}, "excited_states": {"et_oscs": [-0.0, 0.0, 0.0, 0.0, 0.0, 0.0, 0.0, 0.0, 0.0, 0.0, -0.0, 0.0, 0.0, 0.0, 0.0, 0.0, 0.0, 0.0, 0.0, 0.0], "et_rot": [0.0, 0.0, 0.0, 0.0, 0.0, 0.0, 0.0, 0.0, 0.0, 0.0], "et_transitions": [[[[7, 0], [8, 0], -1.0235512079031512]], [[[5, 0], [8, 0], 1.0590621104543398]], [[[6, 0], [8, 0], 0.9934567432958519]], [[[4, 0], [8, 0], 1.0021965831113175]], [[[7, 0], [9, 0], 0.9957336271312726]], [[[7, 0], [10, 0], 0.9559800838929648], [[7, 0], [16, 0], 0.2803678387404661]], [[[7, 0], [12, 0], 0.9974589676773677]], [[[7, 0], [11, 0], 0.9931739005833773]], [[[7, 0], [13, 0], 0.9960447541149946]], [[[7, 0], [10, 0], -0.2828285703389953], [[7, 0], [16, 0], 0.9505777880846996]], [[[7, 0], [8, 0], 1.0235512079031512]], [[[5, 0], [8, 0], 1.059571227336794]], [[[6, 0], [8, 0], 0.9935133118383469]], [[[4, 0], [8, 0], 1.0022107252469414]], [[[7, 0], [9, 0], 0.9957336271312726]], [[[7, 0], [10, 0], 0.9553012613830257], [[7, 0], [16, 0], 0.28296999169523257]], [[[7, 0], [12, 0], 0.9974589676773677]], [[[7, 0], [11, 0], 0.9932163269902484]], [[[7, 0], [13, 0], 0.9960306119793709]], [[[7, 0], [10, 0], -0.2851337384456634], [[7, 0], [16, 0], 0.9501818082872352]]], "et_energies": [-13633.996067815999, 30179.653624322, 46288.15868031, 47345.551536729, 63243.545886748, 63486.318769877, 74633.707533086, 75237.010245978, 89115.392305781, 90029.218473838, -13633.996067815999, 30044.15248025, 46187.339376685, 47272.15508369, 63293.552261346, 63461.315582578, 74688.553234258, 75291.85594715, 89167.011789237, 89929.205724642], "et_sym": ["Triplet-?Sym", "Triplet-?Sym", "Triplet-?Sym", "Triplet-?Sym", "Triplet-?Sym", "Triplet-?Sym", "Triplet-?Sym", "Triplet-?Sym", "Triplet-?Sym", "Triplet-?Sym", "Triplet-?Sym", "Triplet-?Sym", "Triplet-?Sym", "Triplet-?Sym", "Triplet-?Sym", "Triplet-?Sym", "Triplet-?Sym", "Triplet-?Sym", "Triplet-?Sym", "Triplet-?Sym"]}, "freq": {}, "wavefunction": {"Mulliken_partial_charges": [0.0, 0.0], "MO_number": 78, "homo_indexes": [7], "SCF_values": [9.43e-10, 1.18e-08, -3.98e-13], "MO_number_kept": 38, "total_molecular_energy": -150.159679574, "MO_energies": [[-526.9318725483695, -526.923437019004, -36.356043109903, -22.516332673473, -15.3284453125155, -14.9273494968785, -14.866123880516001, -7.310882821383501, -4.724440672381, 2.6414091468035004, 2.8193716050304998, 3.8501388707245003, 4.0281013289515, 5.560374421117, 6.0700436631035, 6.0771186232165, 8.009943303318, 9.342212715366001, 17.2702497496835, 17.2746035712915, 22.590891868510003, 22.747085218697002, 22.7484457879495, 23.1713107116265, 25.950953694484, 26.059255006982998, 26.081568342724, 26.4791266783045, 27.729489821352, 27.968405782091, 28.920532144990503, 33.4163971829515, 37.3794633016335, 37.821920422546505, 48.194628289756004, 61.1769079832605, 76.87406756320351, 77.7132666781455]], "virial_ratio": [2.0024, 2.0024]}}, "comp_details": {"geometry": {"geometric_targets": [0.00045, 0.0003, 0.0018, 0.0012]}, "excited_states": {"nb_et_states": 20}, "freq": {}, "general": {"scf_targets": [[1e-08, 1e-06, 1e-06], [1e-08, 1e-06, 1e-06]], "list_theory": ["DFT"], "solvent": "Gas", "package": "Gaussian", "integration_grid": "Default", "package_version": "09revisionD.01", "basis_set_size": 78, "job_type": ["OPT_ES"], "functional": "PBE1PBE", "is_closed_shell": "True", "core_electrons_per_atoms": [0, 0], "basis_set_md5": "6212aced3df8bb15ba8ffaa4973f1b41", "basis_set": "(lp0\n(lp1\n(VS\np2\n(lp3\n(F8588.5\nF0.001895150083\ntp4\na(F1297.23\nF0.01438590063\ntp5\na(F299.296\nF0.0707320031\ntp6\na(F87.3771\nF0.2400010105\ntp7\na(F25.6789\nF0.5947970261\ntp8\na(F3.74004\nF0.2808020123\ntp9\natp10\na(g2\n(lp11\n(F42.1175\nF0.1138890124\ntp12\na(F9.62837\nF0.9208111006\ntp13\na(F2.85332\nF-0.003274470358\ntp14\natp15\na(VP\np16\n(lp17\n(F42.1175\nF0.03651139738\ntp18\na(F9.62837\nF0.237152983\ntp19\na(F2.85332\nF0.8197019412\ntp20\natp21\na(g2\n(lp22\n(F0.905661\nF1.0\ntp23\natp24\na(g16\n(lp25\n(F0.905661\nF1.0\ntp26\natp27\na(g2\n(lp28\n(F0.255611\nF1.0\ntp29\natp30\na(g16\n(lp31\n(F0.255611\nF1.0\ntp32\natp33\na(g2\n(lp34\n(F0.0845\nF1.0\ntp35\natp36\na(g16\n(lp37\n(F0.0845\nF1.0\ntp38\natp39\na(VD\np40\n(lp41\n(F5.168\nF1.0\ntp42\natp43\na(g40\n(lp44\n(F1.292\nF1.0\ntp45\natp46\na(g40\n(lp47\n(F0.323\nF1.0\ntp48\natp49\na(VF\np50\n(lp51\n(F1.4\nF1.0\ntp52\natp53\naa(lp54\n(g2\n(lp55\n(F8588.5\nF0.001895150083\ntp56\na(F1297.23\nF0.01438590063\ntp57\na(F299.296\nF0.0707320031\ntp58\na(F87.3771\nF0.2400010105\ntp59\na(F25.6789\nF0.5947970261\ntp60\na(F3.74004\nF0.2808020123\ntp61\natp62\na(g2\n(lp63\n(F42.1175\nF0.1138890124\ntp64\na(F9.62837\nF0.9208111006\ntp65\na(F2.85332\nF-0.003274470358\ntp66\natp67\na(g16\n(lp68\n(F42.1175\nF0.03651139738\ntp69\na(F9.62837\nF0.237152983\ntp70\na(F2.85332\nF0.8197019412\ntp71\natp72\na(g2\n(lp73\n(F0.905661\nF1.0\ntp74\natp75\na(g16\n(lp76\n(F0.905661\nF1.0\ntp77\natp78\na(g2\n(lp79\n(F0.255611\nF1.0\ntp80\natp81\na(g16\n(lp82\n(F0.255611\nF1.0\ntp83\natp84\na(g2\n(lp85\n(F0.0845\nF1.0\ntp86\natp87\na(g16\n(lp88\n(F0.0845\nF1.0\ntp89\natp90\na(g40\n(lp91\n(F5.168\nF1.0\ntp92\natp93\na(g40\n(lp94\n(F1.292\nF1.0\ntp95\natp96\na(g40\n(lp97\n(F0.323\nF1.0\ntp98\natp99\na(g50\n(lp100\n(F1.4\nF1.0\ntp101\natp102\naa.", "last_theory": "DFT", "all_unique_theory": ["DFT"]}}, "metadata": {"archivable_for_new_entry": "False", "archivable": "True", "parser_version": "v7.1", "log_file": "OPT_ET1.log"}}
