{"molecule": {"atoms_masses": [14.003074, 12.0, 1.007825], "nb_atoms": 3, "starting_geometry": [[-0.571217, 0.0, 0.0], [0.574171, 0.0, 0.0], [1.642045, 0.0, 0.0]], "atoms_Z": [7, 6, 1], "atoms_Zeff": [-4.55, -3.6, -1.0], "multiplicity": 1, "chirality": false, "nuclear_spins": [2.0, 0.0, 1.0], "nuclear_QMom": [2.044, 0.0, 0.0], "connectivity": {"bond_orders": [1, 1, 1, 1], "atom_pairs": [[0, 1], [1, 0], [1, 2], [2, 1]]}, "charge": 0, "can": "[CH][N]", "smi": "[N][CH]", "starting_nuclear_repulsion": 24.05118, "inchi": "InChI=1S/CHN/c1-2/h1H", "formula": "CHN", "nuclear_gfactors": [0.403761, 0.0, 2.792846], "starting_energy": -93.3415115373, "nb_heavy_atoms": 2, "atoms_valence": [1, 2, 1], "monoisotopic_mass": 27.010899037}, "results": {"geometry": {"geometric_values": [[0.293904, 0.146955, 0.134767, 0.082542], [0.063, 0.031512, 0.062033, 0.038024], [0.002166, 0.001168, 0.001876, 0.001229], [6e-05, 3e-05, 9.8e-05, 6.6e-05]], "nuclear_repulsion_energy_from_xyz": 21.63381, "elements_3D_coords_converged": [-0.674536, -1e-06, 1e-06, 0.625145, 1e-06, -1e-06, 1.694392, -1e-06, 1e-06], "OPT_DONE": true}, "excited_states": {"et_oscs": [0.0, 0.0, 0.0, 0.0134, 0.0134, 0.015, 0.015, 0.0882, 0.0882, 0.0001, 0.0, 0.0, 0.0, 0.0119, 0.0119, 0.012, 0.012, 0.1011, 0.1011, 0.1397, 0.0, 0.0, 0.0, 0.0106, 0.0106, 0.008, 0.008, 0.1083, 0.1083, 0.2018, 0.0, 0.0, 0.0, 0.0107, 0.0107, 0.0077, 0.0077, 0.1084, 0.1084, 0.1985], "et_rot": [0.0, 0.0, 0.0, 0.0, 0.0, 0.0, 0.0, 0.0, 0.0, 0.0], "et_transitions": [[[[5, 0], [7, 0], 0.5581052402549183], [[5, 0], [8, 0], 0.4094996791207534], [[6, 0], [7, 0], -0.4094996791207534], [[6, 0], [8, 0], 0.5581052402549183]], [[[5, 0], [7, 0], -0.15793937064582728], [[5, 0], [8, 0], 0.679176063329679], [[6, 0], [7, 0], 0.679176063329679], [[6, 0], [8, 0], 0.15793937064582728]], [[[5, 0], [7, 0], 0.679176063329679], [[5, 0], [8, 0], 0.15793937064582728], [[6, 0], [7, 0], 0.15793937064582728], [[6, 0], [8, 0], -0.679176063329679]], [[[4, 0], [7, 0], 0.9810823746250872]], [[[4, 0], [8, 0], 0.9810823746250872]], [[[5, 0], [9, 0], -0.5386032352297934], [[6, 0], [9, 0], 0.834131443358899]], [[[5, 0], [9, 0], 0.834131443358899], [[6, 0], [9, 0], 0.5386032352297934]], [[[5, 0], [10, 0], 0.8805317903403602], [[6, 0], [10, 0], -0.45725767112209287]], [[[5, 0], [10, 0], 0.45725767112209287], [[6, 0], [10, 0], 0.8805317903403602]], [[[4, 0], [9, 0], 0.9583276784065042]], [[[5, 0], [7, 0], -0.7018883331413908], [[6, 0], [8, 0], 0.7018883331413908]], [[[5, 0], [7, 0], 0.7025388713800824], [[6, 0], [8, 0], 0.7025388713800824]], [[[5, 0], [8, 0], 0.7025388713800824], [[6, 0], [7, 0], -0.7025388713800824]], [[[4, 0], [7, 0], 0.8298039498580372], [[4, 0], [8, 0], 0.544401510835523]], [[[4, 0], [7, 0], -0.544401510835523], [[4, 0], [8, 0], 0.8298039498580372]], [[[5, 0], [9, 0], 0.39859609255485684], [[6, 0], [9, 0], 0.9077412592804186]], [[[5, 0], [9, 0], 0.9077412592804186], [[6, 0], [9, 0], -0.39859609255485684]], [[[5, 0], [10, 0], -0.18362148893852268], [[6, 0], [10, 0], -0.974265865254449]], [[[5, 0], [10, 0], -0.974265865254449], [[6, 0], [10, 0], 0.18362148893852268]], [[[4, 0], [9, 0], 0.4899542886841588], [[4, 0], [10, 0], 0.17274618664387356], [[4, 0], [13, 0], 0.14437706258266927], [[4, 0], [14, 0], 0.14596098177252714], [[5, 0], [8, 0], -0.5137413608032743], [[5, 0], [12, 0], -0.26537717497931135], [[6, 0], [7, 0], -0.5137413608032743], [[6, 0], [11, 0], -0.26537717497931135]], [[[5, 0], [8, 0], 0.7039106585355844], [[6, 0], [7, 0], -0.7039106585355844]], [[[5, 0], [7, 0], -0.7044763439605336], [[6, 0], [8, 0], 0.7044763439605336]], [[[5, 0], [8, 0], 0.7044763439605336], [[6, 0], [7, 0], 0.7044763439605336]], [[[4, 0], [8, 0], 0.9925516466159331]], [[[4, 0], [7, 0], 0.9925516466159331]], [[[6, 0], [9, 0], 0.9832461213755181]], [[[5, 0], [9, 0], 0.9832461213755181]], [[[6, 0], [10, 0], -0.9829208522561723]], [[[5, 0], [10, 0], -0.9829208522561723]], [[[4, 0], [9, 0], 0.3449408299984216], [[4, 0], [10, 0], 0.21101480564168953], [[4, 0], [13, 0], 0.17493821766555187], [[5, 0], [7, 0], -0.5700412027213472], [[5, 0], [11, 0], -0.24216993042076881], [[6, 0], [8, 0], -0.5700412027213472], [[6, 0], [12, 0], -0.24216993042076881]], [[[5, 0], [8, 0], 0.7038399478574657], [[6, 0], [7, 0], -0.7038399478574657]], [[[5, 0], [8, 0], 0.7042076433836827], [[6, 0], [7, 0], 0.7042076433836827]], [[[5, 0], [7, 0], -0.7042076433836827], [[6, 0], [8, 0], 0.7042076433836827]], [[[4, 0], [7, 0], 0.9928769157352789]], [[[4, 0], [8, 0], 0.9928769157352789]], [[[5, 0], [9, 0], -0.4996840779932857], [[6, 0], [9, 0], 0.8516818336679491]], [[[5, 0], [9, 0], 0.8516818336679491], [[6, 0], [9, 0], 0.4996840779932857]], [[[5, 0], [10, 0], -0.9696131026342415], [[6, 0], [10, 0], -0.1910743944122289]], [[[5, 0], [10, 0], 0.1910743944122289], [[6, 0], [10, 0], -0.9696131026342415]], [[[4, 0], [9, 0], 0.3509229533672598], [[4, 0], [10, 0], 0.21054811516610641], [[4, 0], [13, 0], 0.17551804522612482], [[5, 0], [7, 0], -0.5680047351915299], [[5, 0], [11, 0], -0.24310331137193505], [[6, 0], [8, 0], -0.5680047351915299], [[6, 0], [12, 0], -0.24310331137193505]]], "et_energies": [63445.184493998, 66339.908339679, 66339.908339679, 74201.394359142, 74201.394359142, 76079.859624283, 76079.859624283, 81299.879888771, 81299.879888771, 81537.813445326, 51125.872145452, 54544.856369983, 54544.856369983, 68324.838789448, 68324.838789448, 71031.635453172, 71031.635453172, 75581.408987161, 75581.408987161, 79631.925329599, 46225.247434848, 49840.224385626, 49840.224385626, 65703.536895198, 65703.536895198, 68928.94805676899, 68928.94805676899, 73167.391581164, 73167.391581164, 76721.070395338, 46405.915626944, 50012.827033432, 50012.827033432, 65800.323426678, 65800.323426678, 68975.728213651, 68975.728213651, 73234.335598771, 73234.335598771, 76817.856926818], "et_sym": ["Singlet-?Sym", "Singlet-?Sym", "Singlet-?Sym", "Singlet-?Sym", "Singlet-?Sym", "Singlet-?Sym", "Singlet-?Sym", "Singlet-?Sym", "Singlet-?Sym", "Singlet-?Sym", "Singlet-?Sym", "Singlet-?Sym", "Singlet-?Sym", "Singlet-?Sym", "Singlet-?Sym", "Singlet-?Sym", "Singlet-?Sym", "Singlet-?Sym", "Singlet-?Sym", "Singlet-?Sym", "Singlet-?Sym", "Singlet-?Sym", "Singlet-?Sym", "Singlet-?Sym", "Singlet-?Sym", "Singlet-?Sym", "Singlet-?Sym", "Singlet-?Sym", "Singlet-?Sym", "Singlet-?Sym", "Singlet-?Sym", "Singlet-?Sym", "Singlet-?Sym", "Singlet-?Sym", "Singlet-?Sym", "Singlet-?Sym", "Singlet-?Sym", "Singlet-?Sym", "Singlet-?Sym", "Singlet-?Sym"]}, "freq": {}, "wavefunction": {"Mulliken_partial_charges": [-0.626819, 0.526949, 0.09987], "MO_number": 96, "homo_indexes": [6], "SCF_values": [3.27e-09, 6.09e-08, -4.75e-12], "MO_number_kept": 37, "total_molecular_energy": -93.300647775, "MO_energies": [[-393.19825535393846, -280.8500656703025, -24.564805740037, -17.500458067206498, -11.319391953099, -9.6570484403945, -9.6570484403945, -1.1409733751465, -1.1409733751465, 0.06476309641900001, 0.8201511454070001, 2.0128261521485, 2.0128261521485, 3.0308040668690004, 3.283325720133, 4.8487967020594995, 4.8487967020594995, 5.0463513575225, 6.4580780139165, 8.926966979503002, 8.9272390933535, 9.0709152064175, 10.434477711273, 10.434477711273, 14.493872133032001, 14.828844282997501, 14.828844282997501, 15.4645022377655, 17.031333788944497, 17.662910035955, 17.662910035955, 18.277343110384003, 18.277343110384003, 20.8126278554925, 20.8126278554925, 22.254559149292, 25.220872233592498]], "virial_ratio": [2.0037, 2.0084, 2.0098, 2.0098]}}, "comp_details": {"geometry": {"geometric_targets": [0.00045, 0.0003, 0.0018, 0.0012]}, "excited_states": {"nb_et_states": 40}, "freq": {}, "general": {"scf_targets": [[1e-08, 1e-06, 1e-06], [1e-08, 1e-06, 1e-06], [1e-08, 1e-06, 1e-06], [1e-08, 1e-06, 1e-06]], "list_theory": ["DFT"], "solvent": "Gas", "package": "Gaussian", "integration_grid": "Default", "package_version": "09revisionD.01", "basis_set_size": 96, "job_type": ["OPT_ES"], "functional": "PBE1PBE", "is_closed_shell": "True", "core_electrons_per_atoms": [0, 0, 0],